#K-Path          Energy     s    py    pz    px    dxy    dyz    dz2    dxz    dx2-y2    tot
# NKPTS & NBANDS: 180  14
# Band-Index:    1
   0.00000    -56.994631  0.993  0.000  0.000  0.000  0.000  0.000  0.000  0.000  0.000  0.993
   0.06296    -56.994266  0.993  0.000  0.000  0.000  0.000  0.000  0.000  0.000  0.000  0.993
   0.12592    -56.993175  0.993  0.000  0.000  0.000  0.000  0.000  0.000  0.000  0.000  0.993
   0.18887    -56.991399  0.993  0.000  0.000  0.000  0.000  0.000  0.000  0.000  0.000  0.993
   0.25183    -56.988993  0.993  0.000  0.000  0.000  0.000  0.000  0.000  0.000  0.000  0.993
   0.31479    -56.986002  0.993  0.000  0.000  0.000  0.000  0.000  0.000  0.000  0.000  0.993
   0.37775    -56.982512  0.993  0.000  0.000  0.000  0.000  0.000  0.000  0.000  0.000  0.993
   0.44070    -56.978622  0.993  0.000  0.000  0.000  0.000  0.000  0.000  0.000  0.000  0.993
   0.50366    -56.974425  0.993  0.000  0.000  0.000  0.000  0.000  0.000  0.000  0.000  0.993
   0.56662    -56.970050  0.994  0.000  0.000  0.000  0.000  0.000  0.000  0.000  0.000  0.994
   0.62958    -56.965613  0.994  0.000  0.000  0.000  0.000  0.000  0.000  0.000  0.000  0.994
   0.69253    -56.961250  0.994  0.000  0.000  0.000  0.000  0.000  0.000  0.000  0.000  0.994
   0.75549    -56.957048  0.994  0.000  0.000  0.000  0.000  0.000  0.000  0.000  0.000  0.994
   0.81845    -56.953135  0.994  0.000  0.000  0.000  0.000  0.000  0.000  0.000  0.000  0.994
   0.88141    -56.949620  0.994  0.000  0.000  0.000  0.000  0.000  0.000  0.000  0.000  0.994
   0.94436    -56.946586  0.994  0.000  0.000  0.000  0.000  0.000  0.000  0.000  0.000  0.994
   1.00732    -56.944145  0.994  0.000  0.000  0.000  0.000  0.000  0.000  0.000  0.000  0.994
   1.07028    -56.942349  0.995  0.000  0.000  0.000  0.000  0.000  0.000  0.000  0.000  0.995
   1.13324    -56.941251  0.995  0.000  0.000  0.000  0.000  0.000  0.000  0.000  0.000  0.995
   1.19619    -56.940901  0.995  0.000  0.000  0.000  0.000  0.000  0.000  0.000  0.000  0.995
   1.19619    -56.940901  0.995  0.000  0.000  0.000  0.000  0.000  0.000  0.000  0.000  0.995
   1.23254    -56.940855  0.995  0.000  0.000  0.000  0.000  0.000  0.000  0.000  0.000  0.995
   1.26889    -56.940730  0.995  0.000  0.000  0.000  0.000  0.000  0.000  0.000  0.000  0.995
   1.30524    -56.940528  0.995  0.000  0.000  0.000  0.000  0.000  0.000  0.000  0.000  0.995
   1.34159    -56.940254  0.995  0.000  0.000  0.000  0.000  0.000  0.000  0.000  0.000  0.995
   1.37794    -56.939913  0.995  0.000  0.000  0.000  0.000  0.000  0.000  0.000  0.000  0.995
   1.41429    -56.939515  0.995  0.000  0.000  0.000  0.000  0.000  0.000  0.000  0.000  0.995
   1.45063    -56.939071  0.995  0.000  0.000  0.000  0.000  0.000  0.000  0.000  0.000  0.995
   1.48698    -56.938570  0.995  0.000  0.000  0.000  0.000  0.000  0.000  0.000  0.000  0.995
   1.52333    -56.938045  0.995  0.000  0.000  0.000  0.000  0.000  0.000  0.000  0.000  0.995
   1.55968    -56.937501  0.995  0.000  0.000  0.000  0.000  0.000  0.000  0.000  0.000  0.995
   1.59603    -56.936946  0.995  0.000  0.000  0.000  0.000  0.000  0.000  0.000  0.000  0.995
   1.63238    -56.936404  0.995  0.000  0.000  0.000  0.000  0.000  0.000  0.000  0.000  0.995
   1.66873    -56.935898  0.995  0.000  0.000  0.000  0.000  0.000  0.000  0.000  0.000  0.995
   1.70507    -56.935426  0.995  0.000  0.000  0.000  0.000  0.000  0.000  0.000  0.000  0.995
   1.74142    -56.934998  0.995  0.000  0.000  0.000  0.000  0.000  0.000  0.000  0.000  0.995
   1.77777    -56.934646  0.995  0.000  0.000  0.000  0.000  0.000  0.000  0.000  0.000  0.995
   1.81412    -56.934377  0.995  0.000  0.000  0.000  0.000  0.000  0.000  0.000  0.000  0.995
   1.85047    -56.934198  0.995  0.000  0.000  0.000  0.000  0.000  0.000  0.000  0.000  0.995
   1.88682    -56.934124  0.995  0.000  0.000  0.000  0.000  0.000  0.000  0.000  0.000  0.995
   1.88682    -56.934124  0.995  0.000  0.000  0.000  0.000  0.000  0.000  0.000  0.000  0.995
   1.95951    -56.934402  0.995  0.000  0.000  0.000  0.000  0.000  0.000  0.000  0.000  0.995
   2.03221    -56.935248  0.995  0.000  0.000  0.000  0.000  0.000  0.000  0.000  0.000  0.995
   2.10491    -56.936714  0.995  0.000  0.000  0.000  0.000  0.000  0.000  0.000  0.000  0.995
   2.17761    -56.938854  0.995  0.000  0.000  0.000  0.000  0.000  0.000  0.000  0.000  0.995
   2.25030    -56.941664  0.995  0.000  0.000  0.000  0.000  0.000  0.000  0.000  0.000  0.995
   2.32300    -56.945117  0.994  0.000  0.000  0.000  0.000  0.000  0.000  0.000  0.000  0.994
   2.39570    -56.949151  0.994  0.000  0.000  0.000  0.000  0.000  0.000  0.000  0.000  0.994
   2.46839    -56.953688  0.994  0.000  0.000  0.000  0.000  0.000  0.000  0.000  0.000  0.994
   2.54109    -56.958577  0.994  0.000  0.000  0.000  0.000  0.000  0.000  0.000  0.000  0.994
   2.61379    -56.963706  0.994  0.000  0.000  0.000  0.000  0.000  0.000  0.000  0.000  0.994
   2.68649    -56.968911  0.994  0.000  0.000  0.000  0.000  0.000  0.000  0.000  0.000  0.994
   2.75918    -56.974032  0.993  0.000  0.000  0.000  0.000  0.000  0.000  0.000  0.000  0.993
   2.83188    -56.978886  0.993  0.000  0.000  0.000  0.000  0.000  0.000  0.000  0.000  0.993
   2.90458    -56.983331  0.993  0.000  0.000  0.000  0.000  0.000  0.000  0.000  0.000  0.993
   2.97727    -56.987205  0.993  0.000  0.000  0.000  0.000  0.000  0.000  0.000  0.000  0.993
   3.04997    -56.990356  0.993  0.000  0.000  0.000  0.000  0.000  0.000  0.000  0.000  0.993
   3.12267    -56.992700  0.993  0.000  0.000  0.000  0.000  0.000  0.000  0.000  0.000  0.993
   3.19537    -56.994145  0.993  0.000  0.000  0.000  0.000  0.000  0.000  0.000  0.000  0.993
   3.26806    -56.994631  0.993  0.000  0.000  0.000  0.000  0.000  0.000  0.000  0.000  0.993
   3.26806    -56.994631  0.993  0.000  0.000  0.000  0.000  0.000  0.000  0.000  0.000  0.993
   3.31933    -56.994529  0.993  0.000  0.000  0.000  0.000  0.000  0.000  0.000  0.000  0.993
   3.37060    -56.994228  0.993  0.000  0.000  0.000  0.000  0.000  0.000  0.000  0.000  0.993
   3.42187    -56.993727  0.993  0.000  0.000  0.000  0.000  0.000  0.000  0.000  0.000  0.993
   3.47314    -56.993076  0.993  0.000  0.000  0.000  0.000  0.000  0.000  0.000  0.000  0.993
   3.52442    -56.992269  0.993  0.000  0.000  0.000  0.000  0.000  0.000  0.000  0.000  0.993
   3.57569    -56.991308  0.993  0.000  0.000  0.000  0.000  0.000  0.000  0.000  0.000  0.993
   3.62696    -56.990235  0.993  0.000  0.000  0.000  0.000  0.000  0.000  0.000  0.000  0.993
   3.67823    -56.989080  0.993  0.000  0.000  0.000  0.000  0.000  0.000  0.000  0.000  0.993
   3.72950    -56.987866  0.993  0.000  0.000  0.000  0.000  0.000  0.000  0.000  0.000  0.993
   3.78077    -56.986655  0.993  0.000  0.000  0.000  0.000  0.000  0.000  0.000  0.000  0.993
   3.83204    -56.985450  0.993  0.000  0.000  0.000  0.000  0.000  0.000  0.000  0.000  0.993
   3.88331    -56.984314  0.993  0.000  0.000  0.000  0.000  0.000  0.000  0.000  0.000  0.993
   3.93458    -56.983239  0.993  0.000  0.000  0.000  0.000  0.000  0.000  0.000  0.000  0.993
   3.98585    -56.982264  0.993  0.000  0.000  0.000  0.000  0.000  0.000  0.000  0.000  0.993
   4.03712    -56.981436  0.993  0.000  0.000  0.000  0.000  0.000  0.000  0.000  0.000  0.993
   4.08839    -56.980775  0.993  0.000  0.000  0.000  0.000  0.000  0.000  0.000  0.000  0.993
   4.13966    -56.980265  0.993  0.000  0.000  0.000  0.000  0.000  0.000  0.000  0.000  0.993
   4.19093    -56.979964  0.993  0.000  0.000  0.000  0.000  0.000  0.000  0.000  0.000  0.993
   4.24220    -56.979853  0.993  0.000  0.000  0.000  0.000  0.000  0.000  0.000  0.000  0.993
   4.24220    -56.979853  0.993  0.000  0.000  0.000  0.000  0.000  0.000  0.000  0.000  0.993
   4.30516    -56.979492  0.993  0.000  0.000  0.000  0.000  0.000  0.000  0.000  0.000  0.993
   4.36812    -56.978439  0.993  0.000  0.000  0.000  0.000  0.000  0.000  0.000  0.000  0.993
   4.43107    -56.976688  0.993  0.000  0.000  0.000  0.000  0.000  0.000  0.000  0.000  0.993
   4.49403    -56.974307  0.994  0.000  0.000  0.000  0.000  0.000  0.000  0.000  0.000  0.994
   4.55699    -56.971360  0.994  0.000  0.000  0.000  0.000  0.000  0.000  0.000  0.000  0.994
   4.61995    -56.967918  0.994  0.000  0.000  0.000  0.000  0.000  0.000  0.000  0.000  0.994
   4.68290    -56.964076  0.994  0.000  0.000  0.000  0.000  0.000  0.000  0.000  0.000  0.994
   4.74586    -56.959940  0.994  0.000  0.000  0.000  0.000  0.000  0.000  0.000  0.000  0.994
   4.80882    -56.955634  0.994  0.000  0.000  0.000  0.000  0.000  0.000  0.000  0.000  0.994
   4.87178    -56.951260  0.994  0.000  0.000  0.000  0.000  0.000  0.000  0.000  0.000  0.994
   4.93473    -56.946936  0.994  0.000  0.000  0.000  0.000  0.000  0.000  0.000  0.000  0.994
   4.99769    -56.942790  0.995  0.000  0.000  0.000  0.000  0.000  0.000  0.000  0.000  0.995
   5.06065    -56.938931  0.995  0.000  0.000  0.000  0.000  0.000  0.000  0.000  0.000  0.995
   5.12361    -56.935470  0.995  0.000  0.000  0.000  0.000  0.000  0.000  0.000  0.000  0.995
   5.18657    -56.932499  0.995  0.000  0.000  0.000  0.000  0.000  0.000  0.000  0.000  0.995
   5.24952    -56.930101  0.995  0.000  0.000  0.000  0.000  0.000  0.000  0.000  0.000  0.995
   5.31248    -56.928322  0.995  0.000  0.000  0.000  0.000  0.000  0.000  0.000  0.000  0.995
   5.37544    -56.927242  0.995  0.000  0.000  0.000  0.000  0.000  0.000  0.000  0.000  0.995
   5.43840    -56.926890  0.995  0.000  0.000  0.000  0.000  0.000  0.000  0.000  0.000  0.995
   5.43840    -56.926890  0.995  0.000  0.000  0.000  0.000  0.000  0.000  0.000  0.000  0.995
   5.47474    -56.926835  0.995  0.000  0.000  0.000  0.000  0.000  0.000  0.000  0.000  0.995
   5.51109    -56.926717  0.995  0.000  0.000  0.000  0.000  0.000  0.000  0.000  0.000  0.995
   5.54744    -56.926521  0.995  0.000  0.000  0.000  0.000  0.000  0.000  0.000  0.000  0.995
   5.58379    -56.926252  0.995  0.000  0.000  0.000  0.000  0.000  0.000  0.000  0.000  0.995
   5.62014    -56.925909  0.995  0.000  0.000  0.000  0.000  0.000  0.000  0.000  0.000  0.995
   5.65649    -56.925501  0.995  0.000  0.000  0.000  0.000  0.000  0.000  0.000  0.000  0.995
   5.69284    -56.925054  0.995  0.000  0.000  0.000  0.000  0.000  0.000  0.000  0.000  0.995
   5.72918    -56.924579  0.995  0.000  0.000  0.000  0.000  0.000  0.000  0.000  0.000  0.995
   5.76553    -56.924068  0.995  0.000  0.000  0.000  0.000  0.000  0.000  0.000  0.000  0.995
   5.80188    -56.923540  0.995  0.000  0.000  0.000  0.000  0.000  0.000  0.000  0.000  0.995
   5.83823    -56.923014  0.995  0.000  0.000  0.000  0.000  0.000  0.000  0.000  0.000  0.995
   5.87458    -56.922485  0.995  0.000  0.000  0.000  0.000  0.000  0.000  0.000  0.000  0.995
   5.91093    -56.921979  0.995  0.000  0.000  0.000  0.000  0.000  0.000  0.000  0.000  0.995
   5.94728    -56.921513  0.995  0.000  0.000  0.000  0.000  0.000  0.000  0.000  0.000  0.995
   5.98362    -56.921106  0.995  0.000  0.000  0.000  0.000  0.000  0.000  0.000  0.000  0.995
   6.01997    -56.920761  0.995  0.000  0.000  0.000  0.000  0.000  0.000  0.000  0.000  0.995
   6.05632    -56.920504  0.995  0.000  0.000  0.000  0.000  0.000  0.000  0.000  0.000  0.995
   6.09267    -56.920344  0.995  0.000  0.000  0.000  0.000  0.000  0.000  0.000  0.000  0.995
   6.12902    -56.920286  0.995  0.000  0.000  0.000  0.000  0.000  0.000  0.000  0.000  0.995
   6.12902    -56.920286  0.995  0.000  0.000  0.000  0.000  0.000  0.000  0.000  0.000  0.995
   6.20172    -56.920533  0.995  0.000  0.000  0.000  0.000  0.000  0.000  0.000  0.000  0.995
   6.27441    -56.921349  0.995  0.000  0.000  0.000  0.000  0.000  0.000  0.000  0.000  0.995
   6.34711    -56.922793  0.995  0.000  0.000  0.000  0.000  0.000  0.000  0.000  0.000  0.995
   6.41981    -56.924899  0.995  0.000  0.000  0.000  0.000  0.000  0.000  0.000  0.000  0.995
   6.49250    -56.927670  0.995  0.000  0.000  0.000  0.000  0.000  0.000  0.000  0.000  0.995
   6.56520    -56.931074  0.995  0.000  0.000  0.000  0.000  0.000  0.000  0.000  0.000  0.995
   6.63790    -56.935047  0.995  0.000  0.000  0.000  0.000  0.000  0.000  0.000  0.000  0.995
   6.71060    -56.939497  0.995  0.000  0.000  0.000  0.000  0.000  0.000  0.000  0.000  0.995
   6.78329    -56.944327  0.995  0.000  0.000  0.000  0.000  0.000  0.000  0.000  0.000  0.995
   6.85599    -56.949378  0.994  0.000  0.000  0.000  0.000  0.000  0.000  0.000  0.000  0.994
   6.92869    -56.954517  0.994  0.000  0.000  0.000  0.000  0.000  0.000  0.000  0.000  0.994
   7.00138    -56.959569  0.994  0.000  0.000  0.000  0.000  0.000  0.000  0.000  0.000  0.994
   7.07408    -56.964368  0.994  0.000  0.000  0.000  0.000  0.000  0.000  0.000  0.000  0.994
   7.14678    -56.968740  0.994  0.000  0.000  0.000  0.000  0.000  0.000  0.000  0.000  0.994
   7.21948    -56.972551  0.994  0.000  0.000  0.000  0.000  0.000  0.000  0.000  0.000  0.994
   7.29217    -56.975670  0.993  0.000  0.000  0.000  0.000  0.000  0.000  0.000  0.000  0.993
   7.36487    -56.977966  0.993  0.000  0.000  0.000  0.000  0.000  0.000  0.000  0.000  0.993
   7.43757    -56.979380  0.993  0.000  0.000  0.000  0.000  0.000  0.000  0.000  0.000  0.993
   7.51026    -56.979853  0.993  0.000  0.000  0.000  0.000  0.000  0.000  0.000  0.000  0.993
   7.51026    -56.926890  0.995  0.000  0.000  0.000  0.000  0.000  0.000  0.000  0.000  0.995
   7.56153    -56.926969  0.995  0.000  0.000  0.000  0.000  0.000  0.000  0.000  0.000  0.995
   7.61281    -56.927254  0.995  0.000  0.000  0.000  0.000  0.000  0.000  0.000  0.000  0.995
   7.66408    -56.927727  0.995  0.000  0.000  0.000  0.000  0.000  0.000  0.000  0.000  0.995
   7.71535    -56.928363  0.995  0.000  0.000  0.000  0.000  0.000  0.000  0.000  0.000  0.995
   7.76662    -56.929142  0.995  0.000  0.000  0.000  0.000  0.000  0.000  0.000  0.000  0.995
   7.81789    -56.930043  0.995  0.000  0.000  0.000  0.000  0.000  0.000  0.000  0.000  0.995
   7.86916    -56.931062  0.995  0.000  0.000  0.000  0.000  0.000  0.000  0.000  0.000  0.995
   7.92043    -56.932162  0.995  0.000  0.000  0.000  0.000  0.000  0.000  0.000  0.000  0.995
   7.97170    -56.933309  0.995  0.000  0.000  0.000  0.000  0.000  0.000  0.000  0.000  0.995
   8.02297    -56.934464  0.995  0.000  0.000  0.000  0.000  0.000  0.000  0.000  0.000  0.995
   8.07424    -56.935601  0.995  0.000  0.000  0.000  0.000  0.000  0.000  0.000  0.000  0.995
   8.12551    -56.936701  0.995  0.000  0.000  0.000  0.000  0.000  0.000  0.000  0.000  0.995
   8.17678    -56.937723  0.995  0.000  0.000  0.000  0.000  0.000  0.000  0.000  0.000  0.995
   8.22805    -56.938631  0.995  0.000  0.000  0.000  0.000  0.000  0.000  0.000  0.000  0.995
   8.27932    -56.939413  0.995  0.000  0.000  0.000  0.000  0.000  0.000  0.000  0.000  0.995
   8.33059    -56.940044  0.995  0.000  0.000  0.000  0.000  0.000  0.000  0.000  0.000  0.995
   8.38186    -56.940503  0.995  0.000  0.000  0.000  0.000  0.000  0.000  0.000  0.000  0.995
   8.43313    -56.940791  0.995  0.000  0.000  0.000  0.000  0.000  0.000  0.000  0.000  0.995
   8.48440    -56.940901  0.995  0.000  0.000  0.000  0.000  0.000  0.000  0.000  0.000  0.995
   8.48440    -56.920286  0.995  0.000  0.000  0.000  0.000  0.000  0.000  0.000  0.000  0.995
   8.53567    -56.920380  0.995  0.000  0.000  0.000  0.000  0.000  0.000  0.000  0.000  0.995
   8.58694    -56.920648  0.995  0.000  0.000  0.000  0.000  0.000  0.000  0.000  0.000  0.995
   8.63821    -56.921099  0.995  0.000  0.000  0.000  0.000  0.000  0.000  0.000  0.000  0.995
   8.68948    -56.921720  0.995  0.000  0.000  0.000  0.000  0.000  0.000  0.000  0.000  0.995
   8.74075    -56.922499  0.995  0.000  0.000  0.000  0.000  0.000  0.000  0.000  0.000  0.995
   8.79203    -56.923414  0.995  0.000  0.000  0.000  0.000  0.000  0.000  0.000  0.000  0.995
   8.84330    -56.924425  0.995  0.000  0.000  0.000  0.000  0.000  0.000  0.000  0.000  0.995
   8.89457    -56.925510  0.995  0.000  0.000  0.000  0.000  0.000  0.000  0.000  0.000  0.995
   8.94584    -56.926643  0.995  0.000  0.000  0.000  0.000  0.000  0.000  0.000  0.000  0.995
   8.99711    -56.927791  0.995  0.000  0.000  0.000  0.000  0.000  0.000  0.000  0.000  0.995
   9.04838    -56.928921  0.995  0.000  0.000  0.000  0.000  0.000  0.000  0.000  0.000  0.995
   9.09965    -56.930003  0.995  0.000  0.000  0.000  0.000  0.000  0.000  0.000  0.000  0.995
   9.15092    -56.931003  0.995  0.000  0.000  0.000  0.000  0.000  0.000  0.000  0.000  0.995
   9.20219    -56.931925  0.995  0.000  0.000  0.000  0.000  0.000  0.000  0.000  0.000  0.995
   9.25346    -56.932700  0.995  0.000  0.000  0.000  0.000  0.000  0.000  0.000  0.000  0.995
   9.30473    -56.933315  0.995  0.000  0.000  0.000  0.000  0.000  0.000  0.000  0.000  0.995
   9.35600    -56.933773  0.995  0.000  0.000  0.000  0.000  0.000  0.000  0.000  0.000  0.995
   9.40727    -56.934041  0.995  0.000  0.000  0.000  0.000  0.000  0.000  0.000  0.000  0.995
   9.45854    -56.934124  0.995  0.000  0.000  0.000  0.000  0.000  0.000  0.000  0.000  0.995
 
# Band-Index:    2
   9.45854    -33.313205  0.000  0.244  0.000  0.731  0.000  0.000  0.000  0.000  0.000  0.975
   9.40727    -33.313029  0.000  0.244  0.000  0.731  0.000  0.000  0.000  0.000  0.000  0.975
   9.35600    -33.312463  0.000  0.244  0.000  0.731  0.000  0.000  0.000  0.000  0.000  0.975
   9.30473    -33.311516  0.000  0.244  0.000  0.731  0.000  0.000  0.000  0.000  0.000  0.975
   9.25346    -33.310235  0.000  0.244  0.000  0.731  0.000  0.000  0.000  0.000  0.000  0.975
   9.20219    -33.308638  0.000  0.244  0.000  0.732  0.000  0.000  0.000  0.000  0.000  0.976
   9.15092    -33.306758  0.000  0.244  0.000  0.732  0.000  0.000  0.000  0.000  0.000  0.976
   9.09965    -33.318662  0.000  0.000  0.983  0.000  0.000  0.000  0.000  0.000  0.000  0.983
   9.04838    -33.332168  0.000  0.000  0.982  0.000  0.000  0.000  0.000  0.000  0.000  0.982
   8.99711    -33.346223  0.000  0.000  0.982  0.000  0.000  0.000  0.000  0.000  0.000  0.982
   8.94584    -33.360440  0.000  0.000  0.981  0.000  0.000  0.000  0.000  0.000  0.000  0.981
   8.89457    -33.374444  0.000  0.000  0.980  0.000  0.000  0.000  0.000  0.000  0.000  0.980
   8.84330    -33.387827  0.000  0.000  0.979  0.000  0.000  0.000  0.000  0.000  0.000  0.979
   8.79203    -33.400236  0.000  0.000  0.978  0.000  0.000  0.000  0.000  0.000  0.000  0.978
   8.74075    -33.411344  0.000  0.000  0.978  0.000  0.000  0.000  0.000  0.000  0.000  0.978
   8.68948    -33.420884  0.000  0.000  0.977  0.000  0.000  0.000  0.000  0.000  0.000  0.977
   8.63821    -33.428586  0.000  0.000  0.977  0.000  0.000  0.000  0.000  0.000  0.000  0.977
   8.58694    -33.434238  0.000  0.000  0.976  0.000  0.000  0.000  0.000  0.000  0.000  0.976
   8.53567    -33.437697  0.000  0.000  0.976  0.000  0.000  0.000  0.000  0.000  0.000  0.976
   8.48440    -33.438858  0.000  0.000  0.976  0.000  0.000  0.000  0.000  0.000  0.000  0.976
   8.48440    -33.434953  0.000  0.242  0.000  0.727  0.000  0.000  0.000  0.000  0.000  0.969
   8.43313    -33.434715  0.000  0.242  0.000  0.727  0.000  0.000  0.000  0.000  0.000  0.969
   8.38186    -33.434048  0.000  0.242  0.000  0.727  0.000  0.000  0.000  0.000  0.000  0.969
   8.33059    -33.432981  0.000  0.242  0.000  0.727  0.000  0.000  0.000  0.000  0.000  0.969
   8.27932    -33.431528  0.000  0.242  0.000  0.727  0.000  0.000  0.000  0.000  0.000  0.969
   8.22805    -33.429722  0.000  0.242  0.000  0.727  0.000  0.000  0.000  0.000  0.000  0.969
   8.17678    -33.427620  0.000  0.242  0.000  0.727  0.000  0.000  0.000  0.000  0.000  0.970
   8.12551    -33.425277  0.000  0.242  0.000  0.727  0.000  0.000  0.000  0.000  0.000  0.970
   8.07424    -33.422757  0.000  0.242  0.000  0.727  0.000  0.000  0.000  0.000  0.000  0.970
   8.02297    -33.420122  0.000  0.243  0.000  0.728  0.000  0.000  0.000  0.000  0.000  0.970
   7.97170    -33.417453  0.000  0.243  0.000  0.728  0.000  0.000  0.000  0.000  0.000  0.970
   7.92043    -33.414811  0.000  0.243  0.000  0.728  0.000  0.000  0.000  0.000  0.000  0.971
   7.86916    -33.412275  0.000  0.243  0.000  0.728  0.000  0.000  0.000  0.000  0.000  0.971
   7.81789    -33.411180  0.000  0.000  0.977  0.000  0.000  0.000  0.000  0.000  0.000  0.977
   7.76662    -33.422525  0.000  0.000  0.977  0.000  0.000  0.000  0.000  0.000  0.000  0.977
   7.71535    -33.432232  0.000  0.000  0.976  0.000  0.000  0.000  0.000  0.000  0.000  0.976
   7.66408    -33.440058  0.000  0.000  0.976  0.000  0.000  0.000  0.000  0.000  0.000  0.976
   7.61281    -33.445786  0.000  0.000  0.975  0.000  0.000  0.000  0.000  0.000  0.000  0.975
   7.56153    -33.449286  0.000  0.000  0.975  0.000  0.000  0.000  0.000  0.000  0.000  0.975
   7.51026    -33.450463  0.000  0.000  0.975  0.000  0.000  0.000  0.000  0.000  0.000  0.975
   7.51026    -33.543756  0.000  0.000  0.967  0.000  0.000  0.000  0.000  0.000  0.000  0.967
   7.43757    -33.542915  0.000  0.000  0.968  0.000  0.000  0.000  0.000  0.000  0.000  0.968
   7.36487    -33.540430  0.000  0.000  0.968  0.000  0.000  0.000  0.000  0.000  0.000  0.968
   7.29217    -33.536391  0.000  0.000  0.968  0.000  0.000  0.000  0.000  0.000  0.000  0.968
   7.21948    -33.530901  0.000  0.000  0.968  0.000  0.000  0.000  0.000  0.000  0.000  0.968
   7.14678    -33.524198  0.000  0.000  0.969  0.000  0.000  0.000  0.000  0.000  0.000  0.969
   7.07408    -33.516504  0.000  0.000  0.970  0.000  0.000  0.000  0.000  0.000  0.000  0.970
   7.00138    -33.508067  0.000  0.000  0.970  0.000  0.000  0.000  0.000  0.000  0.000  0.970
   6.92869    -33.499189  0.000  0.000  0.971  0.000  0.000  0.000  0.000  0.000  0.000  0.971
   6.85599    -33.490145  0.000  0.000  0.972  0.000  0.000  0.000  0.000  0.000  0.000  0.972
   6.78329    -33.481237  0.000  0.000  0.973  0.000  0.000  0.000  0.000  0.000  0.000  0.973
   6.71060    -33.472734  0.000  0.000  0.973  0.000  0.000  0.000  0.000  0.000  0.000  0.973
   6.63790    -33.464889  0.000  0.000  0.974  0.000  0.000  0.000  0.000  0.000  0.000  0.974
   6.56520    -33.457890  0.000  0.000  0.974  0.000  0.000  0.000  0.000  0.000  0.000  0.974
   6.49250    -33.451895  0.000  0.000  0.975  0.000  0.000  0.000  0.000  0.000  0.000  0.975
   6.41981    -33.447008  0.000  0.000  0.975  0.000  0.000  0.000  0.000  0.000  0.000  0.975
   6.34711    -33.443295  0.000  0.000  0.976  0.000  0.000  0.000  0.000  0.000  0.000  0.976
   6.27441    -33.440746  0.000  0.000  0.976  0.000  0.000  0.000  0.000  0.000  0.000  0.976
   6.20172    -33.439301  0.000  0.000  0.976  0.000  0.000  0.000  0.000  0.000  0.000  0.976
   6.12902    -33.438858  0.000  0.000  0.976  0.000  0.000  0.000  0.000  0.000  0.000  0.976
   6.12902    -33.438858  0.000  0.000  0.976  0.000  0.000  0.000  0.000  0.000  0.000  0.976
   6.09267    -33.438961  0.000  0.000  0.976  0.000  0.000  0.000  0.000  0.000  0.000  0.976
   6.05632    -33.439255  0.000  0.000  0.976  0.000  0.000  0.000  0.000  0.000  0.000  0.976
   6.01997    -33.439709  0.000  0.000  0.976  0.000  0.000  0.000  0.000  0.000  0.000  0.976
   5.98362    -33.440315  0.000  0.000  0.976  0.000  0.000  0.000  0.000  0.000  0.000  0.976
   5.94728    -33.441042  0.000  0.000  0.976  0.000  0.000  0.000  0.000  0.000  0.000  0.976
   5.91093    -33.441858  0.000  0.000  0.976  0.000  0.000  0.000  0.000  0.000  0.000  0.976
   5.87458    -33.442739  0.000  0.000  0.976  0.000  0.000  0.000  0.000  0.000  0.000  0.976
   5.83823    -33.443669  0.000  0.000  0.976  0.000  0.000  0.000  0.000  0.000  0.000  0.976
   5.80188    -33.444604  0.000  0.000  0.976  0.000  0.000  0.000  0.000  0.000  0.000  0.976
   5.76553    -33.445540  0.000  0.000  0.976  0.000  0.000  0.000  0.000  0.000  0.000  0.976
   5.72918    -33.446439  0.000  0.000  0.975  0.000  0.000  0.000  0.000  0.000  0.000  0.975
   5.69284    -33.447274  0.000  0.000  0.975  0.000  0.000  0.000  0.000  0.000  0.000  0.975
   5.65649    -33.448057  0.000  0.000  0.975  0.000  0.000  0.000  0.000  0.000  0.000  0.975
   5.62014    -33.448762  0.000  0.000  0.975  0.000  0.000  0.000  0.000  0.000  0.000  0.975
   5.58379    -33.449362  0.000  0.000  0.975  0.000  0.000  0.000  0.000  0.000  0.000  0.975
   5.54744    -33.449833  0.000  0.000  0.975  0.000  0.000  0.000  0.000  0.000  0.000  0.975
   5.51109    -33.450179  0.000  0.000  0.975  0.000  0.000  0.000  0.000  0.000  0.000  0.975
   5.47474    -33.450390  0.000  0.000  0.975  0.000  0.000  0.000  0.000  0.000  0.000  0.975
   5.43840    -33.450463  0.000  0.000  0.975  0.000  0.000  0.000  0.000  0.000  0.000  0.975
   5.43840    -33.450463  0.000  0.000  0.975  0.000  0.000  0.000  0.000  0.000  0.000  0.975
   5.37544    -33.451108  0.000  0.000  0.975  0.000  0.000  0.000  0.000  0.000  0.000  0.975
   5.31248    -33.453020  0.000  0.000  0.975  0.000  0.000  0.000  0.000  0.000  0.000  0.975
   5.24952    -33.456143  0.000  0.000  0.975  0.000  0.000  0.000  0.000  0.000  0.000  0.975
   5.18657    -33.460383  0.000  0.000  0.974  0.000  0.000  0.000  0.000  0.000  0.000  0.974
   5.12361    -33.465635  0.000  0.000  0.974  0.000  0.000  0.000  0.000  0.000  0.000  0.974
   5.06065    -33.471738  0.000  0.000  0.973  0.000  0.000  0.000  0.000  0.000  0.000  0.973
   4.99769    -33.478536  0.000  0.000  0.973  0.000  0.000  0.000  0.000  0.000  0.000  0.973
   4.93473    -33.485837  0.000  0.000  0.972  0.000  0.000  0.000  0.000  0.000  0.000  0.972
   4.87178    -33.493448  0.000  0.000  0.972  0.000  0.000  0.000  0.000  0.000  0.000  0.972
   4.80882    -33.501154  0.000  0.000  0.971  0.000  0.000  0.000  0.000  0.000  0.000  0.971
   4.74586    -33.508738  0.000  0.000  0.970  0.000  0.000  0.000  0.000  0.000  0.000  0.970
   4.68290    -33.516003  0.000  0.000  0.970  0.000  0.000  0.000  0.000  0.000  0.000  0.970
   4.61995    -33.522765  0.000  0.000  0.969  0.000  0.000  0.000  0.000  0.000  0.000  0.969
   4.55699    -33.528812  0.000  0.000  0.969  0.000  0.000  0.000  0.000  0.000  0.000  0.969
   4.49403    -33.533996  0.000  0.000  0.968  0.000  0.000  0.000  0.000  0.000  0.000  0.968
   4.43107    -33.538188  0.000  0.000  0.968  0.000  0.000  0.000  0.000  0.000  0.000  0.968
   4.36812    -33.541264  0.000  0.000  0.968  0.000  0.000  0.000  0.000  0.000  0.000  0.968
   4.30516    -33.543123  0.000  0.000  0.967  0.000  0.000  0.000  0.000  0.000  0.000  0.967
   4.24220    -33.543756  0.000  0.000  0.967  0.000  0.000  0.000  0.000  0.000  0.000  0.967
   4.24220    -33.543756  0.000  0.000  0.967  0.000  0.000  0.000  0.000  0.000  0.000  0.967
   4.19093    -33.542426  0.000  0.000  0.968  0.000  0.000  0.000  0.000  0.000  0.000  0.968
   4.13966    -33.538432  0.000  0.000  0.968  0.000  0.000  0.000  0.000  0.000  0.000  0.968
   4.08839    -33.531917  0.000  0.000  0.968  0.000  0.000  0.000  0.000  0.000  0.000  0.968
   4.03712    -33.522988  0.000  0.000  0.969  0.000  0.000  0.000  0.000  0.000  0.000  0.969
   3.98585    -33.511935  0.000  0.000  0.970  0.000  0.000  0.000  0.000  0.000  0.000  0.970
   3.93458    -33.499064  0.000  0.000  0.970  0.000  0.000  0.000  0.000  0.000  0.000  0.971
   3.88331    -33.484647  0.000  0.000  0.971  0.000  0.000  0.000  0.000  0.000  0.000  0.972
   3.83204    -33.469094  0.000  0.000  0.973  0.000  0.000  0.000  0.000  0.000  0.000  0.973
   3.78077    -33.452837  0.000  0.000  0.974  0.000  0.000  0.000  0.000  0.000  0.000  0.974
   3.72950    -33.436280  0.000  0.000  0.975  0.000  0.000  0.000  0.000  0.000  0.000  0.975
   3.67823    -33.419920  0.000  0.000  0.976  0.000  0.000  0.000  0.000  0.000  0.000  0.976
   3.62696    -33.404189  0.000  0.000  0.977  0.000  0.000  0.000  0.000  0.000  0.000  0.977
   3.57569    -33.389525  0.000  0.000  0.978  0.000  0.000  0.000  0.000  0.000  0.000  0.978
   3.52442    -33.376323  0.000  0.000  0.979  0.000  0.000  0.000  0.000  0.000  0.000  0.979
   3.47314    -33.364937  0.000  0.000  0.980  0.000  0.000  0.000  0.000  0.000  0.000  0.980
   3.42187    -33.355716  0.000  0.000  0.981  0.000  0.000  0.000  0.000  0.000  0.000  0.981
   3.37060    -33.348965  0.000  0.000  0.981  0.000  0.000  0.000  0.000  0.000  0.000  0.981
   3.31933    -33.344833  0.000  0.000  0.981  0.000  0.000  0.000  0.000  0.000  0.000  0.981
   3.26806    -33.343454  0.000  0.000  0.981  0.000  0.000  0.000  0.000  0.000  0.000  0.981
   3.26806    -33.343454  0.000  0.000  0.981  0.000  0.000  0.000  0.000  0.000  0.000  0.981
   3.19537    -33.342833  0.000  0.000  0.981  0.000  0.000  0.000  0.000  0.000  0.000  0.981
   3.12267    -33.340997  0.000  0.000  0.982  0.000  0.000  0.000  0.000  0.000  0.000  0.982
   3.04997    -33.338012  0.000  0.000  0.982  0.000  0.000  0.000  0.000  0.000  0.000  0.982
   2.97727    -33.333994  0.000  0.000  0.982  0.000  0.000  0.000  0.000  0.000  0.000  0.982
   2.90458    -33.329077  0.000  0.000  0.982  0.000  0.000  0.000  0.000  0.000  0.000  0.982
   2.83188    -33.323422  0.000  0.000  0.983  0.000  0.000  0.000  0.000  0.000  0.000  0.983
   2.75918    -33.317250  0.000  0.000  0.983  0.000  0.000  0.000  0.000  0.000  0.000  0.983
   2.68649    -33.310737  0.000  0.000  0.984  0.000  0.000  0.000  0.000  0.000  0.000  0.984
   2.61379    -33.304117  0.000  0.000  0.984  0.000  0.000  0.000  0.000  0.000  0.000  0.984
   2.54109    -33.297602  0.000  0.000  0.984  0.000  0.000  0.000  0.000  0.000  0.000  0.984
   2.46839    -33.310138  0.000  0.731  0.000  0.244  0.000  0.000  0.000  0.000  0.000  0.975
   2.39570    -33.331969  0.000  0.730  0.000  0.243  0.000  0.000  0.000  0.000  0.000  0.974
   2.32300    -33.348089  0.000  0.730  0.000  0.243  0.000  0.000  0.000  0.000  0.000  0.973
   2.25030    -33.357891  0.000  0.729  0.000  0.243  0.000  0.000  0.000  0.000  0.000  0.973
   2.17761    -33.361116  0.000  0.729  0.000  0.243  0.000  0.000  0.000  0.000  0.000  0.973
   2.10491    -33.357806  0.000  0.730  0.000  0.243  0.000  0.000  0.000  0.000  0.000  0.973
   2.03221    -33.348290  0.000  0.730  0.000  0.243  0.000  0.000  0.000  0.000  0.000  0.973
   1.95951    -33.333128  0.000  0.731  0.000  0.244  0.000  0.000  0.000  0.000  0.000  0.974
   1.88682    -33.313205  0.000  0.244  0.000  0.731  0.000  0.000  0.000  0.000  0.000  0.975
   1.88682    -33.313205  0.000  0.244  0.000  0.731  0.000  0.000  0.000  0.000  0.000  0.975
   1.85047    -33.324051  0.000  0.244  0.000  0.731  0.000  0.000  0.000  0.000  0.000  0.975
   1.81412    -33.334638  0.000  0.243  0.000  0.730  0.000  0.000  0.000  0.000  0.000  0.974
   1.77777    -33.344903  0.000  0.243  0.000  0.730  0.000  0.000  0.000  0.000  0.000  0.973
   1.74142    -33.354810  0.000  0.243  0.000  0.730  0.000  0.000  0.000  0.000  0.000  0.973
   1.70507    -33.364323  0.000  0.243  0.000  0.729  0.000  0.000  0.000  0.000  0.000  0.972
   1.66873    -33.373380  0.000  0.243  0.000  0.729  0.000  0.000  0.000  0.000  0.000  0.972
   1.63238    -33.381942  0.000  0.243  0.000  0.729  0.000  0.000  0.000  0.000  0.000  0.972
   1.59603    -33.389988  0.000  0.243  0.000  0.728  0.000  0.000  0.000  0.000  0.000  0.971
   1.55968    -33.397487  0.000  0.243  0.000  0.728  0.000  0.000  0.000  0.000  0.000  0.971
   1.52333    -33.404369  0.000  0.243  0.000  0.728  0.000  0.000  0.000  0.000  0.000  0.970
   1.48698    -33.410619  0.000  0.243  0.000  0.728  0.000  0.000  0.000  0.000  0.000  0.970
   1.45063    -33.416221  0.000  0.242  0.000  0.727  0.000  0.000  0.000  0.000  0.000  0.970
   1.41429    -33.421102  0.000  0.242  0.000  0.727  0.000  0.000  0.000  0.000  0.000  0.970
   1.37794    -33.425290  0.000  0.242  0.000  0.727  0.000  0.000  0.000  0.000  0.000  0.969
   1.34159    -33.428746  0.000  0.242  0.000  0.727  0.000  0.000  0.000  0.000  0.000  0.969
   1.30524    -33.431449  0.000  0.242  0.000  0.727  0.000  0.000  0.000  0.000  0.000  0.969
   1.26889    -33.433394  0.000  0.242  0.000  0.727  0.000  0.000  0.000  0.000  0.000  0.969
   1.23254    -33.434563  0.000  0.242  0.000  0.727  0.000  0.000  0.000  0.000  0.000  0.969
   1.19619    -33.434953  0.000  0.242  0.000  0.727  0.000  0.000  0.000  0.000  0.000  0.969
   1.19619    -33.434953  0.000  0.242  0.000  0.727  0.000  0.000  0.000  0.000  0.000  0.969
   1.13324    -33.432273  0.000  0.242  0.000  0.727  0.000  0.000  0.000  0.000  0.000  0.969
   1.07028    -33.424395  0.000  0.242  0.000  0.727  0.000  0.000  0.000  0.000  0.000  0.969
   1.00732    -33.411484  0.000  0.242  0.000  0.727  0.000  0.000  0.000  0.000  0.000  0.970
   0.94436    -33.393864  0.000  0.243  0.000  0.728  0.000  0.000  0.000  0.000  0.000  0.971
   0.88141    -33.371989  0.000  0.243  0.000  0.729  0.000  0.000  0.000  0.000  0.000  0.972
   0.81845    -33.346393  0.000  0.243  0.000  0.730  0.000  0.000  0.000  0.000  0.000  0.973
   0.75549    -33.317754  0.000  0.244  0.000  0.731  0.000  0.000  0.000  0.000  0.000  0.974
   0.69253    -33.300989  0.000  0.000  0.984  0.000  0.000  0.000  0.000  0.000  0.000  0.984
   0.62958    -33.306553  0.000  0.000  0.984  0.000  0.000  0.000  0.000  0.000  0.000  0.984
   0.56662    -33.312194  0.000  0.000  0.983  0.000  0.000  0.000  0.000  0.000  0.000  0.983
   0.50366    -33.317764  0.000  0.000  0.983  0.000  0.000  0.000  0.000  0.000  0.000  0.983
   0.44070    -33.323098  0.000  0.000  0.983  0.000  0.000  0.000  0.000  0.000  0.000  0.983
   0.37775    -33.328039  0.000  0.000  0.982  0.000  0.000  0.000  0.000  0.000  0.000  0.982
   0.31479    -33.332460  0.000  0.000  0.982  0.000  0.000  0.000  0.000  0.000  0.000  0.982
   0.25183    -33.336271  0.000  0.000  0.982  0.000  0.000  0.000  0.000  0.000  0.000  0.982
   0.18887    -33.339339  0.000  0.000  0.982  0.000  0.000  0.000  0.000  0.000  0.000  0.982
   0.12592    -33.341596  0.000  0.000  0.982  0.000  0.000  0.000  0.000  0.000  0.000  0.982
   0.06296    -33.342986  0.000  0.000  0.981  0.000  0.000  0.000  0.000  0.000  0.000  0.981
   0.00000    -33.343454  0.000  0.000  0.981  0.000  0.000  0.000  0.000  0.000  0.000  0.981
 
# Band-Index:    3
   0.00000    -33.034913  0.000  0.247  0.000  0.741  0.000  0.000  0.000  0.000  0.000  0.989
   0.06296    -33.037721  0.000  0.246  0.000  0.742  0.000  0.000  0.000  0.000  0.000  0.988
   0.12592    -33.046065  0.000  0.247  0.000  0.741  0.000  0.000  0.000  0.000  0.000  0.988
   0.18887    -33.059708  0.000  0.247  0.000  0.741  0.000  0.000  0.000  0.000  0.000  0.987
   0.25183    -33.078263  0.000  0.247  0.000  0.740  0.000  0.000  0.000  0.000  0.000  0.986
   0.31479    -33.101132  0.000  0.246  0.000  0.739  0.000  0.000  0.000  0.000  0.000  0.985
   0.37775    -33.127662  0.000  0.246  0.000  0.738  0.000  0.000  0.000  0.000  0.000  0.984
   0.44070    -33.157117  0.000  0.246  0.000  0.737  0.000  0.000  0.000  0.000  0.000  0.982
   0.50366    -33.188628  0.000  0.245  0.000  0.735  0.000  0.000  0.000  0.000  0.000  0.981
   0.56662    -33.221360  0.000  0.245  0.000  0.734  0.000  0.000  0.000  0.000  0.000  0.979
   0.62958    -33.254390  0.000  0.244  0.000  0.733  0.000  0.000  0.000  0.000  0.000  0.978
   0.69253    -33.286819  0.000  0.244  0.000  0.732  0.000  0.000  0.000  0.000  0.000  0.976
   0.75549    -33.295643  0.000  0.000  0.984  0.000  0.000  0.000  0.000  0.000  0.000  0.984
   0.81845    -33.290670  0.000  0.000  0.985  0.000  0.000  0.000  0.000  0.000  0.000  0.985
   0.88141    -33.286199  0.000  0.000  0.985  0.000  0.000  0.000  0.000  0.000  0.000  0.985
   0.94436    -33.282362  0.000  0.000  0.985  0.000  0.000  0.000  0.000  0.000  0.000  0.985
   1.00732    -33.279257  0.000  0.000  0.986  0.000  0.000  0.000  0.000  0.000  0.000  0.986
   1.07028    -33.276986  0.000  0.000  0.986  0.000  0.000  0.000  0.000  0.000  0.000  0.986
   1.13324    -33.275598  0.000  0.000  0.986  0.000  0.000  0.000  0.000  0.000  0.000  0.986
   1.19619    -33.275156  0.000  0.000  0.986  0.000  0.000  0.000  0.000  0.000  0.000  0.986
   1.19619    -33.275156  0.000  0.000  0.986  0.000  0.000  0.000  0.000  0.000  0.000  0.986
   1.23254    -33.275096  0.000  0.000  0.986  0.000  0.000  0.000  0.000  0.000  0.000  0.986
   1.26889    -33.274946  0.000  0.000  0.986  0.000  0.000  0.000  0.000  0.000  0.000  0.986
   1.30524    -33.274698  0.000  0.000  0.986  0.000  0.000  0.000  0.000  0.000  0.000  0.986
   1.34159    -33.274349  0.000  0.000  0.986  0.000  0.000  0.000  0.000  0.000  0.000  0.986
   1.37794    -33.273915  0.000  0.000  0.986  0.000  0.000  0.000  0.000  0.000  0.000  0.986
   1.41429    -33.273413  0.000  0.000  0.986  0.000  0.000  0.000  0.000  0.000  0.000  0.986
   1.45063    -33.272841  0.000  0.000  0.986  0.000  0.000  0.000  0.000  0.000  0.000  0.986
   1.48698    -33.272211  0.000  0.000  0.986  0.000  0.000  0.000  0.000  0.000  0.000  0.986
   1.52333    -33.271549  0.000  0.000  0.986  0.000  0.000  0.000  0.000  0.000  0.000  0.986
   1.55968    -33.270862  0.000  0.000  0.986  0.000  0.000  0.000  0.000  0.000  0.000  0.986
   1.59603    -33.270164  0.000  0.000  0.986  0.000  0.000  0.000  0.000  0.000  0.000  0.986
   1.63238    -33.269484  0.000  0.000  0.986  0.000  0.000  0.000  0.000  0.000  0.000  0.986
   1.66873    -33.268842  0.000  0.000  0.986  0.000  0.000  0.000  0.000  0.000  0.000  0.986
   1.70507    -33.268247  0.000  0.000  0.986  0.000  0.000  0.000  0.000  0.000  0.000  0.986
   1.74142    -33.267713  0.000  0.000  0.986  0.000  0.000  0.000  0.000  0.000  0.000  0.986
   1.77777    -33.276925  0.000  0.733  0.000  0.244  0.000  0.000  0.000  0.000  0.000  0.977
   1.81412    -33.289688  0.000  0.732  0.000  0.244  0.000  0.000  0.000  0.000  0.000  0.976
   1.85047    -33.301841  0.000  0.732  0.000  0.244  0.000  0.000  0.000  0.000  0.000  0.976
   1.88682    -33.313201  0.000  0.731  0.000  0.244  0.000  0.000  0.000  0.000  0.000  0.975
   1.88682    -33.313201  0.000  0.731  0.000  0.244  0.000  0.000  0.000  0.000  0.000  0.975
   1.95951    -33.290930  0.000  0.244  0.000  0.732  0.000  0.000  0.000  0.000  0.000  0.976
   2.03221    -33.268120  0.000  0.244  0.000  0.733  0.000  0.000  0.000  0.000  0.000  0.977
   2.10491    -33.269875  0.000  0.000  0.986  0.000  0.000  0.000  0.000  0.000  0.000  0.986
   2.17761    -33.272577  0.000  0.000  0.986  0.000  0.000  0.000  0.000  0.000  0.000  0.986
   2.25030    -33.276133  0.000  0.000  0.986  0.000  0.000  0.000  0.000  0.000  0.000  0.986
   2.32300    -33.280514  0.000  0.000  0.985  0.000  0.000  0.000  0.000  0.000  0.000  0.985
   2.39570    -33.285642  0.000  0.000  0.985  0.000  0.000  0.000  0.000  0.000  0.000  0.985
   2.46839    -33.291391  0.000  0.000  0.985  0.000  0.000  0.000  0.000  0.000  0.000  0.985
   2.54109    -33.283365  0.000  0.732  0.000  0.244  0.000  0.000  0.000  0.000  0.000  0.976
   2.61379    -33.252768  0.000  0.733  0.000  0.244  0.000  0.000  0.000  0.000  0.000  0.978
   2.68649    -33.219640  0.000  0.734  0.000  0.245  0.000  0.000  0.000  0.000  0.000  0.979
   2.75918    -33.185400  0.000  0.736  0.000  0.245  0.000  0.000  0.000  0.000  0.000  0.981
   2.83188    -33.151557  0.000  0.737  0.000  0.246  0.000  0.000  0.000  0.000  0.000  0.983
   2.90458    -33.119674  0.000  0.738  0.000  0.246  0.000  0.000  0.000  0.000  0.000  0.984
   2.97727    -33.091239  0.000  0.739  0.000  0.246  0.000  0.000  0.000  0.000  0.000  0.986
   3.04997    -33.067515  0.000  0.740  0.000  0.247  0.000  0.000  0.000  0.000  0.000  0.987
   3.12267    -33.049691  0.000  0.741  0.000  0.247  0.000  0.000  0.000  0.000  0.000  0.988
   3.19537    -33.038650  0.000  0.741  0.000  0.247  0.000  0.000  0.000  0.000  0.000  0.988
   3.26806    -33.034913  0.000  0.247  0.000  0.741  0.000  0.000  0.000  0.000  0.000  0.989
   3.26806    -33.034913  0.000  0.247  0.000  0.741  0.000  0.000  0.000  0.000  0.000  0.989
   3.31933    -33.034799  0.000  0.247  0.000  0.741  0.000  0.000  0.000  0.000  0.000  0.989
   3.37060    -33.034467  0.000  0.247  0.000  0.741  0.000  0.000  0.000  0.000  0.000  0.989
   3.42187    -33.033922  0.000  0.247  0.000  0.741  0.000  0.000  0.000  0.000  0.000  0.989
   3.47314    -33.033199  0.000  0.247  0.000  0.742  0.000  0.000  0.000  0.000  0.000  0.989
   3.52442    -33.032312  0.000  0.247  0.000  0.742  0.000  0.000  0.000  0.000  0.000  0.989
   3.57569    -33.031249  0.000  0.247  0.000  0.742  0.000  0.000  0.000  0.000  0.000  0.989
   3.62696    -33.030066  0.000  0.247  0.000  0.742  0.000  0.000  0.000  0.000  0.000  0.989
   3.67823    -33.028796  0.000  0.247  0.000  0.742  0.000  0.000  0.000  0.000  0.000  0.989
   3.72950    -33.027462  0.000  0.247  0.000  0.742  0.000  0.000  0.000  0.000  0.000  0.989
   3.78077    -33.026118  0.000  0.247  0.000  0.742  0.000  0.000  0.000  0.000  0.000  0.989
   3.83204    -33.024792  0.000  0.247  0.000  0.742  0.000  0.000  0.000  0.000  0.000  0.989
   3.88331    -33.023537  0.000  0.247  0.000  0.742  0.000  0.000  0.000  0.000  0.000  0.989
   3.93458    -33.022348  0.000  0.247  0.000  0.742  0.000  0.000  0.000  0.000  0.000  0.989
   3.98585    -33.021280  0.000  0.247  0.000  0.742  0.000  0.000  0.000  0.000  0.000  0.989
   4.03712    -33.020365  0.000  0.247  0.000  0.742  0.000  0.000  0.000  0.000  0.000  0.990
   4.08839    -33.019636  0.000  0.247  0.000  0.742  0.000  0.000  0.000  0.000  0.000  0.990
   4.13966    -33.019078  0.000  0.247  0.000  0.742  0.000  0.000  0.000  0.000  0.000  0.990
   4.19093    -33.018754  0.000  0.247  0.000  0.742  0.000  0.000  0.000  0.000  0.000  0.990
   4.24220    -33.018642  0.000  0.247  0.000  0.742  0.000  0.000  0.000  0.000  0.000  0.990
   4.24220    -33.018642  0.000  0.247  0.000  0.742  0.000  0.000  0.000  0.000  0.000  0.990
   4.30516    -33.021323  0.000  0.247  0.000  0.743  0.000  0.000  0.000  0.000  0.000  0.990
   4.36812    -33.029322  0.000  0.247  0.000  0.742  0.000  0.000  0.000  0.000  0.000  0.989
   4.43107    -33.042381  0.000  0.247  0.000  0.741  0.000  0.000  0.000  0.000  0.000  0.989
   4.49403    -33.060114  0.000  0.247  0.000  0.741  0.000  0.000  0.000  0.000  0.000  0.988
   4.55699    -33.082032  0.000  0.247  0.000  0.740  0.000  0.000  0.000  0.000  0.000  0.987
   4.61995    -33.107482  0.000  0.246  0.000  0.739  0.000  0.000  0.000  0.000  0.000  0.985
   4.68290    -33.135715  0.000  0.246  0.000  0.738  0.000  0.000  0.000  0.000  0.000  0.984
   4.74586    -33.165950  0.000  0.246  0.000  0.737  0.000  0.000  0.000  0.000  0.000  0.983
   4.80882    -33.197366  0.000  0.245  0.000  0.736  0.000  0.000  0.000  0.000  0.000  0.981
   4.87178    -33.229067  0.000  0.245  0.000  0.735  0.000  0.000  0.000  0.000  0.000  0.980
   4.93473    -33.260189  0.000  0.245  0.000  0.734  0.000  0.000  0.000  0.000  0.000  0.978
   4.99769    -33.289887  0.000  0.244  0.000  0.733  0.000  0.000  0.000  0.000  0.000  0.977
   5.06065    -33.317390  0.000  0.244  0.000  0.732  0.000  0.000  0.000  0.000  0.000  0.976
   5.12361    -33.342011  0.000  0.244  0.000  0.731  0.000  0.000  0.000  0.000  0.000  0.975
   5.18657    -33.363060  0.000  0.243  0.000  0.730  0.000  0.000  0.000  0.000  0.000  0.974
   5.24952    -33.380022  0.000  0.243  0.000  0.730  0.000  0.000  0.000  0.000  0.000  0.973
   5.31248    -33.392434  0.000  0.243  0.000  0.729  0.000  0.000  0.000  0.000  0.000  0.972
   5.37544    -33.400010  0.000  0.243  0.000  0.729  0.000  0.000  0.000  0.000  0.000  0.972
   5.43840    -33.402571  0.000  0.243  0.000  0.729  0.000  0.000  0.000  0.000  0.000  0.972
   5.43840    -33.402571  0.000  0.243  0.000  0.729  0.000  0.000  0.000  0.000  0.000  0.972
   5.47474    -33.402176  0.000  0.243  0.000  0.729  0.000  0.000  0.000  0.000  0.000  0.972
   5.51109    -33.401041  0.000  0.243  0.000  0.729  0.000  0.000  0.000  0.000  0.000  0.972
   5.54744    -33.399155  0.000  0.243  0.000  0.729  0.000  0.000  0.000  0.000  0.000  0.972
   5.58379    -33.396524  0.000  0.243  0.000  0.729  0.000  0.000  0.000  0.000  0.000  0.972
   5.62014    -33.393161  0.000  0.243  0.000  0.729  0.000  0.000  0.000  0.000  0.000  0.972
   5.65649    -33.389083  0.000  0.243  0.000  0.729  0.000  0.000  0.000  0.000  0.000  0.973
   5.69284    -33.384321  0.000  0.243  0.000  0.730  0.000  0.000  0.000  0.000  0.000  0.973
   5.72918    -33.378893  0.000  0.243  0.000  0.730  0.000  0.000  0.000  0.000  0.000  0.973
   5.76553    -33.372835  0.000  0.243  0.000  0.730  0.000  0.000  0.000  0.000  0.000  0.973
   5.80188    -33.366172  0.000  0.243  0.000  0.730  0.000  0.000  0.000  0.000  0.000  0.974
   5.83823    -33.358922  0.000  0.244  0.000  0.731  0.000  0.000  0.000  0.000  0.000  0.974
   5.87458    -33.351113  0.000  0.244  0.000  0.731  0.000  0.000  0.000  0.000  0.000  0.974
   5.91093    -33.342803  0.000  0.244  0.000  0.731  0.000  0.000  0.000  0.000  0.000  0.975
   5.94728    -33.334021  0.000  0.244  0.000  0.731  0.000  0.000  0.000  0.000  0.000  0.975
   5.98362    -33.324817  0.000  0.244  0.000  0.732  0.000  0.000  0.000  0.000  0.000  0.976
   6.01997    -33.315220  0.000  0.244  0.000  0.732  0.000  0.000  0.000  0.000  0.000  0.976
   6.05632    -33.305286  0.000  0.244  0.000  0.733  0.000  0.000  0.000  0.000  0.000  0.977
   6.09267    -33.295065  0.000  0.244  0.000  0.733  0.000  0.000  0.000  0.000  0.000  0.977
   6.12902    -33.284583  0.000  0.244  0.000  0.733  0.000  0.000  0.000  0.000  0.000  0.978
   6.12902    -33.284583  0.000  0.244  0.000  0.733  0.000  0.000  0.000  0.000  0.000  0.978
   6.20172    -33.303808  0.000  0.733  0.000  0.244  0.000  0.000  0.000  0.000  0.000  0.977
   6.27441    -33.318474  0.000  0.732  0.000  0.244  0.000  0.000  0.000  0.000  0.000  0.976
   6.34711    -33.327755  0.000  0.732  0.000  0.244  0.000  0.000  0.000  0.000  0.000  0.976
   6.41981    -33.331049  0.000  0.731  0.000  0.244  0.000  0.000  0.000  0.000  0.000  0.975
   6.49250    -33.328046  0.000  0.732  0.000  0.244  0.000  0.000  0.000  0.000  0.000  0.975
   6.56520    -33.318713  0.000  0.732  0.000  0.244  0.000  0.000  0.000  0.000  0.000  0.976
   6.63790    -33.303326  0.000  0.732  0.000  0.244  0.000  0.000  0.000  0.000  0.000  0.976
   6.71060    -33.282371  0.000  0.733  0.000  0.244  0.000  0.000  0.000  0.000  0.000  0.977
   6.78329    -33.256714  0.000  0.734  0.000  0.245  0.000  0.000  0.000  0.000  0.000  0.979
   6.85599    -33.227390  0.000  0.735  0.000  0.245  0.000  0.000  0.000  0.000  0.000  0.980
   6.92869    -33.195632  0.000  0.736  0.000  0.245  0.000  0.000  0.000  0.000  0.000  0.981
   7.00138    -33.162793  0.000  0.737  0.000  0.246  0.000  0.000  0.000  0.000  0.000  0.983
   7.07408    -33.130386  0.000  0.738  0.000  0.246  0.000  0.000  0.000  0.000  0.000  0.984
   7.14678    -33.099809  0.000  0.739  0.000  0.246  0.000  0.000  0.000  0.000  0.000  0.986
   7.21948    -33.072526  0.000  0.740  0.000  0.247  0.000  0.000  0.000  0.000  0.000  0.987
   7.29217    -33.049843  0.000  0.741  0.000  0.247  0.000  0.000  0.000  0.000  0.000  0.988
   7.36487    -33.032790  0.000  0.742  0.000  0.247  0.000  0.000  0.000  0.000  0.000  0.989
   7.43757    -33.022225  0.000  0.742  0.000  0.247  0.000  0.000  0.000  0.000  0.000  0.989
   7.51026    -33.018642  0.000  0.247  0.000  0.742  0.000  0.000  0.000  0.000  0.000  0.990
   7.51026    -33.402571  0.000  0.243  0.000  0.729  0.000  0.000  0.000  0.000  0.000  0.972
   7.56153    -33.402780  0.000  0.243  0.000  0.729  0.000  0.000  0.000  0.000  0.000  0.972
   7.61281    -33.403449  0.000  0.243  0.000  0.729  0.000  0.000  0.000  0.000  0.000  0.972
   7.66408    -33.404527  0.000  0.243  0.000  0.729  0.000  0.000  0.000  0.000  0.000  0.972
   7.71535    -33.405999  0.000  0.243  0.000  0.729  0.000  0.000  0.000  0.000  0.000  0.972
   7.76662    -33.407811  0.000  0.243  0.000  0.729  0.000  0.000  0.000  0.000  0.000  0.971
   7.81789    -33.409919  0.000  0.243  0.000  0.728  0.000  0.000  0.000  0.000  0.000  0.971
   7.86916    -33.398537  0.000  0.000  0.978  0.000  0.000  0.000  0.000  0.000  0.000  0.978
   7.92043    -33.384915  0.000  0.000  0.979  0.000  0.000  0.000  0.000  0.000  0.000  0.979
   7.97170    -33.370675  0.000  0.000  0.980  0.000  0.000  0.000  0.000  0.000  0.000  0.980
   8.02297    -33.356195  0.000  0.000  0.981  0.000  0.000  0.000  0.000  0.000  0.000  0.981
   8.07424    -33.341881  0.000  0.000  0.982  0.000  0.000  0.000  0.000  0.000  0.000  0.982
   8.12551    -33.328127  0.000  0.000  0.982  0.000  0.000  0.000  0.000  0.000  0.000  0.983
   8.17678    -33.315308  0.000  0.000  0.983  0.000  0.000  0.000  0.000  0.000  0.000  0.983
   8.22805    -33.303769  0.000  0.000  0.984  0.000  0.000  0.000  0.000  0.000  0.000  0.984
   8.27932    -33.293864  0.000  0.000  0.985  0.000  0.000  0.000  0.000  0.000  0.000  0.985
   8.33059    -33.285845  0.000  0.000  0.985  0.000  0.000  0.000  0.000  0.000  0.000  0.985
   8.38186    -33.279940  0.000  0.000  0.985  0.000  0.000  0.000  0.000  0.000  0.000  0.985
   8.43313    -33.276340  0.000  0.000  0.986  0.000  0.000  0.000  0.000  0.000  0.000  0.986
   8.48440    -33.275156  0.000  0.000  0.986  0.000  0.000  0.000  0.000  0.000  0.000  0.986
   8.48440    -33.284583  0.000  0.244  0.000  0.733  0.000  0.000  0.000  0.000  0.000  0.978
   8.53567    -33.284778  0.000  0.244  0.000  0.733  0.000  0.000  0.000  0.000  0.000  0.978
   8.58694    -33.285351  0.000  0.244  0.000  0.733  0.000  0.000  0.000  0.000  0.000  0.978
   8.63821    -33.286305  0.000  0.244  0.000  0.733  0.000  0.000  0.000  0.000  0.000  0.978
   8.68948    -33.287588  0.000  0.244  0.000  0.733  0.000  0.000  0.000  0.000  0.000  0.977
   8.74075    -33.289192  0.000  0.244  0.000  0.733  0.000  0.000  0.000  0.000  0.000  0.977
   8.79203    -33.291071  0.000  0.244  0.000  0.733  0.000  0.000  0.000  0.000  0.000  0.977
   8.84330    -33.293163  0.000  0.244  0.000  0.733  0.000  0.000  0.000  0.000  0.000  0.977
   8.89457    -33.295409  0.000  0.244  0.000  0.732  0.000  0.000  0.000  0.000  0.000  0.977
   8.94584    -33.297742  0.000  0.244  0.000  0.732  0.000  0.000  0.000  0.000  0.000  0.977
   8.99711    -33.300108  0.000  0.244  0.000  0.732  0.000  0.000  0.000  0.000  0.000  0.976
   9.04838    -33.302442  0.000  0.244  0.000  0.732  0.000  0.000  0.000  0.000  0.000  0.976
   9.09965    -33.304681  0.000  0.244  0.000  0.732  0.000  0.000  0.000  0.000  0.000  0.976
   9.15092    -33.306754  0.000  0.732  0.000  0.244  0.000  0.000  0.000  0.000  0.000  0.976
   9.20219    -33.308634  0.000  0.732  0.000  0.244  0.000  0.000  0.000  0.000  0.000  0.976
   9.25346    -33.310231  0.000  0.731  0.000  0.244  0.000  0.000  0.000  0.000  0.000  0.975
   9.30473    -33.311512  0.000  0.731  0.000  0.244  0.000  0.000  0.000  0.000  0.000  0.975
   9.35600    -33.312459  0.000  0.731  0.000  0.244  0.000  0.000  0.000  0.000  0.000  0.975
   9.40727    -33.313025  0.000  0.731  0.000  0.244  0.000  0.000  0.000  0.000  0.000  0.975
   9.45854    -33.313201  0.000  0.731  0.000  0.244  0.000  0.000  0.000  0.000  0.000  0.975
 
# Band-Index:    4
   9.45854    -33.266633  0.000  0.000  0.986  0.000  0.000  0.000  0.000  0.000  0.000  0.986
   9.40727    -33.267826  0.000  0.000  0.986  0.000  0.000  0.000  0.000  0.000  0.000  0.986
   9.35600    -33.271364  0.000  0.000  0.986  0.000  0.000  0.000  0.000  0.000  0.000  0.986
   9.30473    -33.277151  0.000  0.000  0.986  0.000  0.000  0.000  0.000  0.000  0.000  0.986
   9.25346    -33.285025  0.000  0.000  0.985  0.000  0.000  0.000  0.000  0.000  0.000  0.985
   9.20219    -33.294762  0.000  0.000  0.985  0.000  0.000  0.000  0.000  0.000  0.000  0.985
   9.15092    -33.306055  0.000  0.000  0.984  0.000  0.000  0.000  0.000  0.000  0.000  0.984
   9.09965    -33.304677  0.000  0.732  0.000  0.244  0.000  0.000  0.000  0.000  0.000  0.976
   9.04838    -33.302438  0.000  0.732  0.000  0.244  0.000  0.000  0.000  0.000  0.000  0.976
   8.99711    -33.300104  0.000  0.732  0.000  0.244  0.000  0.000  0.000  0.000  0.000  0.976
   8.94584    -33.297738  0.000  0.732  0.000  0.244  0.000  0.000  0.000  0.000  0.000  0.977
   8.89457    -33.295405  0.000  0.732  0.000  0.244  0.000  0.000  0.000  0.000  0.000  0.977
   8.84330    -33.293159  0.000  0.733  0.000  0.244  0.000  0.000  0.000  0.000  0.000  0.977
   8.79203    -33.291067  0.000  0.733  0.000  0.244  0.000  0.000  0.000  0.000  0.000  0.977
   8.74075    -33.289188  0.000  0.733  0.000  0.244  0.000  0.000  0.000  0.000  0.000  0.977
   8.68948    -33.287584  0.000  0.733  0.000  0.244  0.000  0.000  0.000  0.000  0.000  0.977
   8.63821    -33.286301  0.000  0.733  0.000  0.244  0.000  0.000  0.000  0.000  0.000  0.978
   8.58694    -33.285347  0.000  0.733  0.000  0.244  0.000  0.000  0.000  0.000  0.000  0.978
   8.53567    -33.284774  0.000  0.733  0.000  0.244  0.000  0.000  0.000  0.000  0.000  0.978
   8.48440    -33.284579  0.000  0.733  0.000  0.244  0.000  0.000  0.000  0.000  0.000  0.978
   8.48440    -33.127353  0.000  0.738  0.000  0.246  0.000  0.000  0.000  0.000  0.000  0.985
   8.43313    -33.127195  0.000  0.738  0.000  0.246  0.000  0.000  0.000  0.000  0.000  0.985
   8.38186    -33.126755  0.000  0.738  0.000  0.246  0.000  0.000  0.000  0.000  0.000  0.985
   8.33059    -33.126027  0.000  0.739  0.000  0.246  0.000  0.000  0.000  0.000  0.000  0.985
   8.27932    -33.125031  0.000  0.739  0.000  0.246  0.000  0.000  0.000  0.000  0.000  0.985
   8.22805    -33.123803  0.000  0.739  0.000  0.246  0.000  0.000  0.000  0.000  0.000  0.985
   8.17678    -33.122372  0.000  0.739  0.000  0.246  0.000  0.000  0.000  0.000  0.000  0.985
   8.12551    -33.120775  0.000  0.739  0.000  0.246  0.000  0.000  0.000  0.000  0.000  0.985
   8.07424    -33.119039  0.000  0.739  0.000  0.246  0.000  0.000  0.000  0.000  0.000  0.985
   8.02297    -33.117244  0.000  0.739  0.000  0.246  0.000  0.000  0.000  0.000  0.000  0.985
   7.97170    -33.115422  0.000  0.739  0.000  0.246  0.000  0.000  0.000  0.000  0.000  0.986
   7.92043    -33.113620  0.000  0.739  0.000  0.246  0.000  0.000  0.000  0.000  0.000  0.986
   7.86916    -33.111890  0.000  0.739  0.000  0.246  0.000  0.000  0.000  0.000  0.000  0.986
   7.81789    -33.110289  0.000  0.739  0.000  0.246  0.000  0.000  0.000  0.000  0.000  0.986
   7.76662    -33.108858  0.000  0.740  0.000  0.247  0.000  0.000  0.000  0.000  0.000  0.986
   7.71535    -33.107634  0.000  0.740  0.000  0.247  0.000  0.000  0.000  0.000  0.000  0.986
   7.66408    -33.106633  0.000  0.740  0.000  0.247  0.000  0.000  0.000  0.000  0.000  0.986
   7.61281    -33.105900  0.000  0.740  0.000  0.247  0.000  0.000  0.000  0.000  0.000  0.986
   7.56153    -33.105459  0.000  0.740  0.000  0.247  0.000  0.000  0.000  0.000  0.000  0.986
   7.51026    -33.105337  0.000  0.740  0.000  0.247  0.000  0.000  0.000  0.000  0.000  0.986
   7.51026    -33.018639  0.000  0.742  0.000  0.247  0.000  0.000  0.000  0.000  0.000  0.990
   7.43757    -33.019436  0.000  0.247  0.000  0.742  0.000  0.000  0.000  0.000  0.000  0.990
   7.36487    -33.021841  0.000  0.247  0.000  0.742  0.000  0.000  0.000  0.000  0.000  0.990
   7.29217    -33.025859  0.000  0.247  0.000  0.742  0.000  0.000  0.000  0.000  0.000  0.989
   7.21948    -33.031487  0.000  0.247  0.000  0.742  0.000  0.000  0.000  0.000  0.000  0.989
   7.14678    -33.038768  0.000  0.247  0.000  0.742  0.000  0.000  0.000  0.000  0.000  0.989
   7.07408    -33.047712  0.000  0.247  0.000  0.741  0.000  0.000  0.000  0.000  0.000  0.989
   7.00138    -33.058313  0.000  0.247  0.000  0.741  0.000  0.000  0.000  0.000  0.000  0.988
   6.92869    -33.070572  0.000  0.247  0.000  0.741  0.000  0.000  0.000  0.000  0.000  0.988
   6.85599    -33.084482  0.000  0.247  0.000  0.740  0.000  0.000  0.000  0.000  0.000  0.987
   6.78329    -33.099972  0.000  0.247  0.000  0.740  0.000  0.000  0.000  0.000  0.000  0.986
   6.71060    -33.116962  0.000  0.246  0.000  0.739  0.000  0.000  0.000  0.000  0.000  0.986
   6.63790    -33.135352  0.000  0.246  0.000  0.738  0.000  0.000  0.000  0.000  0.000  0.985
   6.56520    -33.154942  0.000  0.246  0.000  0.738  0.000  0.000  0.000  0.000  0.000  0.984
   6.49250    -33.175558  0.000  0.246  0.000  0.737  0.000  0.000  0.000  0.000  0.000  0.983
   6.41981    -33.196954  0.000  0.245  0.000  0.736  0.000  0.000  0.000  0.000  0.000  0.982
   6.34711    -33.218883  0.000  0.245  0.000  0.736  0.000  0.000  0.000  0.000  0.000  0.981
   6.27441    -33.241011  0.000  0.245  0.000  0.735  0.000  0.000  0.000  0.000  0.000  0.980
   6.20172    -33.263028  0.000  0.245  0.000  0.734  0.000  0.000  0.000  0.000  0.000  0.979
   6.12902    -33.284579  0.000  0.733  0.000  0.244  0.000  0.000  0.000  0.000  0.000  0.978
   6.12902    -33.284579  0.000  0.733  0.000  0.244  0.000  0.000  0.000  0.000  0.000  0.978
   6.09267    -33.273563  0.000  0.734  0.000  0.244  0.000  0.000  0.000  0.000  0.000  0.978
   6.05632    -33.261812  0.000  0.734  0.000  0.245  0.000  0.000  0.000  0.000  0.000  0.979
   6.01997    -33.249490  0.000  0.735  0.000  0.245  0.000  0.000  0.000  0.000  0.000  0.979
   5.98362    -33.236755  0.000  0.735  0.000  0.245  0.000  0.000  0.000  0.000  0.000  0.980
   5.94728    -33.223767  0.000  0.735  0.000  0.245  0.000  0.000  0.000  0.000  0.000  0.981
   5.91093    -33.210711  0.000  0.736  0.000  0.245  0.000  0.000  0.000  0.000  0.000  0.981
   5.87458    -33.197774  0.000  0.736  0.000  0.245  0.000  0.000  0.000  0.000  0.000  0.982
   5.83823    -33.185106  0.000  0.737  0.000  0.246  0.000  0.000  0.000  0.000  0.000  0.982
   5.80188    -33.172863  0.000  0.737  0.000  0.246  0.000  0.000  0.000  0.000  0.000  0.983
   5.76553    -33.161226  0.000  0.738  0.000  0.246  0.000  0.000  0.000  0.000  0.000  0.984
   5.72918    -33.150347  0.000  0.738  0.000  0.246  0.000  0.000  0.000  0.000  0.000  0.984
   5.69284    -33.140365  0.000  0.738  0.000  0.246  0.000  0.000  0.000  0.000  0.000  0.985
   5.65649    -33.131444  0.000  0.739  0.000  0.246  0.000  0.000  0.000  0.000  0.000  0.985
   5.62014    -33.123707  0.000  0.739  0.000  0.246  0.000  0.000  0.000  0.000  0.000  0.985
   5.58379    -33.117204  0.000  0.739  0.000  0.246  0.000  0.000  0.000  0.000  0.000  0.986
   5.54744    -33.112047  0.000  0.739  0.000  0.246  0.000  0.000  0.000  0.000  0.000  0.986
   5.51109    -33.108316  0.000  0.740  0.000  0.247  0.000  0.000  0.000  0.000  0.000  0.986
   5.47474    -33.106061  0.000  0.740  0.000  0.247  0.000  0.000  0.000  0.000  0.000  0.986
   5.43840    -33.105337  0.000  0.740  0.000  0.247  0.000  0.000  0.000  0.000  0.000  0.986
   5.43840    -33.105337  0.000  0.740  0.000  0.247  0.000  0.000  0.000  0.000  0.000  0.986
   5.37544    -33.104731  0.000  0.740  0.000  0.247  0.000  0.000  0.000  0.000  0.000  0.986
   5.31248    -33.102986  0.000  0.740  0.000  0.247  0.000  0.000  0.000  0.000  0.000  0.986
   5.24952    -33.100134  0.000  0.740  0.000  0.247  0.000  0.000  0.000  0.000  0.000  0.987
   5.18657    -33.096236  0.000  0.740  0.000  0.247  0.000  0.000  0.000  0.000  0.000  0.987
   5.12361    -33.091419  0.000  0.740  0.000  0.247  0.000  0.000  0.000  0.000  0.000  0.987
   5.06065    -33.085794  0.000  0.740  0.000  0.247  0.000  0.000  0.000  0.000  0.000  0.987
   4.99769    -33.079508  0.000  0.740  0.000  0.247  0.000  0.000  0.000  0.000  0.000  0.987
   4.93473    -33.072760  0.000  0.741  0.000  0.247  0.000  0.000  0.000  0.000  0.000  0.988
   4.87178    -33.065723  0.000  0.741  0.000  0.247  0.000  0.000  0.000  0.000  0.000  0.988
   4.80882    -33.058559  0.000  0.741  0.000  0.247  0.000  0.000  0.000  0.000  0.000  0.988
   4.74586    -33.051488  0.000  0.741  0.000  0.247  0.000  0.000  0.000  0.000  0.000  0.988
   4.68290    -33.044705  0.000  0.741  0.000  0.247  0.000  0.000  0.000  0.000  0.000  0.989
   4.61995    -33.038399  0.000  0.742  0.000  0.247  0.000  0.000  0.000  0.000  0.000  0.989
   4.55699    -33.032729  0.000  0.742  0.000  0.247  0.000  0.000  0.000  0.000  0.000  0.989
   4.49403    -33.027841  0.000  0.742  0.000  0.247  0.000  0.000  0.000  0.000  0.000  0.989
   4.43107    -33.023893  0.000  0.742  0.000  0.247  0.000  0.000  0.000  0.000  0.000  0.989
   4.36812    -33.021006  0.000  0.742  0.000  0.247  0.000  0.000  0.000  0.000  0.000  0.990
   4.30516    -33.019235  0.000  0.743  0.000  0.247  0.000  0.000  0.000  0.000  0.000  0.990
   4.24220    -33.018639  0.000  0.742  0.000  0.247  0.000  0.000  0.000  0.000  0.000  0.990
   4.24220    -33.018639  0.000  0.742  0.000  0.247  0.000  0.000  0.000  0.000  0.000  0.990
   4.19093    -33.018750  0.000  0.742  0.000  0.247  0.000  0.000  0.000  0.000  0.000  0.990
   4.13966    -33.019074  0.000  0.742  0.000  0.247  0.000  0.000  0.000  0.000  0.000  0.990
   4.08839    -33.019632  0.000  0.742  0.000  0.247  0.000  0.000  0.000  0.000  0.000  0.990
   4.03712    -33.020361  0.000  0.742  0.000  0.247  0.000  0.000  0.000  0.000  0.000  0.990
   3.98585    -33.021276  0.000  0.742  0.000  0.247  0.000  0.000  0.000  0.000  0.000  0.989
   3.93458    -33.022344  0.000  0.742  0.000  0.247  0.000  0.000  0.000  0.000  0.000  0.989
   3.88331    -33.023533  0.000  0.742  0.000  0.247  0.000  0.000  0.000  0.000  0.000  0.989
   3.83204    -33.024788  0.000  0.742  0.000  0.247  0.000  0.000  0.000  0.000  0.000  0.989
   3.78077    -33.026114  0.000  0.742  0.000  0.247  0.000  0.000  0.000  0.000  0.000  0.989
   3.72950    -33.027459  0.000  0.742  0.000  0.247  0.000  0.000  0.000  0.000  0.000  0.989
   3.67823    -33.028792  0.000  0.742  0.000  0.247  0.000  0.000  0.000  0.000  0.000  0.989
   3.62696    -33.030062  0.000  0.742  0.000  0.247  0.000  0.000  0.000  0.000  0.000  0.989
   3.57569    -33.031246  0.000  0.742  0.000  0.247  0.000  0.000  0.000  0.000  0.000  0.989
   3.52442    -33.032308  0.000  0.742  0.000  0.247  0.000  0.000  0.000  0.000  0.000  0.989
   3.47314    -33.033195  0.000  0.742  0.000  0.247  0.000  0.000  0.000  0.000  0.000  0.989
   3.42187    -33.033918  0.000  0.741  0.000  0.247  0.000  0.000  0.000  0.000  0.000  0.989
   3.37060    -33.034464  0.000  0.741  0.000  0.247  0.000  0.000  0.000  0.000  0.000  0.989
   3.31933    -33.034795  0.000  0.741  0.000  0.247  0.000  0.000  0.000  0.000  0.000  0.989
   3.26806    -33.034910  0.000  0.741  0.000  0.247  0.000  0.000  0.000  0.000  0.000  0.989
   3.26806    -33.034910  0.000  0.741  0.000  0.247  0.000  0.000  0.000  0.000  0.000  0.989
   3.19537    -33.035763  0.000  0.247  0.000  0.741  0.000  0.000  0.000  0.000  0.000  0.989
   3.12267    -33.038320  0.000  0.247  0.000  0.741  0.000  0.000  0.000  0.000  0.000  0.988
   3.04997    -33.042584  0.000  0.247  0.000  0.741  0.000  0.000  0.000  0.000  0.000  0.988
   2.97727    -33.048587  0.000  0.247  0.000  0.741  0.000  0.000  0.000  0.000  0.000  0.988
   2.90458    -33.056322  0.000  0.247  0.000  0.741  0.000  0.000  0.000  0.000  0.000  0.988
   2.83188    -33.065800  0.000  0.247  0.000  0.740  0.000  0.000  0.000  0.000  0.000  0.987
   2.75918    -33.077039  0.000  0.247  0.000  0.740  0.000  0.000  0.000  0.000  0.000  0.987
   2.68649    -33.089993  0.000  0.247  0.000  0.740  0.000  0.000  0.000  0.000  0.000  0.986
   2.61379    -33.104655  0.000  0.246  0.000  0.739  0.000  0.000  0.000  0.000  0.000  0.985
   2.54109    -33.120960  0.000  0.246  0.000  0.738  0.000  0.000  0.000  0.000  0.000  0.985
   2.46839    -33.138803  0.000  0.246  0.000  0.738  0.000  0.000  0.000  0.000  0.000  0.984
   2.39570    -33.158040  0.000  0.246  0.000  0.737  0.000  0.000  0.000  0.000  0.000  0.983
   2.32300    -33.178533  0.000  0.245  0.000  0.736  0.000  0.000  0.000  0.000  0.000  0.982
   2.25030    -33.200050  0.000  0.245  0.000  0.736  0.000  0.000  0.000  0.000  0.000  0.981
   2.17761    -33.222346  0.000  0.245  0.000  0.735  0.000  0.000  0.000  0.000  0.000  0.980
   2.10491    -33.245137  0.000  0.245  0.000  0.734  0.000  0.000  0.000  0.000  0.000  0.979
   2.03221    -33.268020  0.000  0.000  0.986  0.000  0.000  0.000  0.000  0.000  0.000  0.986
   1.95951    -33.266950  0.000  0.000  0.986  0.000  0.000  0.000  0.000  0.000  0.000  0.986
   1.88682    -33.266633  0.000  0.000  0.986  0.000  0.000  0.000  0.000  0.000  0.000  0.986
   1.88682    -33.266633  0.000  0.000  0.986  0.000  0.000  0.000  0.000  0.000  0.000  0.986
   1.85047    -33.266707  0.000  0.000  0.986  0.000  0.000  0.000  0.000  0.000  0.000  0.986
   1.81412    -33.266935  0.000  0.000  0.986  0.000  0.000  0.000  0.000  0.000  0.000  0.986
   1.77777    -33.267272  0.000  0.000  0.986  0.000  0.000  0.000  0.000  0.000  0.000  0.986
   1.74142    -33.263731  0.000  0.733  0.000  0.244  0.000  0.000  0.000  0.000  0.000  0.978
   1.70507    -33.250286  0.000  0.734  0.000  0.245  0.000  0.000  0.000  0.000  0.000  0.978
   1.66873    -33.236751  0.000  0.734  0.000  0.245  0.000  0.000  0.000  0.000  0.000  0.979
   1.63238    -33.223312  0.000  0.735  0.000  0.245  0.000  0.000  0.000  0.000  0.000  0.980
   1.59603    -33.210171  0.000  0.735  0.000  0.245  0.000  0.000  0.000  0.000  0.000  0.980
   1.55968    -33.197484  0.000  0.736  0.000  0.245  0.000  0.000  0.000  0.000  0.000  0.981
   1.52333    -33.185415  0.000  0.736  0.000  0.245  0.000  0.000  0.000  0.000  0.000  0.982
   1.48698    -33.174133  0.000  0.737  0.000  0.246  0.000  0.000  0.000  0.000  0.000  0.982
   1.45063    -33.163785  0.000  0.737  0.000  0.246  0.000  0.000  0.000  0.000  0.000  0.983
   1.41429    -33.154511  0.000  0.737  0.000  0.246  0.000  0.000  0.000  0.000  0.000  0.983
   1.37794    -33.146444  0.000  0.738  0.000  0.246  0.000  0.000  0.000  0.000  0.000  0.984
   1.34159    -33.139696  0.000  0.738  0.000  0.246  0.000  0.000  0.000  0.000  0.000  0.984
   1.30524    -33.134353  0.000  0.738  0.000  0.246  0.000  0.000  0.000  0.000  0.000  0.984
   1.26889    -33.130473  0.000  0.738  0.000  0.246  0.000  0.000  0.000  0.000  0.000  0.984
   1.23254    -33.128133  0.000  0.738  0.000  0.246  0.000  0.000  0.000  0.000  0.000  0.985
   1.19619    -33.127353  0.000  0.738  0.000  0.246  0.000  0.000  0.000  0.000  0.000  0.985
   1.19619    -33.127353  0.000  0.738  0.000  0.246  0.000  0.000  0.000  0.000  0.000  0.985
   1.13324    -33.126726  0.000  0.738  0.000  0.246  0.000  0.000  0.000  0.000  0.000  0.985
   1.07028    -33.124864  0.000  0.739  0.000  0.246  0.000  0.000  0.000  0.000  0.000  0.985
   1.00732    -33.121818  0.000  0.739  0.000  0.246  0.000  0.000  0.000  0.000  0.000  0.985
   0.94436    -33.117676  0.000  0.739  0.000  0.246  0.000  0.000  0.000  0.000  0.000  0.985
   0.88141    -33.112561  0.000  0.739  0.000  0.246  0.000  0.000  0.000  0.000  0.000  0.985
   0.81845    -33.106571  0.000  0.739  0.000  0.246  0.000  0.000  0.000  0.000  0.000  0.986
   0.75549    -33.099886  0.000  0.739  0.000  0.246  0.000  0.000  0.000  0.000  0.000  0.986
   0.69253    -33.092686  0.000  0.740  0.000  0.247  0.000  0.000  0.000  0.000  0.000  0.986
   0.62958    -33.085152  0.000  0.740  0.000  0.247  0.000  0.000  0.000  0.000  0.000  0.986
   0.56662    -33.077514  0.000  0.740  0.000  0.247  0.000  0.000  0.000  0.000  0.000  0.987
   0.50366    -33.069982  0.000  0.740  0.000  0.247  0.000  0.000  0.000  0.000  0.000  0.987
   0.44070    -33.062750  0.000  0.741  0.000  0.247  0.000  0.000  0.000  0.000  0.000  0.987
   0.37775    -33.056015  0.000  0.741  0.000  0.247  0.000  0.000  0.000  0.000  0.000  0.988
   0.31479    -33.049951  0.000  0.741  0.000  0.247  0.000  0.000  0.000  0.000  0.000  0.988
   0.25183    -33.044736  0.000  0.741  0.000  0.247  0.000  0.000  0.000  0.000  0.000  0.988
   0.18887    -33.040523  0.000  0.741  0.000  0.247  0.000  0.000  0.000  0.000  0.000  0.988
   0.12592    -33.037432  0.000  0.742  0.000  0.247  0.000  0.000  0.000  0.000  0.000  0.988
   0.06296    -33.035547  0.000  0.742  0.000  0.246  0.000  0.000  0.000  0.000  0.000  0.989
   0.00000    -33.034910  0.000  0.741  0.000  0.247  0.000  0.000  0.000  0.000  0.000  0.989
 
# Band-Index:    5
   0.00000    -13.540860  0.102  0.000  0.000  0.000  0.000  0.000  0.004  0.000  0.000  0.106
   0.06296    -13.527475  0.101  0.000  0.000  0.000  0.000  0.000  0.004  0.000  0.000  0.106
   0.12592    -13.487428  0.101  0.000  0.000  0.001  0.000  0.000  0.004  0.000  0.000  0.106
   0.18887    -13.420970  0.099  0.001  0.000  0.002  0.000  0.000  0.004  0.000  0.000  0.106
   0.25183    -13.328503  0.098  0.001  0.000  0.003  0.000  0.000  0.004  0.000  0.000  0.106
   0.31479    -13.210529  0.096  0.001  0.000  0.004  0.000  0.000  0.005  0.000  0.000  0.106
   0.37775    -13.067661  0.093  0.002  0.000  0.006  0.000  0.000  0.005  0.000  0.000  0.106
   0.44070    -12.900649  0.090  0.003  0.000  0.008  0.000  0.000  0.006  0.000  0.000  0.107
   0.50366    -12.710329  0.087  0.003  0.000  0.010  0.001  0.000  0.006  0.000  0.000  0.107
   0.56662    -12.497553  0.084  0.004  0.000  0.012  0.001  0.000  0.007  0.000  0.000  0.107
   0.62958    -12.263283  0.080  0.005  0.000  0.014  0.001  0.000  0.007  0.000  0.000  0.108
   0.69253    -12.008500  0.076  0.005  0.000  0.016  0.002  0.000  0.008  0.000  0.001  0.108
   0.75549    -11.734080  0.072  0.006  0.000  0.019  0.003  0.000  0.008  0.000  0.001  0.108
   0.81845    -11.441036  0.068  0.007  0.000  0.021  0.004  0.000  0.009  0.000  0.001  0.109
   0.88141    -11.130332  0.063  0.007  0.000  0.022  0.005  0.000  0.010  0.000  0.002  0.110
   0.94436    -10.802981  0.059  0.008  0.000  0.024  0.007  0.000  0.011  0.000  0.002  0.110
   1.00732    -10.460027  0.055  0.008  0.000  0.025  0.009  0.000  0.012  0.000  0.003  0.112
   1.07028    -10.102678  0.051  0.009  0.000  0.026  0.011  0.000  0.013  0.000  0.004  0.113
   1.13324     -9.733118  0.050  0.008  0.000  0.025  0.016  0.000  0.014  0.000  0.005  0.117
   1.19619     -9.405081  0.078  0.000  0.000  0.000  0.033  0.000  0.026  0.000  0.011  0.147
   1.19619     -9.405081  0.078  0.000  0.000  0.000  0.033  0.000  0.026  0.000  0.011  0.147
   1.23254     -9.400465  0.078  0.000  0.000  0.000  0.033  0.000  0.026  0.000  0.011  0.147
   1.26889     -9.386654  0.077  0.000  0.000  0.000  0.033  0.000  0.026  0.000  0.011  0.147
   1.30524     -9.363682  0.077  0.001  0.000  0.000  0.032  0.000  0.026  0.000  0.011  0.147
   1.34159     -9.331674  0.076  0.002  0.000  0.001  0.032  0.000  0.026  0.000  0.011  0.147
   1.37794     -9.290760  0.075  0.002  0.000  0.001  0.032  0.000  0.026  0.000  0.011  0.146
   1.41429     -9.241123  0.073  0.003  0.000  0.001  0.031  0.000  0.026  0.000  0.010  0.145
   1.45063     -9.182990  0.071  0.005  0.000  0.002  0.030  0.000  0.026  0.000  0.010  0.145
   1.48698     -9.122040  0.000  0.019  0.000  0.058  0.002  0.000  0.000  0.000  0.005  0.084
   1.52333     -9.079300  0.000  0.019  0.000  0.058  0.002  0.000  0.000  0.000  0.006  0.084
   1.55968     -9.031430  0.000  0.019  0.000  0.057  0.002  0.000  0.000  0.000  0.007  0.085
   1.59603     -8.978393  0.000  0.019  0.000  0.056  0.003  0.000  0.000  0.000  0.009  0.087
   1.63238     -8.920161  0.000  0.019  0.000  0.056  0.003  0.000  0.000  0.000  0.010  0.088
   1.66873     -8.856705  0.000  0.018  0.000  0.055  0.004  0.000  0.000  0.000  0.012  0.089
   1.70507     -8.787969  0.000  0.018  0.000  0.054  0.005  0.000  0.000  0.000  0.014  0.091
   1.74142     -8.713919  0.000  0.018  0.000  0.053  0.005  0.000  0.000  0.000  0.016  0.092
   1.77777     -8.634533  0.000  0.017  0.000  0.052  0.006  0.000  0.000  0.000  0.018  0.094
   1.81412     -8.549763  0.000  0.017  0.000  0.051  0.007  0.000  0.000  0.000  0.021  0.096
   1.85047     -8.459567  0.000  0.017  0.000  0.050  0.008  0.000  0.000  0.000  0.023  0.097
   1.88682     -8.363925  0.000  0.016  0.000  0.049  0.009  0.000  0.000  0.000  0.026  0.100
   1.88682     -8.363925  0.000  0.016  0.000  0.049  0.009  0.000  0.000  0.000  0.026  0.100
   1.95951     -8.676360  0.011  0.045  0.000  0.015  0.019  0.000  0.005  0.000  0.006  0.102
   2.03221     -9.095289  0.024  0.040  0.000  0.013  0.014  0.000  0.010  0.000  0.005  0.106
   2.10491     -9.533815  0.034  0.036  0.000  0.012  0.011  0.000  0.011  0.000  0.004  0.107
   2.17761     -9.967245  0.043  0.032  0.000  0.011  0.008  0.000  0.012  0.000  0.003  0.108
   2.25030    -10.386648  0.050  0.029  0.000  0.010  0.006  0.000  0.011  0.000  0.002  0.108
   2.32300    -10.787686  0.056  0.026  0.000  0.009  0.005  0.000  0.011  0.000  0.002  0.108
   2.39570    -11.167714  0.062  0.024  0.000  0.008  0.003  0.000  0.010  0.000  0.001  0.108
   2.46839    -11.524792  0.068  0.021  0.000  0.007  0.003  0.000  0.009  0.000  0.001  0.108
   2.54109    -11.857254  0.073  0.018  0.000  0.006  0.002  0.000  0.008  0.000  0.001  0.108
   2.61379    -12.163718  0.078  0.015  0.000  0.005  0.001  0.000  0.007  0.000  0.000  0.108
   2.68649    -12.442754  0.083  0.013  0.000  0.004  0.001  0.000  0.007  0.000  0.000  0.107
   2.75918    -12.693015  0.087  0.010  0.000  0.003  0.000  0.000  0.006  0.000  0.000  0.107
   2.83188    -12.913203  0.090  0.008  0.000  0.003  0.000  0.000  0.006  0.000  0.000  0.107
   2.90458    -13.102080  0.094  0.006  0.000  0.002  0.000  0.000  0.005  0.000  0.000  0.106
   2.97727    -13.258460  0.096  0.004  0.000  0.001  0.000  0.000  0.005  0.000  0.000  0.106
   3.04997    -13.381266  0.099  0.002  0.000  0.001  0.000  0.000  0.004  0.000  0.000  0.106
   3.12267    -13.469686  0.100  0.001  0.000  0.000  0.000  0.000  0.004  0.000  0.000  0.106
   3.19537    -13.523021  0.101  0.000  0.000  0.000  0.000  0.000  0.004  0.000  0.000  0.106
   3.26806    -13.540860  0.102  0.000  0.000  0.000  0.000  0.000  0.004  0.000  0.000  0.106
   3.26806    -13.540860  0.102  0.000  0.000  0.000  0.000  0.000  0.004  0.000  0.000  0.106
   3.31933    -13.531562  0.101  0.000  0.000  0.000  0.000  0.000  0.004  0.000  0.000  0.105
   3.37060    -13.503810  0.100  0.000  0.001  0.000  0.000  0.000  0.004  0.000  0.000  0.105
   3.42187    -13.457875  0.099  0.000  0.003  0.000  0.000  0.000  0.004  0.000  0.000  0.105
   3.47314    -13.394261  0.097  0.000  0.005  0.000  0.000  0.000  0.003  0.000  0.000  0.105
   3.52442    -13.313606  0.094  0.000  0.008  0.000  0.000  0.000  0.003  0.000  0.000  0.105
   3.57569    -13.216770  0.090  0.000  0.012  0.000  0.000  0.000  0.003  0.000  0.000  0.105
   3.62696    -13.104871  0.086  0.000  0.016  0.000  0.000  0.000  0.002  0.000  0.000  0.105
   3.67823    -12.979292  0.081  0.000  0.021  0.000  0.000  0.000  0.002  0.000  0.000  0.104
   3.72950    -12.841729  0.075  0.000  0.026  0.000  0.000  0.000  0.002  0.000  0.000  0.103
   3.78077    -12.694276  0.069  0.000  0.032  0.000  0.000  0.000  0.001  0.000  0.000  0.102
   3.83204    -12.539454  0.061  0.000  0.039  0.000  0.000  0.000  0.001  0.000  0.000  0.101
   3.88331    -12.380538  0.053  0.000  0.045  0.000  0.000  0.000  0.001  0.000  0.000  0.099
   3.93458    -12.221427  0.044  0.000  0.052  0.000  0.000  0.000  0.000  0.000  0.000  0.097
   3.98585    -12.067209  0.035  0.000  0.060  0.000  0.000  0.000  0.000  0.000  0.000  0.095
   4.03712    -11.924103  0.025  0.000  0.067  0.000  0.000  0.000  0.000  0.000  0.000  0.092
   4.08839    -11.799567  0.016  0.000  0.074  0.000  0.000  0.000  0.000  0.000  0.000  0.089
   4.13966    -11.701905  0.008  0.000  0.079  0.000  0.000  0.000  0.000  0.000  0.000  0.087
   4.19093    -11.639189  0.002  0.000  0.083  0.000  0.000  0.000  0.000  0.000  0.000  0.085
   4.24220    -11.617508  0.000  0.000  0.084  0.000  0.000  0.000  0.000  0.000  0.000  0.084
   4.24220    -11.617508  0.000  0.000  0.084  0.000  0.000  0.000  0.000  0.000  0.000  0.084
   4.30516    -11.611035  0.000  0.000  0.084  0.000  0.000  0.000  0.000  0.000  0.000  0.085
   4.36812    -11.591607  0.000  0.000  0.083  0.000  0.000  0.000  0.000  0.001  0.000  0.085
   4.43107    -11.559182  0.000  0.000  0.082  0.000  0.000  0.001  0.000  0.003  0.000  0.086
   4.49403    -11.513710  0.000  0.000  0.080  0.000  0.000  0.002  0.000  0.005  0.000  0.087
   4.55699    -11.455121  0.000  0.000  0.078  0.000  0.000  0.003  0.000  0.008  0.000  0.088
   4.61995    -11.383350  0.000  0.000  0.075  0.000  0.000  0.004  0.000  0.011  0.000  0.090
   4.68290    -11.298379  0.000  0.000  0.072  0.000  0.000  0.005  0.000  0.015  0.000  0.092
   4.74586    -11.200246  0.000  0.000  0.068  0.000  0.000  0.006  0.000  0.019  0.000  0.094
   4.80882    -11.089113  0.000  0.000  0.064  0.000  0.000  0.008  0.000  0.025  0.000  0.097
   4.87178    -10.965332  0.000  0.000  0.059  0.000  0.000  0.010  0.000  0.031  0.000  0.100
   4.93473    -10.829527  0.000  0.000  0.054  0.000  0.000  0.012  0.000  0.037  0.000  0.103
   4.99769    -10.682815  0.000  0.000  0.048  0.000  0.000  0.015  0.000  0.045  0.000  0.108
   5.06065    -10.527089  0.000  0.000  0.041  0.000  0.000  0.018  0.000  0.053  0.000  0.112
   5.12361    -10.365501  0.000  0.000  0.034  0.000  0.000  0.021  0.000  0.063  0.000  0.118
   5.18657    -10.203260  0.000  0.000  0.026  0.000  0.000  0.024  0.000  0.073  0.000  0.124
   5.24952    -10.048856  0.000  0.000  0.018  0.000  0.000  0.028  0.000  0.085  0.000  0.131
   5.31248     -9.915632  0.000  0.000  0.009  0.000  0.000  0.032  0.000  0.097  0.000  0.138
   5.37544     -9.822281  0.000  0.000  0.003  0.000  0.000  0.035  0.000  0.106  0.000  0.144
   5.43840     -9.788209  0.000  0.000  0.000  0.000  0.000  0.037  0.000  0.110  0.000  0.146
   5.43840     -9.788209  0.000  0.000  0.000  0.000  0.000  0.037  0.000  0.110  0.000  0.146
   5.47474     -9.784905  0.000  0.000  0.000  0.000  0.000  0.037  0.000  0.110  0.000  0.146
   5.51109     -9.775020  0.000  0.000  0.000  0.000  0.000  0.037  0.000  0.110  0.000  0.146
   5.54744     -9.758547  0.000  0.000  0.000  0.000  0.000  0.037  0.000  0.110  0.000  0.146
   5.58379     -9.735487  0.000  0.000  0.000  0.000  0.000  0.037  0.000  0.110  0.000  0.146
   5.62014     -9.705839  0.000  0.000  0.000  0.000  0.000  0.037  0.000  0.110  0.000  0.146
   5.65649     -9.669608  0.000  0.000  0.000  0.000  0.000  0.037  0.000  0.110  0.000  0.146
   5.69284     -9.626816  0.000  0.000  0.000  0.000  0.000  0.037  0.000  0.110  0.000  0.146
   5.72918     -9.577474  0.000  0.000  0.000  0.000  0.000  0.037  0.000  0.110  0.000  0.146
   5.76553     -9.521560  0.000  0.000  0.000  0.000  0.000  0.037  0.000  0.110  0.000  0.146
   5.80188     -9.459103  0.000  0.000  0.000  0.000  0.000  0.037  0.000  0.110  0.000  0.146
   5.83823     -9.390116  0.000  0.000  0.000  0.000  0.000  0.037  0.000  0.110  0.000  0.146
   5.87458     -9.314592  0.000  0.000  0.000  0.000  0.000  0.037  0.000  0.110  0.000  0.146
   5.91093     -9.232561  0.000  0.000  0.000  0.000  0.000  0.037  0.000  0.110  0.000  0.146
   5.94728     -9.144032  0.000  0.000  0.000  0.000  0.000  0.037  0.000  0.110  0.000  0.147
   5.98362     -9.049032  0.000  0.000  0.000  0.000  0.000  0.037  0.000  0.110  0.000  0.147
   6.01997     -8.947571  0.000  0.000  0.000  0.000  0.000  0.037  0.000  0.110  0.000  0.147
   6.05632     -8.839677  0.000  0.000  0.000  0.000  0.000  0.037  0.000  0.110  0.000  0.147
   6.09267     -8.725381  0.000  0.000  0.000  0.000  0.000  0.037  0.000  0.110  0.000  0.147
   6.12902     -8.604710  0.000  0.000  0.000  0.000  0.000  0.037  0.000  0.111  0.000  0.148
   6.12902     -8.604710  0.000  0.000  0.000  0.000  0.000  0.037  0.000  0.111  0.000  0.148
   6.20172     -8.859706  0.000  0.000  0.002  0.000  0.000  0.108  0.000  0.036  0.000  0.146
   6.27441     -9.123176  0.000  0.000  0.006  0.000  0.000  0.102  0.000  0.034  0.000  0.141
   6.34711     -9.387193  0.000  0.000  0.011  0.000  0.000  0.094  0.000  0.031  0.000  0.136
   6.41981     -9.645666  0.000  0.000  0.018  0.000  0.000  0.085  0.000  0.028  0.000  0.131
   6.49250     -9.894164  0.000  0.000  0.025  0.000  0.000  0.075  0.000  0.025  0.000  0.125
   6.56520    -10.129582  0.000  0.000  0.032  0.000  0.000  0.066  0.000  0.022  0.000  0.119
   6.63790    -10.349812  0.000  0.000  0.038  0.000  0.000  0.057  0.000  0.019  0.000  0.114
   6.71060    -10.553478  0.000  0.000  0.045  0.000  0.000  0.048  0.000  0.016  0.000  0.109
   6.78329    -10.739740  0.000  0.000  0.052  0.000  0.000  0.040  0.000  0.013  0.000  0.105
   6.85599    -10.908101  0.000  0.000  0.057  0.000  0.000  0.032  0.000  0.011  0.000  0.101
   6.92869    -11.058335  0.000  0.000  0.063  0.000  0.000  0.026  0.000  0.009  0.000  0.097
   7.00138    -11.190461  0.000  0.000  0.068  0.000  0.000  0.020  0.000  0.007  0.000  0.094
   7.07408    -11.304518  0.000  0.000  0.072  0.000  0.000  0.014  0.000  0.005  0.000  0.091
   7.14678    -11.400635  0.000  0.000  0.076  0.000  0.000  0.010  0.000  0.003  0.000  0.089
   7.21948    -11.478974  0.000  0.000  0.079  0.000  0.000  0.006  0.000  0.002  0.000  0.088
   7.29217    -11.539704  0.000  0.000  0.081  0.000  0.000  0.004  0.000  0.001  0.000  0.086
   7.36487    -11.582966  0.000  0.000  0.083  0.000  0.000  0.002  0.000  0.001  0.000  0.085
   7.43757    -11.608879  0.000  0.000  0.084  0.000  0.000  0.000  0.000  0.000  0.000  0.085
   7.51026    -11.617508  0.000  0.000  0.084  0.000  0.000  0.000  0.000  0.000  0.000  0.084
   7.51026     -9.788209  0.000  0.000  0.000  0.000  0.000  0.037  0.000  0.110  0.000  0.146
   7.56153     -9.784898  0.000  0.000  0.000  0.000  0.000  0.036  0.000  0.109  0.000  0.146
   7.61281     -9.775061  0.000  0.000  0.000  0.001  0.000  0.036  0.000  0.107  0.000  0.145
   7.66408     -9.758934  0.000  0.001  0.000  0.003  0.000  0.035  0.000  0.104  0.000  0.143
   7.71535     -9.736901  0.000  0.002  0.000  0.005  0.000  0.033  0.000  0.100  0.000  0.140
   7.76662     -9.709499  0.000  0.003  0.000  0.008  0.000  0.032  0.000  0.095  0.000  0.137
   7.81789     -9.677401  0.000  0.004  0.000  0.012  0.000  0.029  0.000  0.088  0.000  0.133
   7.86916     -9.641428  0.000  0.005  0.000  0.016  0.000  0.027  0.000  0.081  0.000  0.129
   7.92043     -9.602493  0.000  0.007  0.000  0.020  0.000  0.024  0.000  0.073  0.000  0.124
   7.97170     -9.561600  0.000  0.008  0.000  0.025  0.000  0.021  0.000  0.064  0.000  0.119
   8.02297     -9.519848  0.000  0.010  0.000  0.030  0.000  0.018  0.000  0.055  0.000  0.114
   8.07424     -9.478360  0.000  0.012  0.000  0.035  0.000  0.015  0.000  0.046  0.000  0.108
   8.12551     -9.438300  0.000  0.013  0.000  0.040  0.000  0.012  0.000  0.037  0.000  0.103
   8.17678     -9.400787  0.000  0.015  0.000  0.045  0.000  0.010  0.000  0.029  0.000  0.098
   8.22805     -9.366912  0.000  0.016  0.000  0.049  0.000  0.007  0.000  0.021  0.000  0.093
   8.27932     -9.337676  0.000  0.018  0.000  0.053  0.000  0.005  0.000  0.014  0.000  0.089
   8.33059     -9.323658  0.075  0.000  0.003  0.000  0.032  0.000  0.024  0.000  0.011  0.146
   8.38186     -9.368700  0.077  0.000  0.001  0.000  0.033  0.000  0.025  0.000  0.011  0.147
   8.43313     -9.395954  0.078  0.000  0.000  0.000  0.033  0.000  0.026  0.000  0.011  0.147
   8.48440     -9.405081  0.078  0.000  0.000  0.000  0.033  0.000  0.026  0.000  0.011  0.147
   8.48440     -8.604710  0.000  0.000  0.000  0.000  0.000  0.037  0.000  0.111  0.000  0.148
   8.53567     -8.602933  0.000  0.000  0.000  0.000  0.000  0.037  0.000  0.110  0.000  0.147
   8.58694     -8.597652  0.000  0.000  0.000  0.001  0.000  0.036  0.000  0.108  0.001  0.146
   8.63821     -8.589056  0.000  0.001  0.000  0.003  0.000  0.035  0.000  0.104  0.001  0.145
   8.68948     -8.577421  0.000  0.002  0.000  0.005  0.001  0.033  0.000  0.099  0.003  0.142
   8.74075     -8.563122  0.000  0.003  0.000  0.008  0.001  0.031  0.000  0.093  0.004  0.140
   8.79203     -8.546620  0.000  0.004  0.000  0.011  0.002  0.029  0.000  0.086  0.005  0.137
   8.84330     -8.528420  0.000  0.005  0.000  0.015  0.002  0.026  0.000  0.078  0.007  0.133
   8.89457     -8.509076  0.000  0.006  0.000  0.018  0.003  0.023  0.000  0.069  0.009  0.129
   8.94584     -8.489164  0.000  0.007  0.000  0.022  0.004  0.020  0.000  0.060  0.011  0.125
   8.99711     -8.469258  0.000  0.009  0.000  0.026  0.004  0.017  0.000  0.051  0.013  0.121
   9.04838     -8.449905  0.000  0.010  0.000  0.030  0.005  0.014  0.000  0.042  0.016  0.117
   9.09965     -8.431610  0.000  0.011  0.000  0.034  0.006  0.011  0.000  0.033  0.018  0.114
   9.15092     -8.414827  0.000  0.013  0.000  0.038  0.007  0.008  0.000  0.025  0.020  0.110
   9.20219     -8.399971  0.000  0.014  0.000  0.041  0.007  0.006  0.000  0.018  0.021  0.107
   9.25346     -8.387359  0.000  0.015  0.000  0.044  0.008  0.004  0.000  0.012  0.023  0.104
   9.30473     -8.377260  0.000  0.015  0.000  0.046  0.008  0.002  0.000  0.007  0.024  0.102
   9.35600     -8.369910  0.000  0.016  0.000  0.048  0.008  0.001  0.000  0.003  0.025  0.101
   9.40727     -8.365432  0.000  0.016  0.000  0.049  0.009  0.000  0.000  0.001  0.026  0.100
   9.45854     -8.363925  0.000  0.016  0.000  0.049  0.009  0.000  0.000  0.000  0.026  0.100
 
# Band-Index:    6
   9.45854     -8.363909  0.000  0.049  0.000  0.016  0.026  0.000  0.000  0.000  0.009  0.100
   9.40727     -8.365416  0.000  0.049  0.000  0.016  0.026  0.001  0.000  0.000  0.009  0.100
   9.35600     -8.369894  0.000  0.048  0.000  0.016  0.025  0.003  0.000  0.001  0.008  0.101
   9.30473     -8.377244  0.000  0.046  0.000  0.015  0.024  0.007  0.000  0.002  0.008  0.102
   9.25346     -8.387343  0.000  0.044  0.000  0.015  0.023  0.012  0.000  0.004  0.008  0.104
   9.20219     -8.399955  0.000  0.041  0.000  0.014  0.021  0.018  0.000  0.006  0.007  0.107
   9.15092     -8.414811  0.000  0.038  0.000  0.013  0.020  0.025  0.000  0.008  0.007  0.110
   9.09965     -8.431594  0.000  0.034  0.000  0.011  0.018  0.033  0.000  0.011  0.006  0.114
   9.04838     -8.449888  0.000  0.030  0.000  0.010  0.016  0.042  0.000  0.014  0.005  0.117
   8.99711     -8.469241  0.000  0.026  0.000  0.009  0.013  0.051  0.000  0.017  0.004  0.121
   8.94584     -8.489147  0.000  0.022  0.000  0.007  0.011  0.060  0.000  0.020  0.004  0.125
   8.89457     -8.509059  0.000  0.018  0.000  0.006  0.009  0.069  0.000  0.023  0.003  0.129
   8.84330     -8.528404  0.000  0.015  0.000  0.005  0.007  0.078  0.000  0.026  0.002  0.133
   8.79203     -8.546604  0.000  0.011  0.000  0.004  0.005  0.086  0.000  0.029  0.002  0.137
   8.74075     -8.563105  0.000  0.008  0.000  0.003  0.004  0.093  0.000  0.031  0.001  0.140
   8.68948     -8.577404  0.000  0.005  0.000  0.002  0.003  0.099  0.000  0.033  0.001  0.142
   8.63821     -8.589040  0.000  0.003  0.000  0.001  0.001  0.104  0.000  0.035  0.000  0.145
   8.58694     -8.597635  0.000  0.001  0.000  0.000  0.001  0.108  0.000  0.036  0.000  0.146
   8.53567     -8.602916  0.000  0.000  0.000  0.000  0.000  0.110  0.000  0.037  0.000  0.147
   8.48440     -8.604693  0.000  0.000  0.000  0.000  0.000  0.111  0.000  0.037  0.000  0.148
   8.48440     -9.282143  0.000  0.020  0.000  0.060  0.000  0.000  0.000  0.000  0.000  0.080
   8.43313     -9.285744  0.000  0.020  0.000  0.060  0.000  0.000  0.000  0.001  0.000  0.081
   8.38186     -9.296457  0.000  0.019  0.000  0.058  0.000  0.001  0.000  0.004  0.000  0.082
   8.33059     -9.313948  0.000  0.019  0.000  0.056  0.000  0.003  0.000  0.008  0.000  0.085
   8.27932     -9.261329  0.073  0.000  0.005  0.000  0.032  0.000  0.023  0.000  0.011  0.145
   8.22805     -9.182477  0.070  0.000  0.008  0.000  0.032  0.000  0.022  0.000  0.011  0.143
   8.17678     -9.088099  0.067  0.000  0.012  0.000  0.031  0.000  0.020  0.000  0.010  0.141
   8.12551     -8.979410  0.063  0.000  0.016  0.000  0.030  0.000  0.019  0.000  0.010  0.138
   8.07424     -8.857910  0.059  0.000  0.020  0.000  0.029  0.000  0.017  0.000  0.010  0.135
   8.02297     -8.725448  0.054  0.000  0.025  0.000  0.028  0.000  0.015  0.000  0.009  0.131
   7.97170     -8.584237  0.049  0.000  0.031  0.000  0.026  0.000  0.013  0.000  0.009  0.127
   7.92043     -8.436915  0.043  0.000  0.037  0.000  0.024  0.000  0.011  0.000  0.008  0.122
   7.86916     -8.286717  0.036  0.000  0.043  0.000  0.021  0.000  0.009  0.000  0.007  0.116
   7.81789     -8.137605  0.030  0.000  0.049  0.000  0.018  0.000  0.007  0.000  0.006  0.110
   7.76662     -7.994378  0.023  0.000  0.056  0.000  0.015  0.000  0.005  0.000  0.005  0.103
   7.71535     -7.862730  0.016  0.000  0.062  0.000  0.011  0.000  0.003  0.000  0.004  0.095
   7.66408     -7.749277  0.010  0.000  0.067  0.000  0.007  0.000  0.002  0.000  0.002  0.088
   7.61281     -7.661135  0.005  0.000  0.072  0.000  0.003  0.000  0.001  0.000  0.001  0.082
   7.56153     -7.604953  0.001  0.000  0.075  0.000  0.001  0.000  0.000  0.000  0.000  0.078
   7.51026     -7.585644  0.000  0.000  0.076  0.000  0.000  0.000  0.000  0.000  0.000  0.076
   7.51026     -7.645655  0.187  0.000  0.000  0.000  0.000  0.000  0.035  0.000  0.000  0.222
   7.43757     -7.622525  0.186  0.001  0.000  0.000  0.000  0.000  0.035  0.000  0.000  0.222
   7.36487     -7.553494  0.184  0.002  0.000  0.001  0.000  0.000  0.034  0.000  0.000  0.221
   7.29217     -7.439635  0.181  0.005  0.000  0.002  0.000  0.000  0.034  0.000  0.000  0.221
   7.21948     -7.282504  0.176  0.009  0.000  0.003  0.000  0.000  0.033  0.000  0.000  0.221
   7.14678     -7.084598  0.170  0.014  0.000  0.005  0.001  0.000  0.031  0.000  0.000  0.221
   7.07408     -6.848900  0.162  0.020  0.000  0.007  0.002  0.000  0.030  0.000  0.001  0.221
   7.00138     -6.579024  0.153  0.026  0.000  0.009  0.003  0.000  0.028  0.000  0.001  0.221
   6.92869     -6.279288  0.143  0.034  0.000  0.011  0.005  0.000  0.026  0.000  0.002  0.221
   6.85599     -5.954699  0.131  0.041  0.000  0.014  0.009  0.000  0.024  0.000  0.003  0.222
   6.78329     -5.611116  0.118  0.049  0.000  0.016  0.014  0.000  0.022  0.000  0.005  0.223
   6.71060     -5.846860  0.000  0.000  0.000  0.000  0.000  0.041  0.000  0.122  0.000  0.162
   6.63790     -6.271422  0.000  0.000  0.000  0.000  0.000  0.040  0.000  0.119  0.000  0.159
   6.56520     -6.674811  0.000  0.000  0.000  0.000  0.000  0.039  0.000  0.117  0.000  0.156
   6.49250     -7.056004  0.000  0.000  0.000  0.000  0.000  0.038  0.000  0.115  0.000  0.154
   6.41981     -7.414176  0.000  0.000  0.000  0.000  0.000  0.038  0.000  0.114  0.000  0.152
   6.34711     -7.748651  0.000  0.000  0.000  0.000  0.000  0.038  0.000  0.113  0.000  0.150
   6.27441     -8.058854  0.000  0.000  0.000  0.000  0.000  0.037  0.000  0.112  0.000  0.149
   6.20172     -8.344330  0.000  0.000  0.000  0.000  0.000  0.037  0.000  0.111  0.000  0.148
   6.12902     -8.604693  0.000  0.000  0.000  0.000  0.000  0.111  0.000  0.037  0.000  0.148
   6.12902     -8.604693  0.000  0.000  0.000  0.000  0.000  0.111  0.000  0.037  0.000  0.148
   6.09267     -8.483285  0.000  0.000  0.000  0.000  0.000  0.110  0.000  0.037  0.000  0.147
   6.05632     -8.367579  0.000  0.000  0.002  0.000  0.000  0.108  0.000  0.036  0.000  0.146
   6.01997     -8.258803  0.000  0.000  0.004  0.000  0.000  0.105  0.000  0.035  0.000  0.144
   5.98362     -8.158022  0.000  0.000  0.008  0.000  0.000  0.100  0.000  0.033  0.000  0.141
   5.94728     -8.066072  0.000  0.000  0.013  0.000  0.000  0.093  0.000  0.031  0.000  0.137
   5.91093     -7.983504  0.000  0.000  0.018  0.000  0.000  0.085  0.000  0.028  0.000  0.132
   5.87458     -7.910515  0.000  0.000  0.025  0.000  0.000  0.076  0.000  0.025  0.000  0.126
   5.83823     -7.846944  0.000  0.000  0.031  0.000  0.000  0.067  0.000  0.022  0.000  0.120
   5.80188     -7.792349  0.000  0.000  0.038  0.000  0.000  0.057  0.000  0.019  0.000  0.113
   5.76553     -7.746088  0.000  0.000  0.045  0.000  0.000  0.047  0.000  0.016  0.000  0.107
   5.72918     -7.707382  0.000  0.000  0.051  0.000  0.000  0.038  0.000  0.013  0.000  0.101
   5.69284     -7.675420  0.000  0.000  0.057  0.000  0.000  0.029  0.000  0.010  0.000  0.095
   5.65649     -7.649411  0.000  0.000  0.062  0.000  0.000  0.022  0.000  0.007  0.000  0.091
   5.62014     -7.628648  0.000  0.000  0.066  0.000  0.000  0.015  0.000  0.005  0.000  0.086
   5.58379     -7.612492  0.000  0.000  0.070  0.000  0.000  0.010  0.000  0.003  0.000  0.083
   5.54744     -7.600442  0.000  0.000  0.073  0.000  0.000  0.005  0.000  0.002  0.000  0.080
   5.51109     -7.592112  0.000  0.000  0.075  0.000  0.000  0.002  0.000  0.001  0.000  0.078
   5.47474     -7.587225  0.000  0.000  0.076  0.000  0.000  0.001  0.000  0.000  0.000  0.077
   5.43840     -7.585644  0.000  0.000  0.076  0.000  0.000  0.000  0.000  0.000  0.000  0.076
   5.43840     -7.585644  0.000  0.000  0.076  0.000  0.000  0.000  0.000  0.000  0.000  0.076
   5.37544     -7.532880  0.000  0.000  0.074  0.000  0.000  0.001  0.000  0.004  0.000  0.079
   5.31248     -7.383676  0.000  0.000  0.067  0.000  0.000  0.005  0.000  0.014  0.000  0.086
   5.24952     -7.157786  0.000  0.000  0.059  0.000  0.000  0.009  0.000  0.026  0.000  0.094
   5.18657     -6.874418  0.000  0.000  0.051  0.000  0.000  0.013  0.000  0.039  0.000  0.103
   5.12361     -6.547800  0.000  0.000  0.044  0.000  0.000  0.017  0.000  0.052  0.000  0.112
   5.06065     -6.187537  0.000  0.000  0.037  0.000  0.000  0.021  0.000  0.063  0.000  0.122
   4.99769     -5.800212  0.000  0.000  0.031  0.000  0.000  0.025  0.000  0.075  0.000  0.131
   4.93473     -5.791194  0.125  0.014  0.000  0.042  0.016  0.000  0.023  0.000  0.005  0.227
   4.87178     -6.076410  0.136  0.012  0.000  0.037  0.010  0.000  0.025  0.000  0.003  0.224
   4.80882     -6.348069  0.145  0.010  0.000  0.031  0.006  0.000  0.027  0.000  0.002  0.222
   4.74586     -6.601885  0.154  0.009  0.000  0.026  0.004  0.000  0.028  0.000  0.001  0.221
   4.68290     -6.834144  0.162  0.007  0.000  0.020  0.002  0.000  0.030  0.000  0.001  0.221
   4.61995     -7.041652  0.168  0.005  0.000  0.015  0.001  0.000  0.031  0.000  0.000  0.221
   4.55699     -7.221669  0.174  0.004  0.000  0.011  0.001  0.000  0.032  0.000  0.000  0.221
   4.49403     -7.371932  0.179  0.002  0.000  0.007  0.000  0.000  0.033  0.000  0.000  0.221
   4.43107     -7.490672  0.182  0.001  0.000  0.004  0.000  0.000  0.034  0.000  0.000  0.221
   4.36812     -7.576477  0.185  0.001  0.000  0.002  0.000  0.000  0.034  0.000  0.000  0.221
   4.30516     -7.628284  0.186  0.000  0.000  0.000  0.000  0.000  0.035  0.000  0.000  0.222
   4.24220     -7.645655  0.187  0.000  0.000  0.000  0.000  0.000  0.035  0.000  0.000  0.222
   4.24220     -7.645655  0.187  0.000  0.000  0.000  0.000  0.000  0.035  0.000  0.000  0.222
   4.19093     -7.613565  0.185  0.000  0.001  0.000  0.000  0.000  0.035  0.000  0.000  0.221
   4.13966     -7.519361  0.178  0.000  0.005  0.000  0.000  0.000  0.037  0.000  0.000  0.220
   4.08839     -7.369362  0.169  0.000  0.010  0.000  0.000  0.000  0.039  0.000  0.000  0.218
   4.03712     -7.171560  0.158  0.000  0.016  0.000  0.000  0.000  0.042  0.000  0.000  0.217
   3.98585     -6.934481  0.146  0.000  0.023  0.000  0.000  0.000  0.047  0.000  0.000  0.216
   3.93458     -6.665753  0.134  0.000  0.029  0.000  0.000  0.000  0.052  0.000  0.000  0.215
   3.88331     -6.371852  0.122  0.000  0.035  0.000  0.000  0.000  0.059  0.000  0.000  0.216
   3.83204     -6.058117  0.111  0.000  0.040  0.000  0.000  0.000  0.066  0.000  0.000  0.218
   3.78077     -5.729045  0.099  0.000  0.045  0.000  0.000  0.000  0.076  0.000  0.000  0.220
   3.72950     -5.388346  0.089  0.000  0.050  0.000  0.000  0.000  0.086  0.000  0.000  0.224
   3.67823     -5.039323  0.078  0.000  0.054  0.000  0.000  0.000  0.098  0.000  0.000  0.230
   3.62696     -4.684876  0.068  0.000  0.057  0.000  0.000  0.000  0.112  0.000  0.000  0.236
   3.57569     -4.327684  0.058  0.000  0.059  0.000  0.000  0.000  0.127  0.000  0.000  0.245
   3.52442     -3.970270  0.049  0.000  0.061  0.000  0.000  0.000  0.144  0.000  0.000  0.254
   3.47314     -3.615020  0.040  0.000  0.062  0.000  0.000  0.000  0.161  0.000  0.000  0.264
   3.42187     -3.264360  0.032  0.000  0.063  0.000  0.000  0.000  0.179  0.000  0.000  0.274
   3.37060     -2.921053  0.024  0.000  0.064  0.000  0.000  0.000  0.191  0.000  0.000  0.280
   3.31933     -2.646624  0.000  0.000  0.000  0.000  0.079  0.000  0.000  0.000  0.236  0.315
   3.26806     -2.653943  0.000  0.000  0.000  0.000  0.079  0.000  0.000  0.000  0.236  0.315
   3.26806     -2.653943  0.000  0.000  0.000  0.000  0.079  0.000  0.000  0.000  0.236  0.315
   3.19537     -2.706505  0.000  0.000  0.000  0.000  0.078  0.000  0.000  0.000  0.233  0.311
   3.12267     -2.858769  0.000  0.001  0.000  0.002  0.074  0.000  0.000  0.000  0.222  0.298
   3.04997     -3.096370  0.000  0.001  0.000  0.004  0.069  0.000  0.000  0.000  0.207  0.281
   2.97727     -3.400305  0.000  0.002  0.000  0.006  0.063  0.000  0.000  0.000  0.190  0.261
   2.90458     -3.751073  0.000  0.003  0.000  0.008  0.058  0.000  0.000  0.000  0.173  0.241
   2.83188     -4.131578  0.000  0.004  0.000  0.011  0.052  0.000  0.000  0.000  0.156  0.223
   2.75918     -4.527741  0.000  0.005  0.000  0.014  0.047  0.000  0.000  0.000  0.140  0.205
   2.68649     -4.928690  0.000  0.006  0.000  0.017  0.042  0.000  0.000  0.000  0.125  0.190
   2.61379     -5.326257  0.000  0.007  0.000  0.020  0.037  0.000  0.000  0.000  0.112  0.176
   2.54109     -5.714425  0.000  0.008  0.000  0.023  0.033  0.000  0.000  0.000  0.100  0.164
   2.46839     -6.088851  0.000  0.009  0.000  0.026  0.030  0.000  0.000  0.000  0.089  0.154
   2.39570     -6.446356  0.000  0.010  0.000  0.030  0.026  0.000  0.000  0.000  0.078  0.144
   2.32300     -6.784846  0.000  0.011  0.000  0.033  0.023  0.000  0.000  0.000  0.069  0.135
   2.25030     -7.102827  0.000  0.012  0.000  0.036  0.020  0.000  0.000  0.000  0.060  0.128
   2.17761     -7.399342  0.000  0.013  0.000  0.038  0.017  0.000  0.000  0.000  0.052  0.121
   2.10491     -7.673871  0.000  0.014  0.000  0.041  0.015  0.000  0.000  0.000  0.045  0.115
   2.03221     -7.926153  0.000  0.015  0.000  0.044  0.013  0.000  0.000  0.000  0.038  0.109
   1.95951     -8.156135  0.000  0.015  0.000  0.046  0.010  0.000  0.000  0.000  0.031  0.104
   1.88682     -8.363909  0.000  0.049  0.000  0.016  0.026  0.000  0.000  0.000  0.009  0.100
   1.88682     -8.363909  0.000  0.049  0.000  0.016  0.026  0.000  0.000  0.000  0.009  0.100
   1.85047     -8.306371  0.005  0.045  0.000  0.015  0.027  0.000  0.003  0.000  0.009  0.105
   1.81412     -8.324558  0.017  0.038  0.000  0.013  0.027  0.000  0.010  0.000  0.009  0.114
   1.77777     -8.391321  0.029  0.031  0.000  0.010  0.026  0.000  0.016  0.000  0.009  0.122
   1.74142     -8.481262  0.039  0.025  0.000  0.008  0.026  0.000  0.020  0.000  0.009  0.128
   1.70507     -8.580110  0.046  0.021  0.000  0.007  0.026  0.000  0.023  0.000  0.009  0.132
   1.66873     -8.680601  0.052  0.017  0.000  0.006  0.026  0.000  0.025  0.000  0.009  0.135
   1.63238     -8.778916  0.057  0.015  0.000  0.005  0.027  0.000  0.026  0.000  0.009  0.138
   1.59603     -8.872846  0.061  0.012  0.000  0.004  0.028  0.000  0.026  0.000  0.009  0.140
   1.55968     -8.961012  0.064  0.010  0.000  0.003  0.028  0.000  0.027  0.000  0.009  0.141
   1.52333     -9.042495  0.067  0.008  0.000  0.003  0.029  0.000  0.027  0.000  0.010  0.143
   1.48698     -9.116645  0.069  0.006  0.000  0.002  0.030  0.000  0.027  0.000  0.010  0.144
   1.45063     -9.159678  0.000  0.020  0.000  0.059  0.001  0.000  0.000  0.000  0.003  0.083
   1.41429     -9.192238  0.000  0.020  0.000  0.059  0.001  0.000  0.000  0.000  0.003  0.082
   1.37794     -9.219750  0.000  0.020  0.000  0.059  0.001  0.000  0.000  0.000  0.002  0.082
   1.34159     -9.242230  0.000  0.020  0.000  0.060  0.000  0.000  0.000  0.000  0.001  0.081
   1.30524     -9.259698  0.000  0.020  0.000  0.060  0.000  0.000  0.000  0.000  0.001  0.081
   1.26889     -9.272171  0.000  0.020  0.000  0.060  0.000  0.000  0.000  0.000  0.000  0.081
   1.23254     -9.279649  0.000  0.020  0.000  0.060  0.000  0.000  0.000  0.000  0.000  0.080
   1.19619     -9.282143  0.000  0.020  0.000  0.060  0.000  0.000  0.000  0.000  0.000  0.080
   1.19619     -9.282143  0.000  0.020  0.000  0.060  0.000  0.000  0.000  0.000  0.000  0.080
   1.13324     -8.942360  0.028  0.012  0.000  0.035  0.018  0.000  0.011  0.000  0.006  0.111
   1.07028     -8.537759  0.027  0.011  0.000  0.033  0.024  0.000  0.013  0.000  0.008  0.116
   1.00732     -8.122279  0.024  0.011  0.000  0.032  0.030  0.000  0.014  0.000  0.010  0.121
   0.94436     -7.698480  0.020  0.010  0.000  0.031  0.037  0.000  0.014  0.000  0.012  0.126
   0.88141     -7.268216  0.017  0.010  0.000  0.030  0.045  0.000  0.014  0.000  0.015  0.131
   0.81845     -6.833275  0.014  0.010  0.000  0.029  0.054  0.000  0.014  0.000  0.018  0.138
   0.75549     -6.395833  0.011  0.009  0.000  0.027  0.064  0.000  0.014  0.000  0.021  0.147
   0.69253     -5.958389  0.008  0.008  0.000  0.025  0.076  0.000  0.014  0.000  0.025  0.157
   0.62958     -5.523892  0.006  0.008  0.000  0.023  0.089  0.000  0.013  0.000  0.030  0.168
   0.56662     -5.096056  0.004  0.007  0.000  0.020  0.103  0.000  0.013  0.000  0.034  0.182
   0.50366     -4.679321  0.002  0.006  0.000  0.017  0.120  0.000  0.012  0.000  0.040  0.197
   0.44070     -4.279154  0.001  0.005  0.000  0.014  0.137  0.000  0.011  0.000  0.046  0.214
   0.37775     -3.902347  0.001  0.004  0.000  0.011  0.156  0.000  0.009  0.000  0.052  0.232
   0.31479     -3.557044  0.000  0.003  0.000  0.008  0.175  0.000  0.008  0.000  0.058  0.252
   0.25183     -3.252862  0.000  0.002  0.000  0.005  0.193  0.000  0.006  0.000  0.064  0.271
   0.18887     -3.000530  0.000  0.001  0.000  0.003  0.211  0.000  0.003  0.000  0.070  0.288
   0.12592     -2.811006  0.000  0.000  0.000  0.001  0.225  0.000  0.001  0.000  0.075  0.302
   0.06296     -2.693608  0.000  0.000  0.000  0.000  0.233  0.000  0.000  0.000  0.078  0.312
   0.00000     -2.653943  0.000  0.000  0.000  0.000  0.079  0.000  0.000  0.000  0.236  0.315
 
# Band-Index:    7
   0.00000     -2.653933  0.000  0.000  0.000  0.000  0.236  0.000  0.000  0.000  0.079  0.315
   0.06296     -2.656209  0.000  0.000  0.000  0.000  0.078  0.000  0.000  0.000  0.234  0.312
   0.12592     -2.663213  0.000  0.001  0.000  0.000  0.076  0.000  0.000  0.000  0.227  0.304
   0.18887     -2.675489  0.000  0.003  0.000  0.001  0.072  0.000  0.000  0.000  0.216  0.291
   0.25183     -2.693800  0.000  0.005  0.000  0.002  0.067  0.000  0.000  0.000  0.201  0.274
   0.31479     -2.718926  0.000  0.007  0.000  0.002  0.061  0.000  0.000  0.000  0.182  0.253
   0.37775     -2.751444  0.000  0.010  0.000  0.003  0.054  0.000  0.000  0.000  0.162  0.230
   0.44070     -2.791492  0.000  0.013  0.000  0.004  0.047  0.000  0.000  0.000  0.140  0.205
   0.50366     -2.838677  0.000  0.017  0.000  0.006  0.039  0.000  0.000  0.000  0.118  0.180
   0.56662     -2.902448  0.000  0.000  0.045  0.000  0.000  0.062  0.000  0.187  0.000  0.294
   0.62958     -2.971175  0.000  0.000  0.037  0.000  0.000  0.070  0.000  0.210  0.000  0.317
   0.69253     -3.032502  0.000  0.000  0.030  0.000  0.000  0.077  0.000  0.231  0.000  0.338
   0.75549     -3.085778  0.000  0.000  0.024  0.000  0.000  0.084  0.000  0.251  0.000  0.358
   0.81845     -3.130845  0.000  0.000  0.018  0.000  0.000  0.089  0.000  0.268  0.000  0.375
   0.88141     -3.179585  0.000  0.031  0.000  0.010  0.007  0.000  0.000  0.000  0.022  0.070
   0.94436     -3.225571  0.000  0.032  0.000  0.011  0.005  0.000  0.000  0.000  0.014  0.061
   1.00732     -3.263141  0.000  0.033  0.000  0.011  0.003  0.000  0.000  0.000  0.008  0.054
   1.07028     -3.290936  0.000  0.034  0.000  0.011  0.001  0.000  0.000  0.000  0.003  0.050
   1.13324     -3.307993  0.000  0.034  0.000  0.011  0.000  0.000  0.000  0.000  0.001  0.047
   1.19619     -3.313749  0.000  0.034  0.000  0.011  0.000  0.000  0.000  0.000  0.000  0.046
   1.19619     -3.313749  0.000  0.034  0.000  0.011  0.000  0.000  0.000  0.000  0.000  0.046
   1.23254     -3.375849  0.001  0.033  0.000  0.011  0.008  0.000  0.012  0.000  0.003  0.068
   1.26889     -3.532207  0.002  0.031  0.000  0.010  0.022  0.000  0.032  0.000  0.007  0.105
   1.30524     -3.738547  0.004  0.030  0.000  0.010  0.031  0.000  0.046  0.000  0.010  0.131
   1.34159     -3.970234  0.006  0.029  0.000  0.010  0.035  0.000  0.055  0.000  0.012  0.146
   1.37794     -4.215895  0.008  0.029  0.000  0.010  0.036  0.000  0.059  0.000  0.012  0.153
   1.41429     -4.469954  0.011  0.028  0.000  0.009  0.035  0.000  0.061  0.000  0.012  0.157
   1.45063     -4.729239  0.013  0.028  0.000  0.009  0.034  0.000  0.062  0.000  0.011  0.157
   1.48698     -4.991687  0.016  0.028  0.000  0.009  0.031  0.000  0.061  0.000  0.010  0.157
   1.52333     -5.255771  0.020  0.028  0.000  0.009  0.029  0.000  0.061  0.000  0.010  0.156
   1.55968     -5.520158  0.023  0.027  0.000  0.009  0.026  0.000  0.060  0.000  0.009  0.154
   1.59603     -5.783557  0.027  0.026  0.000  0.009  0.023  0.000  0.059  0.000  0.008  0.153
   1.63238     -6.044566  0.032  0.025  0.000  0.008  0.021  0.000  0.059  0.000  0.007  0.152
   1.66873     -6.301476  0.037  0.024  0.000  0.008  0.018  0.000  0.059  0.000  0.006  0.151
   1.70507     -6.551767  0.043  0.022  0.000  0.007  0.015  0.000  0.060  0.000  0.005  0.151
   1.74142     -6.791315  0.051  0.019  0.000  0.006  0.012  0.000  0.062  0.000  0.004  0.153
   1.77777     -7.012734  0.061  0.014  0.000  0.005  0.008  0.000  0.066  0.000  0.003  0.156
   1.81412     -7.201600  0.073  0.009  0.000  0.003  0.004  0.000  0.072  0.000  0.001  0.162
   1.85047     -7.332437  0.085  0.003  0.000  0.001  0.001  0.000  0.078  0.000  0.000  0.168
   1.88682     -7.378003  0.090  0.000  0.000  0.000  0.000  0.000  0.081  0.000  0.000  0.171
   1.88682     -7.378003  0.090  0.000  0.000  0.000  0.000  0.000  0.081  0.000  0.000  0.171
   1.95951     -7.243380  0.079  0.006  0.000  0.002  0.001  0.000  0.076  0.000  0.000  0.165
   2.03221     -6.964645  0.066  0.013  0.000  0.004  0.002  0.000  0.072  0.000  0.001  0.158
   2.10491     -6.629581  0.055  0.019  0.000  0.006  0.001  0.000  0.072  0.000  0.000  0.154
   2.17761     -6.264415  0.046  0.023  0.000  0.008  0.001  0.000  0.074  0.000  0.000  0.151
   2.25030     -5.880241  0.038  0.026  0.000  0.009  0.000  0.000  0.076  0.000  0.000  0.150
   2.32300     -5.484485  0.031  0.029  0.000  0.010  0.000  0.000  0.080  0.000  0.000  0.150
   2.39570     -5.083848  0.024  0.031  0.000  0.010  0.002  0.000  0.083  0.000  0.001  0.151
   2.46839     -4.685668  0.018  0.032  0.000  0.011  0.005  0.000  0.087  0.000  0.002  0.155
   2.54109     -4.298421  0.012  0.033  0.000  0.011  0.011  0.000  0.090  0.000  0.004  0.161
   2.61379     -3.932246  0.008  0.032  0.000  0.011  0.022  0.000  0.091  0.000  0.007  0.171
   2.68649     -3.598501  0.004  0.029  0.000  0.010  0.038  0.000  0.090  0.000  0.013  0.184
   2.75918     -3.308797  0.002  0.026  0.000  0.009  0.062  0.000  0.084  0.000  0.021  0.202
   2.83188     -3.072897  0.000  0.021  0.000  0.007  0.093  0.000  0.072  0.000  0.031  0.224
   2.90458     -2.895988  0.000  0.015  0.000  0.005  0.129  0.000  0.054  0.000  0.043  0.246
   2.97727     -2.776536  0.000  0.009  0.000  0.003  0.167  0.000  0.033  0.000  0.056  0.268
   3.04997     -2.706066  0.000  0.005  0.000  0.002  0.199  0.000  0.014  0.000  0.066  0.286
   3.12267     -2.671099  0.000  0.002  0.000  0.001  0.222  0.000  0.003  0.000  0.074  0.301
   3.19537     -2.657267  0.000  0.000  0.000  0.000  0.233  0.000  0.000  0.000  0.078  0.311
   3.26806     -2.653933  0.000  0.000  0.000  0.000  0.236  0.000  0.000  0.000  0.079  0.315
   3.26806     -2.653933  0.000  0.000  0.000  0.000  0.236  0.000  0.000  0.000  0.079  0.315
   3.31933     -2.646614  0.000  0.000  0.000  0.000  0.236  0.000  0.000  0.000  0.079  0.315
   3.37060     -2.624684  0.000  0.000  0.000  0.000  0.079  0.000  0.000  0.000  0.236  0.314
   3.42187     -2.588183  0.000  0.000  0.000  0.000  0.078  0.000  0.000  0.000  0.235  0.313
   3.47314     -2.537237  0.000  0.000  0.000  0.000  0.078  0.000  0.000  0.000  0.234  0.312
   3.52442     -2.471976  0.000  0.000  0.000  0.000  0.078  0.000  0.000  0.000  0.233  0.310
   3.57569     -2.392580  0.000  0.000  0.000  0.000  0.077  0.000  0.000  0.000  0.231  0.308
   3.62696     -2.299319  0.000  0.000  0.000  0.000  0.076  0.000  0.000  0.000  0.228  0.304
   3.67823     -2.192513  0.000  0.000  0.000  0.000  0.075  0.000  0.000  0.000  0.225  0.300
   3.72950     -2.072551  0.000  0.000  0.000  0.000  0.074  0.000  0.000  0.000  0.222  0.295
   3.78077     -1.939994  0.000  0.000  0.000  0.000  0.072  0.000  0.000  0.000  0.217  0.289
   3.83204     -1.795505  0.000  0.000  0.000  0.000  0.070  0.000  0.000  0.000  0.211  0.281
   3.88331     -1.640009  0.000  0.000  0.000  0.000  0.067  0.000  0.000  0.000  0.202  0.270
   3.93458     -1.474774  0.000  0.000  0.000  0.000  0.064  0.000  0.000  0.000  0.192  0.255
   3.98585     -1.301730  0.000  0.000  0.000  0.000  0.059  0.000  0.000  0.000  0.177  0.236
   4.03712     -1.124060  0.000  0.000  0.000  0.000  0.052  0.000  0.000  0.000  0.156  0.208
   4.08839     -0.947437  0.000  0.000  0.000  0.000  0.042  0.000  0.000  0.000  0.125  0.167
   4.13966     -0.783056  0.000  0.000  0.000  0.000  0.027  0.000  0.000  0.000  0.082  0.109
   4.19093     -0.654928  0.000  0.000  0.000  0.000  0.010  0.000  0.000  0.000  0.029  0.039
   4.24220     -0.603401  0.000  0.000  0.000  0.000  0.000  0.000  0.000  0.000  0.000  0.000
   4.24220     -0.603401  0.000  0.000  0.000  0.000  0.000  0.000  0.000  0.000  0.000  0.000
   4.30516     -0.875981  0.000  0.000  0.000  0.000  0.000  0.044  0.000  0.133  0.000  0.177
   4.36812     -1.293077  0.000  0.000  0.001  0.000  0.000  0.055  0.000  0.164  0.000  0.219
   4.43107     -1.737419  0.000  0.000  0.002  0.000  0.000  0.055  0.000  0.165  0.000  0.222
   4.49403     -2.195924  0.000  0.000  0.003  0.000  0.000  0.053  0.000  0.159  0.000  0.215
   4.55699     -2.662388  0.000  0.000  0.005  0.000  0.000  0.050  0.000  0.150  0.000  0.205
   4.61995     -3.131989  0.000  0.000  0.007  0.000  0.000  0.046  0.000  0.139  0.000  0.193
   4.68290     -3.600494  0.000  0.000  0.010  0.000  0.000  0.043  0.000  0.129  0.000  0.182
   4.74586     -4.064058  0.000  0.000  0.013  0.000  0.000  0.039  0.000  0.118  0.000  0.171
   4.80882     -4.519141  0.000  0.000  0.017  0.000  0.000  0.036  0.000  0.107  0.000  0.160
   4.87178     -4.962381  0.000  0.000  0.021  0.000  0.000  0.032  0.000  0.097  0.000  0.150
   4.93473     -5.390537  0.000  0.000  0.026  0.000  0.000  0.029  0.000  0.086  0.000  0.140
   4.99769     -5.497361  0.114  0.016  0.000  0.047  0.025  0.000  0.022  0.000  0.008  0.232
   5.06065     -5.200448  0.103  0.017  0.000  0.050  0.038  0.000  0.020  0.000  0.013  0.240
   5.12361     -4.906591  0.091  0.017  0.000  0.052  0.055  0.000  0.018  0.000  0.018  0.252
   5.18657     -4.622670  0.079  0.017  0.000  0.051  0.080  0.000  0.017  0.000  0.027  0.271
   5.24952     -4.570514  0.000  0.000  0.000  0.000  0.000  0.176  0.000  0.059  0.000  0.234
   5.31248     -4.633949  0.000  0.000  0.000  0.000  0.000  0.175  0.000  0.058  0.000  0.234
   5.37544     -4.672059  0.000  0.000  0.000  0.000  0.000  0.175  0.000  0.058  0.000  0.234
   5.43840     -4.684785  0.000  0.000  0.000  0.000  0.000  0.175  0.000  0.058  0.000  0.233
   5.43840     -4.684785  0.000  0.000  0.000  0.000  0.000  0.175  0.000  0.058  0.000  0.233
   5.47474     -4.693138  0.000  0.000  0.001  0.000  0.000  0.174  0.000  0.058  0.000  0.232
   5.51109     -4.718037  0.000  0.000  0.002  0.000  0.000  0.170  0.000  0.057  0.000  0.229
   5.54744     -4.758541  0.000  0.000  0.005  0.000  0.000  0.164  0.000  0.055  0.000  0.224
   5.58379     -4.813212  0.000  0.000  0.010  0.000  0.000  0.156  0.000  0.052  0.000  0.217
   5.62014     -4.880146  0.000  0.000  0.015  0.000  0.000  0.146  0.000  0.049  0.000  0.209
   5.65649     -4.957042  0.000  0.000  0.021  0.000  0.000  0.134  0.000  0.045  0.000  0.200
   5.69284     -5.041399  0.000  0.000  0.028  0.000  0.000  0.121  0.000  0.040  0.000  0.189
   5.72918     -5.130470  0.000  0.000  0.035  0.000  0.000  0.107  0.000  0.036  0.000  0.178
   5.76553     -5.221421  0.000  0.000  0.043  0.000  0.000  0.092  0.000  0.031  0.000  0.166
   5.80188     -5.311475  0.000  0.000  0.052  0.000  0.000  0.077  0.000  0.026  0.000  0.155
   5.83823     -5.397978  0.000  0.000  0.060  0.000  0.000  0.063  0.000  0.021  0.000  0.144
   5.87458     -5.478510  0.000  0.000  0.068  0.000  0.000  0.049  0.000  0.016  0.000  0.133
   5.91093     -5.551001  0.000  0.000  0.075  0.000  0.000  0.036  0.000  0.012  0.000  0.124
   5.94728     -5.613813  0.000  0.000  0.082  0.000  0.000  0.025  0.000  0.008  0.000  0.115
   5.98362     -5.665784  0.000  0.000  0.087  0.000  0.000  0.016  0.000  0.005  0.000  0.108
   6.01997     -5.706227  0.000  0.000  0.091  0.000  0.000  0.009  0.000  0.003  0.000  0.103
   6.05632     -5.734888  0.000  0.000  0.094  0.000  0.000  0.004  0.000  0.001  0.000  0.099
   6.09267     -5.751865  0.000  0.000  0.096  0.000  0.000  0.001  0.000  0.000  0.000  0.097
   6.12902     -5.757418  0.000  0.000  0.097  0.000  0.000  0.000  0.000  0.000  0.000  0.097
   6.12902     -5.757418  0.000  0.000  0.097  0.000  0.000  0.000  0.000  0.000  0.000  0.097
   6.20172     -5.736222  0.000  0.000  0.095  0.000  0.000  0.003  0.000  0.001  0.000  0.099
   6.27441     -5.675478  0.000  0.000  0.090  0.000  0.000  0.011  0.000  0.004  0.000  0.105
   6.34711     -5.578885  0.000  0.000  0.083  0.000  0.000  0.023  0.000  0.008  0.000  0.114
   6.41981     -5.449289  0.000  0.000  0.076  0.000  0.000  0.036  0.000  0.012  0.000  0.124
   6.49250     -5.288657  0.000  0.000  0.067  0.000  0.000  0.051  0.000  0.017  0.000  0.136
   6.56520     -5.098323  0.000  0.000  0.059  0.000  0.000  0.067  0.000  0.022  0.000  0.148
   6.63790     -4.895595  0.088  0.064  0.000  0.021  0.029  0.000  0.017  0.000  0.010  0.229
   6.71060     -5.255394  0.103  0.057  0.000  0.019  0.020  0.000  0.019  0.000  0.007  0.225
   6.78329     -5.402454  0.000  0.000  0.000  0.000  0.000  0.042  0.000  0.125  0.000  0.167
   6.85599     -4.939732  0.000  0.000  0.000  0.000  0.000  0.043  0.000  0.129  0.000  0.172
   6.92869     -4.460675  0.000  0.000  0.000  0.000  0.000  0.044  0.000  0.133  0.000  0.178
   7.00138     -3.967555  0.000  0.000  0.000  0.000  0.000  0.046  0.000  0.139  0.000  0.185
   7.07408     -3.463285  0.000  0.000  0.000  0.000  0.000  0.048  0.000  0.145  0.000  0.193
   7.14678     -2.951342  0.000  0.000  0.000  0.000  0.000  0.051  0.000  0.152  0.000  0.203
   7.21948     -2.435991  0.000  0.000  0.000  0.000  0.000  0.053  0.000  0.159  0.000  0.212
   7.29217     -1.922439  0.000  0.000  0.000  0.000  0.000  0.055  0.000  0.165  0.000  0.220
   7.36487     -1.417628  0.000  0.000  0.000  0.000  0.000  0.055  0.000  0.166  0.000  0.221
   7.43757     -0.935351  0.000  0.000  0.000  0.000  0.000  0.047  0.000  0.141  0.000  0.188
   7.51026     -0.603401  0.000  0.000  0.000  0.000  0.000  0.000  0.000  0.000  0.000  0.000
   7.51026     -4.684785  0.000  0.000  0.000  0.000  0.000  0.175  0.000  0.058  0.000  0.233
   7.56153     -4.677713  0.000  0.000  0.000  0.000  0.000  0.174  0.000  0.058  0.000  0.233
   7.61281     -4.656723  0.000  0.001  0.000  0.000  0.000  0.173  0.000  0.058  0.000  0.231
   7.66408     -4.622000  0.000  0.001  0.000  0.000  0.000  0.170  0.000  0.057  0.000  0.228
   7.71535     -4.573938  0.000  0.002  0.000  0.001  0.000  0.166  0.000  0.055  0.000  0.224
   7.76662     -4.513086  0.000  0.004  0.000  0.001  0.000  0.160  0.000  0.053  0.000  0.219
   7.81789     -4.440240  0.000  0.005  0.000  0.002  0.000  0.154  0.000  0.051  0.000  0.212
   7.86916     -4.356376  0.000  0.007  0.000  0.002  0.000  0.146  0.000  0.049  0.000  0.204
   7.92043     -4.262732  0.000  0.009  0.000  0.003  0.000  0.136  0.000  0.045  0.000  0.194
   7.97170     -4.160806  0.000  0.011  0.000  0.004  0.000  0.126  0.000  0.042  0.000  0.183
   8.02297     -4.052472  0.000  0.014  0.000  0.005  0.000  0.113  0.000  0.038  0.000  0.170
   8.07424     -3.939997  0.000  0.017  0.000  0.006  0.000  0.100  0.000  0.033  0.000  0.155
   8.12551     -3.826121  0.000  0.019  0.000  0.006  0.000  0.085  0.000  0.028  0.000  0.139
   8.17678     -3.714087  0.000  0.022  0.000  0.007  0.000  0.069  0.000  0.023  0.000  0.122
   8.22805     -3.607694  0.000  0.025  0.000  0.008  0.000  0.053  0.000  0.018  0.000  0.104
   8.27932     -3.511255  0.000  0.028  0.000  0.009  0.000  0.037  0.000  0.012  0.000  0.087
   8.33059     -3.429403  0.000  0.031  0.000  0.010  0.000  0.022  0.000  0.007  0.000  0.071
   8.38186     -3.366711  0.000  0.033  0.000  0.011  0.000  0.011  0.000  0.004  0.000  0.058
   8.43313     -3.327234  0.000  0.034  0.000  0.011  0.000  0.003  0.000  0.001  0.000  0.049
   8.48440     -3.313749  0.000  0.034  0.000  0.011  0.000  0.000  0.000  0.000  0.000  0.046
   8.48440     -5.757418  0.000  0.000  0.097  0.000  0.000  0.000  0.000  0.000  0.000  0.097
   8.53567     -5.770601  0.001  0.000  0.096  0.000  0.000  0.000  0.001  0.000  0.000  0.097
   8.58694     -5.809528  0.004  0.000  0.093  0.000  0.000  0.000  0.003  0.000  0.000  0.100
   8.63821     -5.872516  0.008  0.000  0.089  0.000  0.000  0.000  0.007  0.000  0.000  0.104
   8.68948     -5.956835  0.014  0.000  0.083  0.000  0.000  0.000  0.012  0.000  0.000  0.109
   8.74075     -6.059051  0.021  0.000  0.076  0.000  0.000  0.000  0.018  0.000  0.000  0.115
   8.79203     -6.175284  0.028  0.000  0.069  0.000  0.000  0.000  0.024  0.000  0.000  0.121
   8.84330     -6.301425  0.036  0.000  0.061  0.000  0.000  0.000  0.031  0.000  0.000  0.128
   8.89457     -6.433398  0.043  0.000  0.053  0.000  0.000  0.000  0.038  0.000  0.000  0.134
   8.94584     -6.567286  0.051  0.000  0.045  0.000  0.000  0.000  0.045  0.000  0.000  0.141
   8.99711     -6.699415  0.058  0.000  0.037  0.000  0.000  0.000  0.051  0.000  0.000  0.146
   9.04838     -6.826422  0.064  0.000  0.030  0.000  0.000  0.000  0.057  0.000  0.000  0.152
   9.09965     -6.945337  0.070  0.000  0.023  0.000  0.000  0.000  0.062  0.000  0.000  0.156
   9.15092     -7.053569  0.076  0.000  0.017  0.000  0.000  0.000  0.067  0.000  0.000  0.160
   9.20219     -7.148931  0.080  0.000  0.012  0.000  0.000  0.000  0.071  0.000  0.000  0.164
   9.25346     -7.229407  0.084  0.000  0.008  0.000  0.000  0.000  0.075  0.000  0.000  0.167
   9.30473     -7.293557  0.087  0.000  0.004  0.000  0.000  0.000  0.077  0.000  0.000  0.169
   9.35600     -7.340215  0.089  0.000  0.002  0.000  0.000  0.000  0.079  0.000  0.000  0.170
   9.40727     -7.368522  0.090  0.000  0.001  0.000  0.000  0.000  0.081  0.000  0.000  0.171
   9.45854     -7.378003  0.090  0.000  0.000  0.000  0.000  0.000  0.081  0.000  0.000  0.171
 
# Band-Index:    8
   9.45854     -1.890121  0.000  0.000  0.000  0.000  0.000  0.122  0.000  0.365  0.000  0.487
   9.40727     -1.905915  0.000  0.000  0.000  0.001  0.001  0.120  0.000  0.360  0.003  0.485
   9.35600     -1.951548  0.000  0.001  0.000  0.003  0.004  0.115  0.000  0.345  0.013  0.480
   9.30473     -2.022525  0.000  0.002  0.000  0.006  0.009  0.107  0.000  0.322  0.026  0.472
   9.25346     -2.112782  0.000  0.003  0.000  0.010  0.014  0.098  0.000  0.295  0.042  0.463
   9.20219     -2.215979  0.000  0.005  0.000  0.015  0.020  0.088  0.000  0.265  0.059  0.451
   9.15092     -2.326316  0.000  0.007  0.000  0.020  0.025  0.078  0.000  0.235  0.075  0.439
   9.09965     -2.439041  0.000  0.008  0.000  0.025  0.030  0.068  0.000  0.204  0.090  0.426
   9.04838     -2.550254  0.000  0.010  0.000  0.031  0.035  0.058  0.000  0.175  0.104  0.413
   8.99711     -2.657011  0.000  0.012  0.000  0.037  0.039  0.049  0.000  0.147  0.116  0.400
   8.94584     -2.757106  0.000  0.014  0.000  0.043  0.042  0.040  0.000  0.121  0.127  0.388
   8.89457     -2.848932  0.000  0.016  0.000  0.048  0.046  0.032  0.000  0.097  0.137  0.376
   8.84330     -2.931355  0.000  0.018  0.000  0.053  0.049  0.025  0.000  0.075  0.146  0.365
   8.79203     -3.003601  0.000  0.019  0.000  0.058  0.051  0.019  0.000  0.056  0.153  0.356
   8.74075     -3.065154  0.000  0.021  0.000  0.062  0.053  0.013  0.000  0.039  0.159  0.347
   8.68948     -3.115725  0.000  0.022  0.000  0.066  0.055  0.008  0.000  0.025  0.164  0.340
   8.63821     -3.155155  0.000  0.023  0.000  0.069  0.056  0.005  0.000  0.014  0.167  0.334
   8.58694     -3.183368  0.000  0.024  0.000  0.071  0.057  0.002  0.000  0.006  0.170  0.330
   8.53567     -3.200305  0.000  0.024  0.000  0.072  0.057  0.001  0.000  0.002  0.172  0.327
   8.48440     -3.205947  0.000  0.024  0.000  0.073  0.057  0.000  0.000  0.000  0.172  0.327
   8.48440     -3.246383  0.000  0.000  0.000  0.000  0.000  0.107  0.000  0.321  0.000  0.427
   8.43313     -3.245966  0.000  0.000  0.000  0.001  0.000  0.106  0.000  0.318  0.000  0.425
   8.38186     -3.244794  0.000  0.001  0.000  0.004  0.000  0.104  0.000  0.311  0.000  0.420
   8.33059     -3.242886  0.000  0.003  0.000  0.009  0.000  0.100  0.000  0.299  0.000  0.410
   8.27932     -3.240296  0.000  0.005  0.000  0.015  0.000  0.094  0.000  0.283  0.000  0.398
   8.22805     -3.237109  0.000  0.008  0.000  0.023  0.000  0.088  0.000  0.264  0.000  0.382
   8.17678     -3.233438  0.000  0.011  0.000  0.032  0.000  0.080  0.000  0.241  0.000  0.365
   8.12551     -3.229366  0.000  0.014  0.000  0.042  0.000  0.072  0.000  0.217  0.000  0.345
   8.07424     -3.225005  0.000  0.018  0.000  0.053  0.000  0.064  0.000  0.191  0.000  0.325
   8.02297     -3.220489  0.000  0.021  0.000  0.063  0.000  0.055  0.000  0.164  0.000  0.304
   7.97170     -3.215972  0.000  0.025  0.000  0.074  0.000  0.046  0.000  0.138  0.000  0.283
   7.92043     -3.211539  0.000  0.028  0.000  0.084  0.000  0.038  0.000  0.113  0.000  0.263
   7.86916     -3.207324  0.000  0.031  0.000  0.094  0.000  0.030  0.000  0.089  0.000  0.244
   7.81789     -3.224084  0.026  0.000  0.017  0.000  0.263  0.000  0.048  0.000  0.088  0.441
   7.76662     -3.385978  0.033  0.000  0.014  0.000  0.263  0.000  0.037  0.000  0.088  0.434
   7.71535     -3.537291  0.040  0.000  0.010  0.000  0.264  0.000  0.028  0.000  0.088  0.431
   7.66408     -3.668772  0.046  0.000  0.006  0.000  0.266  0.000  0.022  0.000  0.089  0.429
   7.61281     -3.771243  0.052  0.000  0.003  0.000  0.267  0.000  0.018  0.000  0.089  0.430
   7.56153     -3.836593  0.055  0.000  0.001  0.000  0.269  0.000  0.016  0.000  0.090  0.431
   7.51026     -3.859100  0.057  0.000  0.000  0.000  0.269  0.000  0.016  0.000  0.090  0.431
   7.51026     -0.603386  0.000  0.000  0.000  0.000  0.000  0.000  0.000  0.000  0.000  0.000
   7.43757     -0.914277  0.000  0.000  0.000  0.000  0.000  0.149  0.000  0.050  0.000  0.199
   7.36487     -1.349445  0.000  0.000  0.001  0.000  0.000  0.182  0.000  0.061  0.000  0.243
   7.29217     -1.784954  0.000  0.000  0.002  0.000  0.000  0.186  0.000  0.062  0.000  0.251
   7.21948     -2.209756  0.000  0.000  0.005  0.000  0.000  0.183  0.000  0.061  0.000  0.248
   7.14678     -2.619582  0.000  0.000  0.008  0.000  0.000  0.175  0.000  0.058  0.000  0.241
   7.07408     -3.011491  0.000  0.000  0.012  0.000  0.000  0.165  0.000  0.055  0.000  0.232
   7.00138     -3.383099  0.000  0.000  0.016  0.000  0.000  0.154  0.000  0.051  0.000  0.221
   6.92869     -3.732454  0.000  0.000  0.022  0.000  0.000  0.141  0.000  0.047  0.000  0.210
   6.85599     -4.057962  0.000  0.000  0.028  0.000  0.000  0.127  0.000  0.042  0.000  0.198
   6.78329     -4.358287  0.000  0.000  0.035  0.000  0.000  0.113  0.000  0.038  0.000  0.185
   6.71060     -4.632352  0.000  0.000  0.042  0.000  0.000  0.098  0.000  0.033  0.000  0.173
   6.63790     -4.879290  0.000  0.000  0.050  0.000  0.000  0.082  0.000  0.027  0.000  0.160
   6.56520     -4.541319  0.071  0.071  0.000  0.024  0.040  0.000  0.014  0.000  0.013  0.234
   6.49250     -4.203826  0.054  0.077  0.000  0.026  0.055  0.000  0.011  0.000  0.018  0.242
   6.41981     -3.895853  0.037  0.082  0.000  0.027  0.073  0.000  0.008  0.000  0.024  0.252
   6.34711     -3.631076  0.022  0.084  0.000  0.028  0.095  0.000  0.005  0.000  0.032  0.266
   6.27441     -3.422373  0.010  0.083  0.000  0.028  0.120  0.000  0.002  0.000  0.040  0.284
   6.20172     -3.279404  0.003  0.080  0.000  0.027  0.146  0.000  0.001  0.000  0.049  0.304
   6.12902     -3.205947  0.000  0.024  0.000  0.073  0.057  0.000  0.000  0.000  0.172  0.327
   6.12902     -3.205947  0.000  0.024  0.000  0.073  0.057  0.000  0.000  0.000  0.172  0.327
   6.09267     -3.223402  0.000  0.026  0.000  0.077  0.053  0.000  0.000  0.000  0.160  0.315
   6.05632     -3.236656  0.000  0.027  0.000  0.081  0.049  0.000  0.000  0.000  0.147  0.304
   6.01997     -3.246050  0.000  0.028  0.000  0.085  0.045  0.000  0.000  0.000  0.134  0.293
   5.98362     -3.251978  0.000  0.030  0.000  0.090  0.041  0.000  0.000  0.000  0.122  0.282
   5.94728     -3.284717  0.013  0.047  0.000  0.016  0.224  0.000  0.003  0.000  0.075  0.378
   5.91093     -3.331925  0.017  0.041  0.000  0.014  0.232  0.000  0.005  0.000  0.077  0.386
   5.87458     -3.384766  0.022  0.036  0.000  0.012  0.239  0.000  0.006  0.000  0.080  0.394
   5.83823     -3.441178  0.027  0.031  0.000  0.010  0.244  0.000  0.007  0.000  0.081  0.400
   5.80188     -3.499171  0.031  0.026  0.000  0.009  0.249  0.000  0.008  0.000  0.083  0.406
   5.76553     -3.557001  0.036  0.021  0.000  0.007  0.254  0.000  0.010  0.000  0.085  0.411
   5.72918     -3.612979  0.040  0.017  0.000  0.006  0.257  0.000  0.011  0.000  0.086  0.416
   5.69284     -3.665675  0.044  0.013  0.000  0.004  0.260  0.000  0.012  0.000  0.087  0.420
   5.65649     -3.713854  0.047  0.010  0.000  0.003  0.263  0.000  0.013  0.000  0.088  0.423
   5.62014     -3.756406  0.050  0.007  0.000  0.002  0.265  0.000  0.014  0.000  0.088  0.425
   5.58379     -3.792421  0.052  0.004  0.000  0.001  0.266  0.000  0.014  0.000  0.089  0.428
   5.54744     -3.821167  0.054  0.002  0.000  0.001  0.268  0.000  0.015  0.000  0.089  0.429
   5.51109     -3.842098  0.056  0.001  0.000  0.000  0.268  0.000  0.015  0.000  0.089  0.430
   5.47474     -3.854819  0.056  0.000  0.000  0.000  0.269  0.000  0.015  0.000  0.090  0.431
   5.43840     -3.859100  0.057  0.000  0.000  0.000  0.269  0.000  0.016  0.000  0.090  0.431
   5.43840     -3.859100  0.057  0.000  0.000  0.000  0.269  0.000  0.016  0.000  0.090  0.431
   5.37544     -3.936350  0.057  0.005  0.000  0.014  0.228  0.000  0.015  0.000  0.076  0.394
   5.31248     -4.120286  0.061  0.011  0.000  0.033  0.164  0.000  0.015  0.000  0.055  0.339
   5.24952     -4.356779  0.069  0.015  0.000  0.045  0.115  0.000  0.016  0.000  0.038  0.298
   5.18657     -4.481849  0.000  0.000  0.000  0.000  0.000  0.176  0.000  0.059  0.000  0.235
   5.12361     -4.368147  0.000  0.000  0.000  0.000  0.000  0.177  0.000  0.059  0.000  0.236
   5.06065     -4.229628  0.000  0.000  0.000  0.000  0.000  0.178  0.000  0.059  0.000  0.237
   4.99769     -4.066491  0.000  0.000  0.000  0.000  0.000  0.179  0.000  0.060  0.000  0.239
   4.93473     -3.879257  0.000  0.000  0.000  0.000  0.000  0.180  0.000  0.060  0.000  0.240
   4.87178     -3.668274  0.000  0.000  0.000  0.000  0.000  0.182  0.000  0.061  0.000  0.242
   4.80882     -3.434075  0.000  0.000  0.000  0.000  0.000  0.183  0.000  0.061  0.000  0.244
   4.74586     -3.177294  0.000  0.000  0.000  0.000  0.000  0.185  0.000  0.062  0.000  0.246
   4.68290     -2.898703  0.000  0.000  0.000  0.000  0.000  0.187  0.000  0.062  0.000  0.249
   4.61995     -2.599243  0.000  0.000  0.000  0.000  0.000  0.188  0.000  0.063  0.000  0.251
   4.55699     -2.280077  0.000  0.000  0.000  0.000  0.000  0.190  0.000  0.063  0.000  0.253
   4.49403     -1.942710  0.000  0.000  0.000  0.000  0.000  0.190  0.000  0.063  0.000  0.253
   4.43107     -1.589270  0.000  0.000  0.000  0.000  0.000  0.187  0.000  0.062  0.000  0.250
   4.36812     -1.223477  0.000  0.000  0.000  0.000  0.000  0.177  0.000  0.059  0.000  0.236
   4.30516     -0.856477  0.000  0.000  0.000  0.000  0.000  0.138  0.000  0.046  0.000  0.184
   4.24220     -0.603386  0.000  0.000  0.000  0.000  0.000  0.000  0.000  0.000  0.000  0.000
   4.24220     -0.603386  0.000  0.000  0.000  0.000  0.000  0.000  0.000  0.000  0.000  0.000
   4.19093     -0.654914  0.000  0.000  0.000  0.000  0.029  0.000  0.000  0.000  0.010  0.039
   4.13966     -0.783043  0.000  0.000  0.000  0.000  0.082  0.000  0.000  0.000  0.027  0.109
   4.08839     -0.947425  0.000  0.000  0.000  0.000  0.125  0.000  0.000  0.000  0.042  0.167
   4.03712     -1.124049  0.000  0.000  0.000  0.000  0.156  0.000  0.000  0.000  0.052  0.208
   3.98585     -1.301719  0.000  0.000  0.000  0.000  0.177  0.000  0.000  0.000  0.059  0.236
   3.93458     -1.474763  0.000  0.000  0.000  0.000  0.192  0.000  0.000  0.000  0.064  0.255
   3.88331     -1.639998  0.000  0.000  0.000  0.000  0.202  0.000  0.000  0.000  0.067  0.270
   3.83204     -1.795494  0.000  0.000  0.000  0.000  0.211  0.000  0.000  0.000  0.070  0.281
   3.78077     -1.939984  0.000  0.000  0.000  0.000  0.217  0.000  0.000  0.000  0.072  0.289
   3.72950     -2.072541  0.000  0.000  0.000  0.000  0.222  0.000  0.000  0.000  0.074  0.295
   3.67823     -2.192503  0.000  0.000  0.000  0.000  0.225  0.000  0.000  0.000  0.075  0.300
   3.62696     -2.299309  0.000  0.000  0.000  0.000  0.228  0.000  0.000  0.000  0.076  0.304
   3.57569     -2.392570  0.000  0.000  0.000  0.000  0.231  0.000  0.000  0.000  0.077  0.308
   3.52442     -2.471966  0.000  0.000  0.000  0.000  0.233  0.000  0.000  0.000  0.078  0.310
   3.47314     -2.537227  0.000  0.000  0.000  0.000  0.234  0.000  0.000  0.000  0.078  0.312
   3.42187     -2.588173  0.000  0.000  0.000  0.000  0.235  0.000  0.000  0.000  0.078  0.313
   3.37060     -2.624674  0.000  0.000  0.000  0.000  0.236  0.000  0.000  0.000  0.079  0.314
   3.31933     -2.590423  0.016  0.000  0.070  0.000  0.000  0.000  0.179  0.000  0.000  0.264
   3.26806     -2.347211  0.000  0.000  0.103  0.000  0.000  0.000  0.000  0.000  0.000  0.103
   3.26806     -2.347211  0.000  0.000  0.103  0.000  0.000  0.000  0.000  0.000  0.000  0.103
   3.19537     -2.362398  0.000  0.000  0.102  0.000  0.000  0.006  0.000  0.002  0.000  0.109
   3.12267     -2.405972  0.000  0.000  0.097  0.000  0.000  0.022  0.000  0.007  0.000  0.126
   3.04997     -2.472569  0.000  0.000  0.090  0.000  0.000  0.046  0.000  0.015  0.000  0.151
   2.97727     -2.554804  0.000  0.000  0.081  0.000  0.000  0.074  0.000  0.025  0.000  0.180
   2.90458     -2.644607  0.000  0.000  0.072  0.000  0.000  0.104  0.000  0.035  0.000  0.210
   2.83188     -2.734330  0.000  0.000  0.062  0.000  0.000  0.134  0.000  0.045  0.000  0.241
   2.75918     -2.817178  0.000  0.000  0.053  0.000  0.000  0.162  0.000  0.054  0.000  0.269
   2.68649     -2.887285  0.000  0.000  0.044  0.000  0.000  0.189  0.000  0.063  0.000  0.296
   2.61379     -2.939759  0.000  0.000  0.036  0.000  0.000  0.213  0.000  0.071  0.000  0.320
   2.54109     -2.970531  0.000  0.000  0.029  0.000  0.000  0.235  0.000  0.078  0.000  0.342
   2.46839     -2.976233  0.000  0.000  0.023  0.000  0.000  0.255  0.000  0.085  0.000  0.363
   2.39570     -2.954107  0.000  0.000  0.017  0.000  0.000  0.273  0.000  0.091  0.000  0.381
   2.32300     -2.901927  0.000  0.000  0.012  0.000  0.000  0.289  0.000  0.096  0.000  0.398
   2.25030     -2.817958  0.000  0.000  0.008  0.000  0.000  0.304  0.000  0.101  0.000  0.414
   2.17761     -2.700915  0.000  0.000  0.005  0.000  0.000  0.318  0.000  0.106  0.000  0.429
   2.10491     -2.549882  0.000  0.000  0.003  0.000  0.000  0.331  0.000  0.110  0.000  0.444
   2.03221     -2.364390  0.000  0.000  0.001  0.000  0.000  0.342  0.000  0.114  0.000  0.458
   1.95951     -2.144357  0.000  0.000  0.000  0.000  0.000  0.354  0.000  0.118  0.000  0.472
   1.88682     -1.890121  0.000  0.000  0.000  0.000  0.000  0.122  0.000  0.365  0.000  0.487
   1.88682     -1.890121  0.000  0.000  0.000  0.000  0.000  0.122  0.000  0.365  0.000  0.487
   1.85047     -2.022922  0.000  0.000  0.000  0.000  0.000  0.120  0.000  0.360  0.000  0.480
   1.81412     -2.149979  0.000  0.000  0.000  0.000  0.000  0.118  0.000  0.355  0.000  0.473
   1.77777     -2.271013  0.000  0.000  0.000  0.000  0.000  0.117  0.000  0.350  0.000  0.467
   1.74142     -2.385770  0.000  0.000  0.000  0.000  0.000  0.115  0.000  0.346  0.000  0.462
   1.70507     -2.494019  0.000  0.000  0.000  0.000  0.000  0.114  0.000  0.342  0.000  0.457
   1.66873     -2.595558  0.000  0.000  0.000  0.000  0.000  0.113  0.000  0.339  0.000  0.452
   1.63238     -2.690206  0.000  0.000  0.000  0.000  0.000  0.112  0.000  0.336  0.000  0.448
   1.59603     -2.777802  0.000  0.000  0.000  0.000  0.000  0.111  0.000  0.333  0.000  0.445
   1.55968     -2.858214  0.000  0.000  0.000  0.000  0.000  0.110  0.000  0.331  0.000  0.441
   1.52333     -2.931301  0.000  0.000  0.000  0.000  0.000  0.110  0.000  0.329  0.000  0.439
   1.48698     -2.996964  0.000  0.000  0.000  0.000  0.000  0.109  0.000  0.327  0.000  0.436
   1.45063     -3.055109  0.000  0.000  0.000  0.000  0.000  0.109  0.000  0.326  0.000  0.434
   1.41429     -3.105655  0.000  0.000  0.000  0.000  0.000  0.108  0.000  0.324  0.000  0.432
   1.37794     -3.148536  0.000  0.000  0.000  0.000  0.000  0.108  0.000  0.323  0.000  0.431
   1.34159     -3.183695  0.000  0.000  0.000  0.000  0.000  0.107  0.000  0.322  0.000  0.430
   1.30524     -3.211091  0.000  0.000  0.000  0.000  0.000  0.107  0.000  0.321  0.000  0.429
   1.26889     -3.230682  0.000  0.000  0.000  0.000  0.000  0.107  0.000  0.321  0.000  0.428
   1.23254     -3.242447  0.000  0.000  0.000  0.000  0.000  0.107  0.000  0.321  0.000  0.427
   1.19619     -3.246383  0.000  0.000  0.000  0.000  0.000  0.107  0.000  0.321  0.000  0.427
   1.19619     -3.246383  0.000  0.000  0.000  0.000  0.000  0.107  0.000  0.321  0.000  0.427
   1.13324     -3.243416  0.000  0.000  0.001  0.000  0.000  0.106  0.000  0.319  0.000  0.426
   1.07028     -3.234440  0.000  0.000  0.002  0.000  0.000  0.105  0.000  0.314  0.000  0.421
   1.00732     -3.219146  0.000  0.000  0.005  0.000  0.000  0.102  0.000  0.307  0.000  0.414
   0.94436     -3.197119  0.000  0.000  0.008  0.000  0.000  0.099  0.000  0.296  0.000  0.403
   0.88141     -3.167844  0.000  0.000  0.012  0.000  0.000  0.094  0.000  0.283  0.000  0.390
   0.81845     -3.126848  0.000  0.029  0.000  0.010  0.011  0.000  0.000  0.000  0.032  0.082
   0.75549     -3.069405  0.000  0.027  0.000  0.009  0.015  0.000  0.000  0.000  0.045  0.096
   0.69253     -3.009490  0.000  0.025  0.000  0.008  0.020  0.000  0.000  0.000  0.060  0.114
   0.62958     -2.949549  0.000  0.022  0.000  0.007  0.026  0.000  0.000  0.000  0.078  0.133
   0.56662     -2.891908  0.000  0.020  0.000  0.007  0.032  0.000  0.000  0.000  0.097  0.156
   0.50366     -2.827418  0.000  0.000  0.053  0.000  0.000  0.054  0.000  0.163  0.000  0.270
   0.44070     -2.747813  0.000  0.000  0.061  0.000  0.000  0.046  0.000  0.137  0.000  0.244
   0.37775     -2.666057  0.000  0.000  0.070  0.000  0.000  0.037  0.000  0.111  0.000  0.217
   0.31479     -2.585359  0.000  0.000  0.078  0.000  0.000  0.028  0.000  0.084  0.000  0.190
   0.25183     -2.509678  0.000  0.000  0.086  0.000  0.000  0.020  0.000  0.059  0.000  0.164
   0.18887     -2.443552  0.000  0.000  0.093  0.000  0.000  0.012  0.000  0.035  0.000  0.140
   0.12592     -2.391755  0.000  0.000  0.098  0.000  0.000  0.006  0.000  0.017  0.000  0.121
   0.06296     -2.358632  0.000  0.000  0.102  0.000  0.000  0.001  0.000  0.004  0.000  0.108
   0.00000     -2.347211  0.000  0.000  0.103  0.000  0.000  0.000  0.000  0.000  0.000  0.103
 
# Band-Index:    9
   0.00000     -2.144211  0.029  0.000  0.000  0.000  0.000  0.000  0.599  0.000  0.000  0.628
   0.06296     -2.137541  0.029  0.000  0.000  0.000  0.000  0.000  0.599  0.000  0.000  0.628
   0.12592     -2.117219  0.027  0.000  0.000  0.001  0.001  0.000  0.597  0.000  0.000  0.627
   0.18887     -2.083815  0.025  0.001  0.000  0.003  0.003  0.000  0.593  0.000  0.001  0.627
   0.25183     -2.040080  0.023  0.001  0.000  0.004  0.007  0.000  0.587  0.000  0.002  0.626
   0.31479     -1.990665  0.020  0.002  0.000  0.006  0.014  0.000  0.579  0.000  0.005  0.625
   0.37775     -1.941660  0.016  0.003  0.000  0.008  0.023  0.000  0.567  0.000  0.008  0.624
   0.44070     -1.900057  0.012  0.003  0.000  0.010  0.035  0.000  0.550  0.000  0.012  0.623
   0.50366     -1.872893  0.008  0.004  0.000  0.012  0.052  0.000  0.527  0.000  0.017  0.620
   0.56662     -1.865799  0.005  0.004  0.000  0.012  0.074  0.000  0.497  0.000  0.025  0.616
   0.62958     -1.881464  0.002  0.004  0.000  0.012  0.098  0.000  0.463  0.000  0.033  0.612
   0.69253     -1.918745  0.001  0.004  0.000  0.011  0.124  0.000  0.427  0.000  0.041  0.608
   0.75549     -1.973031  0.000  0.003  0.000  0.009  0.149  0.000  0.392  0.000  0.050  0.603
   0.81845     -2.037631  0.000  0.002  0.000  0.007  0.172  0.000  0.360  0.000  0.057  0.599
   0.88141     -2.105327  0.000  0.002  0.000  0.005  0.191  0.000  0.334  0.000  0.064  0.596
   0.94436     -2.169511  0.001  0.001  0.000  0.004  0.207  0.000  0.313  0.000  0.069  0.594
   1.00732     -2.224773  0.001  0.001  0.000  0.002  0.219  0.000  0.296  0.000  0.073  0.592
   1.07028     -2.267021  0.002  0.000  0.000  0.001  0.227  0.000  0.285  0.000  0.076  0.591
   1.13324     -2.293450  0.002  0.000  0.000  0.000  0.232  0.000  0.279  0.000  0.077  0.590
   1.19619     -2.302450  0.002  0.000  0.000  0.000  0.234  0.000  0.277  0.000  0.078  0.590
   1.19619     -2.302450  0.002  0.000  0.000  0.000  0.234  0.000  0.277  0.000  0.078  0.590
   1.23254     -2.243939  0.002  0.001  0.000  0.000  0.226  0.000  0.265  0.000  0.075  0.569
   1.26889     -2.098280  0.001  0.003  0.000  0.001  0.214  0.000  0.245  0.000  0.071  0.535
   1.30524     -1.909438  0.000  0.004  0.000  0.001  0.208  0.000  0.231  0.000  0.069  0.513
   1.34159     -1.701598  0.000  0.004  0.000  0.001  0.207  0.000  0.223  0.000  0.069  0.505
   1.37794     -1.485495  0.000  0.004  0.000  0.001  0.211  0.000  0.218  0.000  0.070  0.505
   1.41429     -1.265982  0.000  0.003  0.000  0.001  0.217  0.000  0.216  0.000  0.072  0.511
   1.45063     -1.045353  0.000  0.003  0.000  0.001  0.226  0.000  0.215  0.000  0.075  0.520
   1.48698     -0.824749  0.001  0.002  0.000  0.001  0.236  0.000  0.214  0.000  0.079  0.532
   1.52333     -0.604766  0.001  0.001  0.000  0.000  0.247  0.000  0.213  0.000  0.082  0.546
   1.55968     -0.385749  0.001  0.001  0.000  0.000  0.260  0.000  0.212  0.000  0.087  0.561
   1.59603     -0.557344  0.000  0.000  0.003  0.000  0.000  0.421  0.000  0.140  0.000  0.565
   1.63238     -0.748454  0.000  0.000  0.003  0.000  0.000  0.412  0.000  0.137  0.000  0.552
   1.66873     -0.933435  0.000  0.000  0.002  0.000  0.000  0.404  0.000  0.135  0.000  0.540
   1.70507     -1.111766  0.000  0.000  0.002  0.000  0.000  0.396  0.000  0.132  0.000  0.530
   1.74142     -1.282938  0.000  0.000  0.001  0.000  0.000  0.389  0.000  0.130  0.000  0.520
   1.77777     -1.446626  0.000  0.000  0.001  0.000  0.000  0.383  0.000  0.128  0.000  0.511
   1.81412     -1.602535  0.000  0.000  0.000  0.000  0.000  0.377  0.000  0.126  0.000  0.503
   1.85047     -1.750424  0.000  0.000  0.000  0.000  0.000  0.371  0.000  0.124  0.000  0.494
   1.88682     -1.890113  0.000  0.000  0.000  0.000  0.000  0.365  0.000  0.122  0.000  0.487
   1.88682     -1.890113  0.000  0.000  0.000  0.000  0.000  0.365  0.000  0.122  0.000  0.487
   1.95951     -1.608707  0.000  0.000  0.000  0.000  0.000  0.126  0.000  0.378  0.000  0.503
   2.03221     -1.308811  0.000  0.000  0.000  0.000  0.000  0.131  0.000  0.392  0.000  0.523
   2.10491     -0.994296  0.000  0.000  0.000  0.000  0.000  0.137  0.000  0.410  0.000  0.547
   2.17761     -0.669955  0.000  0.000  0.000  0.000  0.000  0.144  0.000  0.431  0.000  0.574
   2.25030     -0.341559  0.000  0.000  0.000  0.000  0.000  0.151  0.000  0.454  0.000  0.606
   2.32300     -0.121855  0.008  0.002  0.000  0.001  0.187  0.000  0.379  0.000  0.062  0.640
   2.39570     -0.404374  0.008  0.003  0.000  0.001  0.169  0.000  0.391  0.000  0.056  0.628
   2.46839     -0.674441  0.009  0.003  0.000  0.001  0.153  0.000  0.402  0.000  0.051  0.619
   2.54109     -0.928699  0.010  0.003  0.000  0.001  0.137  0.000  0.415  0.000  0.046  0.612
   2.61379     -1.164326  0.011  0.004  0.000  0.001  0.120  0.000  0.431  0.000  0.040  0.607
   2.68649     -1.378719  0.012  0.004  0.000  0.001  0.103  0.000  0.449  0.000  0.034  0.604
   2.75918     -1.569457  0.014  0.004  0.000  0.001  0.085  0.000  0.471  0.000  0.028  0.604
   2.83188     -1.734238  0.016  0.004  0.000  0.001  0.065  0.000  0.498  0.000  0.022  0.606
   2.90458     -1.870979  0.018  0.004  0.000  0.001  0.045  0.000  0.528  0.000  0.015  0.611
   2.97727     -1.978242  0.021  0.004  0.000  0.001  0.025  0.000  0.557  0.000  0.008  0.618
   3.04997     -2.056129  0.024  0.003  0.000  0.001  0.010  0.000  0.581  0.000  0.003  0.623
   3.12267     -2.107105  0.027  0.002  0.000  0.001  0.002  0.000  0.594  0.000  0.001  0.627
   3.19537     -2.135275  0.029  0.000  0.000  0.000  0.000  0.000  0.599  0.000  0.000  0.628
   3.26806     -2.144211  0.029  0.000  0.000  0.000  0.000  0.000  0.599  0.000  0.000  0.628
   3.26806     -2.144211  0.029  0.000  0.000  0.000  0.000  0.000  0.599  0.000  0.000  0.628
   3.31933     -1.911073  0.014  0.000  0.033  0.000  0.000  0.000  0.422  0.000  0.000  0.469
   3.37060     -1.610246  0.008  0.000  0.036  0.000  0.000  0.000  0.416  0.000  0.000  0.460
   3.42187     -1.315315  0.005  0.000  0.034  0.000  0.000  0.000  0.438  0.000  0.000  0.477
   3.47314     -1.029983  0.002  0.000  0.031  0.000  0.000  0.000  0.468  0.000  0.000  0.502
   3.52442     -0.754705  0.001  0.000  0.027  0.000  0.000  0.000  0.502  0.000  0.000  0.530
   3.57569     -0.489391  0.000  0.000  0.023  0.000  0.000  0.000  0.536  0.000  0.000  0.559
   3.62696     -0.233895  0.000  0.000  0.019  0.000  0.000  0.000  0.570  0.000  0.000  0.590
   3.67823      0.011754  0.000  0.000  0.015  0.000  0.000  0.000  0.604  0.000  0.000  0.620
   3.72950      0.247182  0.001  0.000  0.012  0.000  0.000  0.000  0.637  0.000  0.000  0.650
   3.78077      0.471537  0.002  0.000  0.009  0.000  0.000  0.000  0.669  0.000  0.000  0.680
   3.83204      0.342224  0.000  0.001  0.000  0.002  0.000  0.177  0.000  0.530  0.000  0.710
   3.88331      0.211808  0.000  0.001  0.000  0.002  0.000  0.174  0.000  0.523  0.000  0.700
   3.93458      0.096543  0.000  0.000  0.000  0.001  0.000  0.173  0.000  0.518  0.000  0.693
   3.98585     -0.002543  0.000  0.000  0.000  0.001  0.000  0.171  0.000  0.514  0.000  0.687
   4.03712     -0.084623  0.000  0.000  0.000  0.001  0.000  0.170  0.000  0.511  0.000  0.682
   4.08839     -0.149070  0.000  0.000  0.000  0.000  0.000  0.170  0.000  0.509  0.000  0.679
   4.13966     -0.195361  0.000  0.000  0.000  0.000  0.000  0.169  0.000  0.507  0.000  0.676
   4.19093     -0.223297  0.000  0.000  0.000  0.000  0.000  0.169  0.000  0.506  0.000  0.675
   4.24220     -0.232617  0.000  0.000  0.000  0.000  0.000  0.169  0.000  0.506  0.000  0.674
   4.24220     -0.232617  0.000  0.000  0.000  0.000  0.000  0.169  0.000  0.506  0.000  0.674
   4.30516      0.018409  0.000  0.000  0.000  0.000  0.000  0.124  0.000  0.373  0.000  0.498
   4.36812      0.266816  0.000  0.000  0.000  0.000  0.595  0.000  0.000  0.000  0.198  0.794
   4.43107      0.115453  0.000  0.000  0.000  0.001  0.575  0.000  0.000  0.000  0.192  0.768
   4.49403     -0.079088  0.000  0.000  0.000  0.001  0.551  0.000  0.000  0.000  0.184  0.737
   4.55699     -0.304624  0.000  0.001  0.000  0.002  0.525  0.000  0.000  0.000  0.175  0.704
   4.61995     -0.549943  0.000  0.001  0.000  0.004  0.499  0.000  0.000  0.000  0.166  0.671
   4.68290     -0.805593  0.000  0.002  0.000  0.006  0.473  0.000  0.001  0.000  0.158  0.639
   4.74586     -1.064044  0.000  0.003  0.000  0.008  0.448  0.000  0.001  0.000  0.149  0.608
   4.80882     -1.319526  0.000  0.004  0.000  0.011  0.422  0.000  0.001  0.000  0.141  0.579
   4.87178     -1.567824  0.000  0.005  0.000  0.015  0.396  0.000  0.001  0.000  0.132  0.549
   4.93473     -1.806084  0.000  0.007  0.000  0.020  0.369  0.000  0.001  0.000  0.123  0.520
   4.99769     -2.032676  0.000  0.009  0.000  0.027  0.339  0.000  0.001  0.000  0.113  0.489
   5.06065     -2.247019  0.000  0.011  0.000  0.034  0.306  0.000  0.001  0.000  0.102  0.456
   5.12361     -2.449473  0.001  0.015  0.000  0.044  0.270  0.000  0.002  0.000  0.090  0.420
   5.18657     -2.641025  0.001  0.019  0.000  0.056  0.227  0.000  0.002  0.000  0.076  0.380
   5.24952     -2.822227  0.002  0.024  0.000  0.071  0.177  0.000  0.002  0.000  0.059  0.334
   5.31248     -2.990299  0.002  0.030  0.000  0.090  0.116  0.000  0.001  0.000  0.039  0.278
   5.37544     -3.129704  0.001  0.038  0.000  0.114  0.044  0.000  0.001  0.000  0.015  0.213
   5.43840     -3.191504  0.000  0.043  0.000  0.130  0.000  0.000  0.000  0.000  0.000  0.173
   5.43840     -3.191504  0.000  0.043  0.000  0.130  0.000  0.000  0.000  0.000  0.000  0.173
   5.47474     -3.192260  0.000  0.043  0.000  0.130  0.000  0.000  0.000  0.000  0.001  0.174
   5.51109     -3.194500  0.000  0.043  0.000  0.129  0.001  0.000  0.000  0.000  0.003  0.176
   5.54744     -3.198130  0.000  0.043  0.000  0.128  0.002  0.000  0.000  0.000  0.006  0.179
   5.58379     -3.202995  0.000  0.042  0.000  0.126  0.004  0.000  0.000  0.000  0.011  0.183
   5.62014     -3.208883  0.000  0.041  0.000  0.124  0.006  0.000  0.000  0.000  0.017  0.189
   5.65649     -3.215548  0.000  0.041  0.000  0.122  0.008  0.000  0.000  0.000  0.024  0.195
   5.69284     -3.222692  0.000  0.040  0.000  0.119  0.011  0.000  0.000  0.000  0.033  0.202
   5.72918     -3.230002  0.000  0.039  0.000  0.116  0.014  0.000  0.000  0.000  0.042  0.211
   5.76553     -3.237067  0.000  0.038  0.000  0.113  0.017  0.000  0.000  0.000  0.052  0.219
   5.80188     -3.243500  0.000  0.036  0.000  0.109  0.021  0.000  0.000  0.000  0.062  0.229
   5.83823     -3.248912  0.000  0.035  0.000  0.106  0.025  0.000  0.000  0.000  0.074  0.239
   5.87458     -3.252878  0.000  0.034  0.000  0.102  0.028  0.000  0.000  0.000  0.085  0.249
   5.91093     -3.254985  0.000  0.033  0.000  0.098  0.032  0.000  0.000  0.000  0.097  0.260
   5.94728     -3.254820  0.000  0.031  0.000  0.094  0.036  0.000  0.000  0.000  0.109  0.271
   5.98362     -3.245271  0.009  0.053  0.000  0.018  0.216  0.000  0.002  0.000  0.072  0.369
   6.01997     -3.215731  0.005  0.058  0.000  0.019  0.206  0.000  0.001  0.000  0.069  0.359
   6.05632     -3.198156  0.002  0.064  0.000  0.021  0.196  0.000  0.001  0.000  0.065  0.349
   6.09267     -3.194372  0.001  0.068  0.000  0.023  0.184  0.000  0.000  0.000  0.061  0.338
   6.12902     -3.205942  0.000  0.073  0.000  0.024  0.172  0.000  0.000  0.000  0.057  0.327
   6.12902     -3.205942  0.000  0.073  0.000  0.024  0.172  0.000  0.000  0.000  0.057  0.327
   6.20172     -3.157073  0.000  0.022  0.000  0.065  0.066  0.000  0.000  0.000  0.197  0.349
   6.27441     -3.087673  0.000  0.019  0.000  0.057  0.074  0.000  0.000  0.000  0.221  0.371
   6.34711     -2.995713  0.000  0.017  0.000  0.050  0.082  0.000  0.000  0.000  0.245  0.393
   6.41981     -2.879670  0.000  0.014  0.000  0.043  0.089  0.000  0.000  0.000  0.268  0.414
   6.49250     -2.738411  0.000  0.012  0.000  0.036  0.097  0.000  0.000  0.000  0.291  0.436
   6.56520     -2.571384  0.000  0.010  0.000  0.030  0.104  0.000  0.000  0.000  0.313  0.458
   6.63790     -2.378582  0.000  0.008  0.000  0.025  0.112  0.000  0.000  0.000  0.335  0.480
   6.71060     -2.160773  0.000  0.007  0.000  0.020  0.119  0.000  0.000  0.000  0.357  0.503
   6.78329     -1.919405  0.000  0.005  0.000  0.016  0.126  0.000  0.000  0.000  0.379  0.527
   6.85599     -1.656925  0.000  0.004  0.000  0.013  0.134  0.000  0.000  0.000  0.402  0.553
   6.92869     -1.376947  0.000  0.003  0.000  0.009  0.142  0.000  0.000  0.000  0.426  0.581
   7.00138     -1.084577  0.000  0.002  0.000  0.007  0.150  0.000  0.000  0.000  0.451  0.611
   7.07408     -0.786821  0.000  0.002  0.000  0.005  0.159  0.000  0.000  0.000  0.478  0.644
   7.14678     -0.493075  0.000  0.001  0.000  0.003  0.169  0.000  0.000  0.000  0.507  0.680
   7.21948     -0.215686  0.000  0.001  0.000  0.002  0.179  0.000  0.000  0.000  0.536  0.717
   7.29217      0.029814  0.000  0.000  0.000  0.001  0.188  0.000  0.000  0.000  0.565  0.754
   7.36487      0.225337  0.000  0.000  0.000  0.000  0.197  0.000  0.000  0.000  0.590  0.787
   7.43757      0.076695  0.000  0.000  0.000  0.000  0.000  0.122  0.000  0.367  0.000  0.489
   7.51026     -0.232617  0.000  0.000  0.000  0.000  0.000  0.169  0.000  0.506  0.000  0.674
   7.51026     -3.191504  0.000  0.043  0.000  0.130  0.000  0.000  0.000  0.000  0.000  0.173
   7.56153     -3.191857  0.000  0.043  0.000  0.129  0.000  0.001  0.000  0.002  0.000  0.175
   7.61281     -3.192903  0.000  0.042  0.000  0.127  0.000  0.003  0.000  0.008  0.000  0.179
   7.66408     -3.194668  0.000  0.041  0.000  0.123  0.000  0.006  0.000  0.017  0.000  0.187
   7.71535     -3.197069  0.000  0.039  0.000  0.118  0.000  0.010  0.000  0.031  0.000  0.198
   7.76662     -3.200029  0.000  0.037  0.000  0.111  0.000  0.016  0.000  0.047  0.000  0.211
   7.81789     -3.203448  0.000  0.034  0.000  0.103  0.000  0.022  0.000  0.067  0.000  0.226
   7.86916     -3.060483  0.019  0.000  0.019  0.000  0.263  0.000  0.062  0.000  0.088  0.451
   7.92043     -2.903308  0.013  0.000  0.021  0.000  0.263  0.000  0.080  0.000  0.088  0.465
   7.97170     -2.759571  0.008  0.000  0.021  0.000  0.263  0.000  0.102  0.000  0.088  0.481
   8.02297     -2.634687  0.004  0.000  0.020  0.000  0.261  0.000  0.127  0.000  0.087  0.499
   8.07424     -2.531929  0.002  0.000  0.017  0.000  0.259  0.000  0.153  0.000  0.086  0.518
   8.12551     -2.452218  0.001  0.000  0.015  0.000  0.255  0.000  0.179  0.000  0.085  0.535
   8.17678     -2.394109  0.000  0.000  0.012  0.000  0.251  0.000  0.204  0.000  0.084  0.551
   8.22805     -2.354491  0.000  0.000  0.008  0.000  0.247  0.000  0.226  0.000  0.082  0.564
   8.27932     -2.329388  0.001  0.000  0.006  0.000  0.242  0.000  0.244  0.000  0.081  0.574
   8.33059     -2.314736  0.001  0.000  0.003  0.000  0.239  0.000  0.259  0.000  0.080  0.581
   8.38186     -2.306979  0.002  0.000  0.001  0.000  0.236  0.000  0.269  0.000  0.079  0.586
   8.43313     -2.303434  0.002  0.000  0.000  0.000  0.234  0.000  0.275  0.000  0.078  0.589
   8.48440     -2.302450  0.002  0.000  0.000  0.000  0.234  0.000  0.277  0.000  0.078  0.590
   8.48440     -3.205942  0.000  0.073  0.000  0.024  0.172  0.000  0.000  0.000  0.057  0.327
   8.53567     -3.200300  0.000  0.072  0.000  0.024  0.172  0.002  0.000  0.001  0.057  0.327
   8.58694     -3.183363  0.000  0.071  0.000  0.024  0.170  0.006  0.000  0.002  0.057  0.330
   8.63821     -3.155149  0.000  0.069  0.000  0.023  0.167  0.014  0.000  0.005  0.056  0.334
   8.68948     -3.115720  0.000  0.066  0.000  0.022  0.164  0.025  0.000  0.008  0.055  0.340
   8.74075     -3.065148  0.000  0.062  0.000  0.021  0.159  0.039  0.000  0.013  0.053  0.347
   8.79203     -3.003595  0.000  0.058  0.000  0.019  0.153  0.056  0.000  0.019  0.051  0.356
   8.84330     -2.931350  0.000  0.053  0.000  0.018  0.146  0.075  0.000  0.025  0.049  0.365
   8.89457     -2.848927  0.000  0.048  0.000  0.016  0.137  0.097  0.000  0.032  0.046  0.376
   8.94584     -2.757100  0.000  0.043  0.000  0.014  0.127  0.121  0.000  0.040  0.042  0.388
   8.99711     -2.657005  0.000  0.037  0.000  0.012  0.116  0.147  0.000  0.049  0.039  0.400
   9.04838     -2.550247  0.000  0.031  0.000  0.010  0.104  0.175  0.000  0.058  0.035  0.413
   9.09965     -2.439034  0.000  0.025  0.000  0.008  0.090  0.204  0.000  0.068  0.030  0.426
   9.15092     -2.326309  0.000  0.020  0.000  0.007  0.075  0.235  0.000  0.078  0.025  0.439
   9.20219     -2.215972  0.000  0.015  0.000  0.005  0.059  0.265  0.000  0.088  0.020  0.451
   9.25346     -2.112775  0.000  0.010  0.000  0.003  0.042  0.295  0.000  0.098  0.014  0.463
   9.30473     -2.022517  0.000  0.006  0.000  0.002  0.026  0.322  0.000  0.107  0.009  0.472
   9.35600     -1.951540  0.000  0.003  0.000  0.001  0.013  0.345  0.000  0.115  0.004  0.480
   9.40727     -1.905907  0.000  0.001  0.000  0.000  0.003  0.360  0.000  0.120  0.001  0.485
   9.45854     -1.890113  0.000  0.000  0.000  0.000  0.000  0.365  0.000  0.122  0.000  0.487
 
# Band-Index:   10
   9.45854      1.329007  0.000  0.000  0.000  0.001  0.175  0.000  0.000  0.000  0.525  0.702
   9.40727      1.351213  0.000  0.000  0.000  0.001  0.174  0.002  0.000  0.005  0.522  0.704
   9.35600      1.416034  0.000  0.000  0.000  0.001  0.171  0.006  0.000  0.018  0.513  0.709
   9.30473      1.518707  0.000  0.000  0.000  0.000  0.167  0.012  0.000  0.037  0.500  0.717
   9.25346      1.652662  0.000  0.000  0.000  0.000  0.162  0.020  0.000  0.061  0.485  0.728
   9.20219      1.810922  0.000  0.000  0.000  0.000  0.156  0.028  0.000  0.086  0.469  0.740
   9.15092      1.986967  0.000  0.000  0.000  0.000  0.151  0.037  0.000  0.111  0.453  0.752
   9.09965      2.111395  0.008  0.000  0.000  0.000  0.000  0.000  0.799  0.000  0.000  0.807
   9.04838      2.156791  0.007  0.000  0.001  0.000  0.000  0.000  0.811  0.000  0.000  0.818
   8.99711      2.203704  0.005  0.000  0.001  0.000  0.000  0.000  0.825  0.000  0.000  0.831
   8.94584      2.250543  0.004  0.000  0.001  0.000  0.000  0.000  0.840  0.000  0.000  0.844
   8.89457      2.295661  0.002  0.000  0.001  0.000  0.000  0.000  0.855  0.000  0.000  0.859
   8.84330      2.337483  0.001  0.000  0.001  0.000  0.000  0.000  0.871  0.000  0.000  0.873
   8.79203      2.374662  0.001  0.000  0.001  0.000  0.000  0.000  0.887  0.000  0.000  0.888
   8.74075      2.406144  0.000  0.000  0.001  0.000  0.000  0.000  0.902  0.000  0.000  0.902
   8.68948      2.431340  0.000  0.000  0.001  0.000  0.000  0.000  0.915  0.000  0.000  0.915
   8.63821      2.450196  0.000  0.000  0.000  0.000  0.000  0.000  0.926  0.000  0.000  0.926
   8.58694      2.463023  0.001  0.000  0.000  0.000  0.000  0.000  0.934  0.000  0.000  0.935
   8.53567      2.470377  0.001  0.000  0.000  0.000  0.000  0.000  0.939  0.000  0.000  0.940
   8.48440      2.472760  0.001  0.000  0.000  0.000  0.000  0.000  0.941  0.000  0.000  0.942
   8.48440      1.296089  0.000  0.000  0.000  0.000  0.000  0.656  0.000  0.219  0.000  0.875
   8.43313      1.318433  0.000  0.000  0.000  0.000  0.000  0.654  0.000  0.218  0.000  0.872
   8.38186      1.384305  0.000  0.001  0.000  0.000  0.000  0.646  0.000  0.215  0.000  0.864
   8.33059      1.490766  0.000  0.003  0.000  0.001  0.000  0.635  0.000  0.212  0.000  0.851
   8.27932      1.633507  0.000  0.005  0.000  0.002  0.000  0.621  0.000  0.207  0.000  0.835
   8.22805      1.807433  0.000  0.007  0.000  0.002  0.000  0.606  0.000  0.202  0.000  0.818
   8.17678      2.007247  0.000  0.009  0.000  0.003  0.000  0.591  0.000  0.197  0.000  0.801
   8.12551      1.932332  0.015  0.000  0.013  0.000  0.038  0.000  0.420  0.000  0.013  0.499
   8.07424      1.838357  0.018  0.000  0.009  0.000  0.027  0.000  0.460  0.000  0.009  0.523
   8.02297      1.784900  0.021  0.000  0.006  0.000  0.018  0.000  0.503  0.000  0.006  0.553
   7.97170      1.772670  0.023  0.000  0.003  0.000  0.011  0.000  0.547  0.000  0.004  0.588
   7.92043      1.799578  0.023  0.000  0.001  0.000  0.007  0.000  0.593  0.000  0.002  0.626
   7.86916      1.860727  0.023  0.000  0.000  0.000  0.004  0.000  0.639  0.000  0.001  0.667
   7.81789      1.948925  0.021  0.000  0.000  0.000  0.002  0.000  0.687  0.000  0.001  0.711
   7.76662      2.055108  0.019  0.000  0.000  0.000  0.001  0.000  0.735  0.000  0.000  0.756
   7.71535      2.168583  0.016  0.000  0.000  0.000  0.001  0.000  0.784  0.000  0.000  0.803
   7.66408      2.277163  0.014  0.000  0.000  0.000  0.001  0.000  0.832  0.000  0.000  0.847
   7.61281      2.367897  0.012  0.000  0.000  0.000  0.001  0.000  0.873  0.000  0.000  0.886
   7.56153      2.428496  0.010  0.000  0.000  0.000  0.001  0.000  0.901  0.000  0.000  0.913
   7.51026      2.449828  0.010  0.000  0.000  0.000  0.001  0.000  0.911  0.000  0.000  0.923
   7.51026     -0.232609  0.000  0.000  0.000  0.000  0.000  0.506  0.000  0.169  0.000  0.674
   7.43757      0.083514  0.000  0.000  0.000  0.000  0.000  0.357  0.000  0.119  0.000  0.476
   7.36487      0.464563  0.000  0.000  0.000  0.000  0.615  0.000  0.000  0.000  0.205  0.821
   7.29217      0.548378  0.000  0.001  0.000  0.000  0.616  0.000  0.000  0.000  0.205  0.823
   7.21948      0.663752  0.000  0.002  0.000  0.001  0.617  0.000  0.001  0.000  0.206  0.826
   7.14678      0.808583  0.000  0.003  0.000  0.001  0.618  0.000  0.003  0.000  0.206  0.830
   7.07408      0.980073  0.000  0.004  0.000  0.001  0.618  0.000  0.006  0.000  0.206  0.835
   7.00138      1.174534  0.000  0.005  0.000  0.002  0.614  0.000  0.014  0.000  0.205  0.839
   6.92869      1.386993  0.001  0.006  0.000  0.002  0.602  0.000  0.032  0.000  0.201  0.843
   6.85599      1.610227  0.001  0.007  0.000  0.002  0.572  0.000  0.073  0.000  0.191  0.846
   6.78329      1.831945  0.002  0.008  0.000  0.003  0.497  0.000  0.172  0.000  0.166  0.848
   6.71060      2.029868  0.005  0.007  0.000  0.002  0.343  0.000  0.383  0.000  0.114  0.854
   6.63790      2.179973  0.006  0.004  0.000  0.001  0.167  0.000  0.636  0.000  0.056  0.870
   6.56520      2.284606  0.007  0.003  0.000  0.001  0.067  0.000  0.791  0.000  0.022  0.890
   6.49250      2.358895  0.006  0.002  0.000  0.001  0.025  0.000  0.865  0.000  0.008  0.906
   6.41981      2.410971  0.004  0.001  0.000  0.000  0.008  0.000  0.903  0.000  0.003  0.920
   6.34711      2.444562  0.003  0.001  0.000  0.000  0.002  0.000  0.923  0.000  0.001  0.930
   6.27441      2.463131  0.002  0.000  0.000  0.000  0.000  0.000  0.934  0.000  0.000  0.937
   6.20172      2.471008  0.001  0.000  0.000  0.000  0.000  0.000  0.939  0.000  0.000  0.941
   6.12902      2.472760  0.001  0.000  0.000  0.000  0.000  0.000  0.941  0.000  0.000  0.942
   6.12902      2.472760  0.001  0.000  0.000  0.000  0.000  0.000  0.941  0.000  0.000  0.942
   6.09267      2.472501  0.001  0.000  0.000  0.000  0.000  0.000  0.940  0.000  0.000  0.941
   6.05632      2.471891  0.001  0.000  0.000  0.000  0.000  0.000  0.939  0.000  0.000  0.941
   6.01997      2.471078  0.002  0.000  0.000  0.000  0.000  0.000  0.938  0.000  0.000  0.940
   5.98362      2.470136  0.002  0.000  0.000  0.000  0.000  0.000  0.937  0.000  0.000  0.939
   5.94728      2.469087  0.002  0.000  0.000  0.000  0.000  0.000  0.935  0.000  0.000  0.937
   5.91093      2.467905  0.003  0.000  0.000  0.000  0.000  0.000  0.932  0.000  0.000  0.936
   5.87458      2.466569  0.003  0.000  0.000  0.000  0.000  0.000  0.930  0.000  0.000  0.935
   5.83823      2.465071  0.004  0.000  0.000  0.000  0.001  0.000  0.928  0.000  0.000  0.933
   5.80188      2.463425  0.005  0.000  0.000  0.000  0.001  0.000  0.925  0.000  0.000  0.932
   5.76553      2.461644  0.006  0.000  0.000  0.000  0.001  0.000  0.923  0.000  0.000  0.930
   5.72918      2.459778  0.006  0.000  0.000  0.000  0.001  0.000  0.921  0.000  0.000  0.929
   5.69284      2.457909  0.007  0.000  0.000  0.000  0.001  0.000  0.919  0.000  0.000  0.928
   5.65649      2.456067  0.008  0.000  0.000  0.000  0.001  0.000  0.917  0.000  0.000  0.927
   5.62014      2.454347  0.008  0.000  0.000  0.000  0.001  0.000  0.915  0.000  0.000  0.926
   5.58379      2.452818  0.009  0.000  0.000  0.000  0.001  0.000  0.914  0.000  0.000  0.925
   5.54744      2.451558  0.009  0.000  0.000  0.000  0.001  0.000  0.913  0.000  0.000  0.924
   5.51109      2.450615  0.010  0.000  0.000  0.000  0.001  0.000  0.912  0.000  0.000  0.924
   5.47474      2.450031  0.010  0.000  0.000  0.000  0.001  0.000  0.912  0.000  0.000  0.923
   5.43840      2.449828  0.010  0.000  0.000  0.000  0.001  0.000  0.911  0.000  0.000  0.923
   5.43840      2.449828  0.010  0.000  0.000  0.000  0.001  0.000  0.911  0.000  0.000  0.923
   5.37544      2.443592  0.010  0.000  0.000  0.000  0.001  0.000  0.911  0.000  0.000  0.923
   5.31248      2.425093  0.010  0.000  0.000  0.000  0.001  0.000  0.909  0.000  0.000  0.921
   5.24952      2.394994  0.010  0.000  0.000  0.000  0.001  0.000  0.906  0.000  0.000  0.917
   5.18657      2.354380  0.009  0.000  0.000  0.000  0.001  0.000  0.902  0.000  0.000  0.913
   5.12361      2.304624  0.009  0.000  0.000  0.000  0.001  0.000  0.897  0.000  0.000  0.908
   5.06065      2.153821  0.000  0.004  0.000  0.001  0.223  0.000  0.000  0.000  0.668  0.897
   4.99769      1.952197  0.000  0.005  0.000  0.002  0.220  0.000  0.000  0.000  0.659  0.884
   4.93473      1.746891  0.000  0.005  0.000  0.002  0.217  0.000  0.000  0.000  0.650  0.873
   4.87178      1.543778  0.000  0.005  0.000  0.002  0.214  0.000  0.000  0.000  0.642  0.863
   4.80882      1.347883  0.000  0.004  0.000  0.001  0.212  0.000  0.000  0.000  0.636  0.854
   4.74586      1.163312  0.000  0.004  0.000  0.001  0.210  0.000  0.000  0.000  0.630  0.846
   4.68290      0.993500  0.000  0.003  0.000  0.001  0.209  0.000  0.000  0.000  0.626  0.839
   4.61995      0.841275  0.000  0.002  0.000  0.001  0.207  0.000  0.000  0.000  0.622  0.833
   4.55699      0.708941  0.000  0.002  0.000  0.001  0.207  0.000  0.000  0.000  0.620  0.829
   4.49403      0.598335  0.000  0.001  0.000  0.000  0.206  0.000  0.000  0.000  0.617  0.825
   4.43107      0.510887  0.000  0.001  0.000  0.000  0.205  0.000  0.000  0.000  0.616  0.822
   4.36812      0.371674  0.000  0.000  0.001  0.000  0.000  0.114  0.000  0.342  0.000  0.457
   4.30516      0.029061  0.000  0.000  0.000  0.000  0.000  0.370  0.000  0.123  0.000  0.493
   4.24220     -0.232609  0.000  0.000  0.000  0.000  0.000  0.506  0.000  0.169  0.000  0.674
   4.24220     -0.232609  0.000  0.000  0.000  0.000  0.000  0.506  0.000  0.169  0.000  0.674
   4.19093     -0.223289  0.000  0.000  0.000  0.000  0.000  0.506  0.000  0.169  0.000  0.675
   4.13966     -0.195353  0.000  0.000  0.000  0.000  0.000  0.507  0.000  0.169  0.000  0.676
   4.08839     -0.149062  0.000  0.000  0.000  0.000  0.000  0.509  0.000  0.170  0.000  0.679
   4.03712     -0.084615  0.000  0.001  0.000  0.000  0.000  0.511  0.000  0.170  0.000  0.682
   3.98585     -0.002536  0.000  0.001  0.000  0.000  0.000  0.514  0.000  0.171  0.000  0.687
   3.93458      0.096551  0.000  0.001  0.000  0.000  0.000  0.518  0.000  0.173  0.000  0.693
   3.88331      0.211815  0.000  0.002  0.000  0.001  0.000  0.523  0.000  0.174  0.000  0.700
   3.83204      0.342232  0.000  0.002  0.000  0.001  0.000  0.530  0.000  0.177  0.000  0.710
   3.78077      0.486329  0.000  0.001  0.000  0.003  0.000  0.179  0.000  0.538  0.000  0.721
   3.72950      0.642370  0.000  0.001  0.000  0.003  0.000  0.182  0.000  0.547  0.000  0.734
   3.67823      0.808023  0.000  0.001  0.000  0.003  0.000  0.186  0.000  0.559  0.000  0.750
   3.62696      0.980236  0.000  0.001  0.000  0.003  0.000  0.191  0.000  0.573  0.000  0.768
   3.57569      1.154979  0.000  0.001  0.000  0.003  0.000  0.196  0.000  0.589  0.000  0.790
   3.52442      1.326922  0.000  0.001  0.000  0.003  0.000  0.203  0.000  0.608  0.000  0.814
   3.47314      1.489112  0.000  0.001  0.000  0.002  0.000  0.209  0.000  0.628  0.000  0.841
   3.42187      1.632684  0.000  0.001  0.000  0.002  0.000  0.217  0.000  0.650  0.000  0.869
   3.37060      1.747053  0.000  0.000  0.000  0.001  0.000  0.223  0.000  0.669  0.000  0.894
   3.31933      1.821483  0.000  0.000  0.000  0.000  0.000  0.228  0.000  0.683  0.000  0.912
   3.26806      1.847391  0.000  0.000  0.000  0.000  0.000  0.230  0.000  0.689  0.000  0.918
   3.26806      1.847391  0.000  0.000  0.000  0.000  0.000  0.230  0.000  0.689  0.000  0.918
   3.19537      1.841955  0.000  0.000  0.000  0.000  0.000  0.229  0.000  0.688  0.000  0.918
   3.12267      1.824975  0.000  0.000  0.000  0.000  0.000  0.229  0.000  0.687  0.000  0.916
   3.04997      1.794511  0.000  0.000  0.000  0.000  0.000  0.228  0.000  0.685  0.000  0.913
   2.97727      1.747286  0.000  0.000  0.000  0.000  0.000  0.227  0.000  0.680  0.000  0.907
   2.90458      1.679016  0.000  0.000  0.000  0.000  0.000  0.224  0.000  0.673  0.000  0.898
   2.83188      1.584663  0.000  0.000  0.000  0.000  0.000  0.221  0.000  0.663  0.000  0.883
   2.75918      1.459051  0.000  0.000  0.000  0.000  0.000  0.216  0.000  0.647  0.000  0.863
   2.68649      1.297993  0.000  0.000  0.000  0.000  0.000  0.209  0.000  0.627  0.000  0.836
   2.61379      1.099249  0.000  0.000  0.000  0.000  0.000  0.200  0.000  0.601  0.000  0.802
   2.54109      0.863482  0.000  0.000  0.000  0.000  0.000  0.191  0.000  0.572  0.000  0.763
   2.46839      0.594494  0.000  0.000  0.000  0.000  0.000  0.181  0.000  0.542  0.000  0.722
   2.39570      0.298673  0.000  0.000  0.000  0.000  0.000  0.170  0.000  0.511  0.000  0.681
   2.32300     -0.016097  0.000  0.000  0.000  0.000  0.000  0.160  0.000  0.481  0.000  0.641
   2.25030      0.169373  0.007  0.002  0.000  0.001  0.207  0.000  0.367  0.000  0.069  0.653
   2.17761      0.464691  0.006  0.002  0.000  0.001  0.231  0.000  0.350  0.000  0.077  0.667
   2.10491      0.757839  0.006  0.002  0.000  0.001  0.264  0.000  0.323  0.000  0.088  0.682
   2.03221      1.038015  0.005  0.001  0.000  0.000  0.314  0.000  0.272  0.000  0.105  0.697
   1.95951      1.217916  0.000  0.000  0.000  0.001  0.171  0.000  0.000  0.000  0.513  0.685
   1.88682      1.329007  0.000  0.000  0.000  0.001  0.175  0.000  0.000  0.000  0.525  0.702
   1.88682      1.329007  0.000  0.000  0.000  0.001  0.175  0.000  0.000  0.000  0.525  0.702
   1.85047      1.224923  0.001  0.001  0.000  0.000  0.487  0.000  0.039  0.000  0.162  0.691
   1.81412      1.065170  0.002  0.001  0.000  0.000  0.433  0.000  0.097  0.000  0.144  0.677
   1.77777      0.879139  0.002  0.000  0.000  0.000  0.390  0.000  0.138  0.000  0.130  0.661
   1.74142      0.679978  0.002  0.000  0.000  0.000  0.357  0.000  0.166  0.000  0.119  0.644
   1.70507      0.473435  0.003  0.000  0.000  0.000  0.331  0.000  0.184  0.000  0.110  0.627
   1.66873      0.262368  0.002  0.000  0.000  0.000  0.309  0.000  0.196  0.000  0.103  0.610
   1.63238      0.048286  0.002  0.000  0.000  0.000  0.291  0.000  0.204  0.000  0.097  0.594
   1.59603     -0.167966  0.002  0.000  0.000  0.000  0.275  0.000  0.209  0.000  0.092  0.577
   1.55968     -0.360813  0.000  0.000  0.004  0.000  0.000  0.431  0.000  0.144  0.000  0.579
   1.52333     -0.159763  0.000  0.000  0.005  0.000  0.000  0.443  0.000  0.148  0.000  0.596
   1.48698      0.044576  0.000  0.000  0.005  0.000  0.000  0.457  0.000  0.152  0.000  0.615
   1.45063      0.250512  0.000  0.000  0.005  0.000  0.000  0.474  0.000  0.158  0.000  0.637
   1.41429      0.455642  0.000  0.000  0.006  0.000  0.000  0.494  0.000  0.165  0.000  0.664
   1.37794      0.656476  0.000  0.000  0.005  0.000  0.000  0.518  0.000  0.173  0.000  0.696
   1.34159      0.847590  0.000  0.000  0.005  0.000  0.000  0.547  0.000  0.182  0.000  0.733
   1.30524      1.020863  0.000  0.000  0.003  0.000  0.000  0.580  0.000  0.193  0.000  0.777
   1.26889      1.164171  0.000  0.000  0.002  0.000  0.000  0.615  0.000  0.205  0.000  0.822
   1.23254      1.261319  0.000  0.000  0.001  0.000  0.000  0.644  0.000  0.215  0.000  0.860
   1.19619      1.296089  0.000  0.000  0.000  0.000  0.000  0.656  0.000  0.219  0.000  0.875
   1.19619      1.296089  0.000  0.000  0.000  0.000  0.000  0.656  0.000  0.219  0.000  0.875
   1.13324      1.299608  0.000  0.000  0.000  0.000  0.000  0.657  0.000  0.219  0.000  0.875
   1.07028      1.310084  0.000  0.000  0.000  0.000  0.000  0.657  0.000  0.219  0.000  0.876
   1.00732      1.327307  0.000  0.000  0.000  0.000  0.000  0.658  0.000  0.219  0.000  0.877
   0.94436      1.350831  0.000  0.000  0.000  0.000  0.000  0.659  0.000  0.220  0.000  0.879
   0.88141      1.380153  0.000  0.000  0.000  0.000  0.000  0.661  0.000  0.220  0.000  0.881
   0.81845      1.414584  0.000  0.000  0.000  0.000  0.000  0.663  0.000  0.221  0.000  0.884
   0.75549      1.453299  0.000  0.000  0.000  0.000  0.000  0.665  0.000  0.222  0.000  0.886
   0.69253      1.495361  0.000  0.000  0.000  0.000  0.000  0.667  0.000  0.222  0.000  0.890
   0.62958      1.539700  0.000  0.000  0.000  0.000  0.000  0.670  0.000  0.223  0.000  0.893
   0.56662      1.585136  0.000  0.000  0.000  0.000  0.000  0.672  0.000  0.224  0.000  0.897
   0.50366      1.630454  0.000  0.000  0.000  0.000  0.000  0.675  0.000  0.225  0.000  0.900
   0.44070      1.674406  0.000  0.000  0.000  0.000  0.000  0.678  0.000  0.226  0.000  0.904
   0.37775      1.715726  0.000  0.000  0.000  0.000  0.000  0.680  0.000  0.227  0.000  0.907
   0.31479      1.753175  0.000  0.000  0.000  0.000  0.000  0.683  0.000  0.228  0.000  0.910
   0.25183      1.785595  0.000  0.000  0.000  0.000  0.000  0.685  0.000  0.228  0.000  0.913
   0.18887      1.811965  0.000  0.000  0.000  0.000  0.000  0.686  0.000  0.229  0.000  0.915
   0.12592      1.831439  0.000  0.000  0.000  0.000  0.000  0.688  0.000  0.229  0.000  0.917
   0.06296      1.843373  0.000  0.000  0.000  0.000  0.000  0.688  0.000  0.230  0.000  0.918
   0.00000      1.847391  0.000  0.000  0.000  0.000  0.000  0.230  0.000  0.689  0.000  0.918
 
# Band-Index:   11
   0.00000      1.847396  0.000  0.000  0.000  0.000  0.000  0.689  0.000  0.230  0.000  0.918
   0.06296      1.871413  0.000  0.000  0.001  0.000  0.000  0.228  0.000  0.684  0.000  0.913
   0.12592      1.941934  0.000  0.000  0.004  0.000  0.000  0.224  0.000  0.671  0.000  0.900
   0.18887      2.054518  0.000  0.000  0.010  0.000  0.000  0.217  0.000  0.652  0.000  0.878
   0.25183      2.202637  0.000  0.000  0.016  0.000  0.000  0.209  0.000  0.626  0.000  0.851
   0.31479      2.378240  0.000  0.000  0.023  0.000  0.000  0.199  0.000  0.597  0.000  0.818
   0.37775      2.427132  0.014  0.002  0.000  0.005  0.391  0.000  0.027  0.000  0.130  0.570
   0.44070      2.249194  0.019  0.001  0.000  0.003  0.384  0.000  0.047  0.000  0.128  0.583
   0.50366      2.123169  0.023  0.000  0.000  0.001  0.374  0.000  0.076  0.000  0.125  0.599
   0.56662      2.056733  0.025  0.000  0.000  0.000  0.360  0.000  0.112  0.000  0.120  0.618
   0.62958      2.052878  0.027  0.000  0.000  0.000  0.343  0.000  0.155  0.000  0.114  0.640
   0.69253      2.108984  0.026  0.000  0.000  0.001  0.325  0.000  0.203  0.000  0.108  0.664
   0.75549      2.217338  0.025  0.001  0.000  0.002  0.309  0.000  0.253  0.000  0.103  0.691
   0.81845      2.365909  0.022  0.001  0.000  0.003  0.294  0.000  0.302  0.000  0.098  0.719
   0.88141      2.539881  0.018  0.001  0.000  0.003  0.283  0.000  0.348  0.000  0.095  0.750
   0.94436      2.587379  0.000  0.000  0.000  0.000  0.224  0.000  0.000  0.000  0.672  0.896
   1.00732      2.628622  0.000  0.000  0.000  0.000  0.227  0.000  0.000  0.000  0.682  0.910
   1.07028      2.661633  0.000  0.000  0.000  0.000  0.230  0.000  0.000  0.000  0.690  0.921
   1.13324      2.682916  0.000  0.000  0.000  0.000  0.232  0.000  0.000  0.000  0.695  0.927
   1.19619      2.690254  0.000  0.000  0.000  0.000  0.232  0.000  0.000  0.000  0.697  0.929
   1.19619      2.690254  0.000  0.000  0.000  0.000  0.232  0.000  0.000  0.000  0.697  0.929
   1.23254      2.682153  0.000  0.000  0.000  0.000  0.232  0.000  0.000  0.000  0.695  0.927
   1.26889      2.658190  0.000  0.000  0.000  0.000  0.230  0.000  0.000  0.000  0.691  0.921
   1.30524      2.619310  0.000  0.000  0.000  0.001  0.228  0.000  0.000  0.000  0.684  0.912
   1.34159      2.566956  0.000  0.000  0.000  0.001  0.225  0.000  0.000  0.000  0.674  0.901
   1.37794      2.502949  0.000  0.001  0.000  0.002  0.221  0.000  0.000  0.000  0.664  0.887
   1.41429      2.429254  0.000  0.001  0.000  0.002  0.217  0.000  0.000  0.000  0.652  0.872
   1.45063      2.347891  0.000  0.001  0.000  0.003  0.213  0.000  0.000  0.000  0.640  0.857
   1.48698      2.260826  0.000  0.001  0.000  0.003  0.209  0.000  0.000  0.000  0.628  0.841
   1.52333      2.169867  0.000  0.001  0.000  0.003  0.205  0.000  0.000  0.000  0.616  0.826
   1.55968      2.076677  0.000  0.001  0.000  0.003  0.201  0.000  0.000  0.000  0.604  0.810
   1.59603      1.982737  0.000  0.001  0.000  0.003  0.198  0.000  0.000  0.000  0.593  0.796
   1.63238      1.889338  0.000  0.001  0.000  0.003  0.194  0.000  0.000  0.000  0.583  0.782
   1.66873      1.797607  0.000  0.001  0.000  0.003  0.191  0.000  0.000  0.000  0.573  0.768
   1.70507      1.708529  0.000  0.001  0.000  0.003  0.188  0.000  0.000  0.000  0.564  0.756
   1.74142      1.622957  0.000  0.001  0.000  0.003  0.185  0.000  0.000  0.000  0.555  0.744
   1.77777      1.541620  0.000  0.001  0.000  0.002  0.182  0.000  0.000  0.000  0.547  0.732
   1.81412      1.465168  0.000  0.001  0.000  0.002  0.180  0.000  0.000  0.000  0.539  0.722
   1.85047      1.394141  0.000  0.001  0.000  0.002  0.177  0.000  0.000  0.000  0.532  0.712
   1.88682      1.329010  0.000  0.001  0.000  0.000  0.525  0.000  0.000  0.000  0.175  0.702
   1.88682      1.329010  0.000  0.001  0.000  0.000  0.525  0.000  0.000  0.000  0.175  0.702
   1.95951      1.274339  0.003  0.001  0.000  0.000  0.413  0.000  0.153  0.000  0.138  0.708
   2.03221      1.134570  0.000  0.000  0.000  0.000  0.167  0.000  0.000  0.000  0.502  0.669
   2.10491      1.080754  0.000  0.000  0.000  0.000  0.164  0.000  0.000  0.000  0.491  0.655
   2.17761      1.057670  0.000  0.000  0.000  0.000  0.161  0.000  0.000  0.000  0.482  0.642
   2.25030      1.066063  0.000  0.000  0.000  0.000  0.158  0.000  0.000  0.000  0.473  0.631
   2.32300      1.106197  0.000  0.000  0.000  0.001  0.155  0.000  0.000  0.000  0.465  0.620
   2.39570      1.177973  0.000  0.000  0.000  0.001  0.152  0.000  0.000  0.000  0.457  0.611
   2.46839      1.280896  0.000  0.001  0.000  0.002  0.150  0.000  0.000  0.000  0.449  0.602
   2.54109      1.414306  0.000  0.001  0.000  0.003  0.147  0.000  0.000  0.000  0.442  0.594
   2.61379      1.577041  0.000  0.001  0.000  0.004  0.145  0.000  0.000  0.000  0.436  0.587
   2.68649      1.767685  0.000  0.002  0.000  0.005  0.143  0.000  0.000  0.000  0.430  0.580
   2.75918      1.984446  0.000  0.002  0.000  0.007  0.141  0.000  0.000  0.000  0.424  0.574
   2.83188      2.224958  0.000  0.003  0.000  0.008  0.139  0.000  0.000  0.000  0.418  0.568
   2.90458      2.485990  0.000  0.003  0.000  0.009  0.138  0.000  0.000  0.000  0.414  0.563
   2.97727      2.327648  0.000  0.000  0.020  0.000  0.000  0.612  0.000  0.204  0.000  0.836
   3.04997      2.125330  0.000  0.000  0.012  0.000  0.000  0.641  0.000  0.214  0.000  0.868
   3.12267      1.973719  0.000  0.000  0.006  0.000  0.000  0.666  0.000  0.222  0.000  0.894
   3.19537      1.879436  0.000  0.000  0.002  0.000  0.000  0.683  0.000  0.228  0.000  0.912
   3.26806      1.847396  0.000  0.000  0.000  0.000  0.000  0.689  0.000  0.230  0.000  0.918
   3.26806      1.847396  0.000  0.000  0.000  0.000  0.000  0.689  0.000  0.230  0.000  0.918
   3.31933      1.821488  0.000  0.000  0.000  0.000  0.000  0.683  0.000  0.228  0.000  0.912
   3.37060      1.747058  0.000  0.001  0.000  0.000  0.000  0.669  0.000  0.223  0.000  0.894
   3.42187      1.632690  0.000  0.002  0.000  0.001  0.000  0.650  0.000  0.217  0.000  0.869
   3.47314      1.489118  0.000  0.002  0.000  0.001  0.000  0.628  0.000  0.209  0.000  0.841
   3.52442      1.326928  0.000  0.003  0.000  0.001  0.000  0.608  0.000  0.203  0.000  0.814
   3.57569      1.154985  0.000  0.003  0.000  0.001  0.000  0.589  0.000  0.196  0.000  0.790
   3.62696      0.980243  0.000  0.003  0.000  0.001  0.000  0.573  0.000  0.191  0.000  0.768
   3.67823      0.808029  0.000  0.003  0.000  0.001  0.000  0.559  0.000  0.186  0.000  0.750
   3.72950      0.642377  0.000  0.003  0.000  0.001  0.000  0.547  0.000  0.182  0.000  0.734
   3.78077      0.486336  0.000  0.003  0.000  0.001  0.000  0.538  0.000  0.179  0.000  0.721
   3.83204      0.683445  0.002  0.000  0.007  0.000  0.000  0.000  0.699  0.000  0.000  0.709
   3.88331      0.880942  0.003  0.000  0.005  0.000  0.000  0.000  0.727  0.000  0.000  0.736
   3.93458      1.061559  0.004  0.000  0.003  0.000  0.000  0.000  0.753  0.000  0.000  0.761
   3.98585      1.222370  0.005  0.000  0.002  0.000  0.000  0.000  0.777  0.000  0.000  0.784
   4.03712      1.028303  0.000  0.000  0.000  0.000  0.154  0.000  0.000  0.000  0.463  0.617
   4.08839      0.803764  0.000  0.000  0.000  0.000  0.164  0.000  0.000  0.000  0.491  0.655
   4.13966      0.604636  0.000  0.000  0.000  0.000  0.178  0.000  0.000  0.000  0.533  0.711
   4.19093      0.455294  0.000  0.000  0.000  0.000  0.195  0.000  0.000  0.000  0.585  0.780
   4.24220      0.396654  0.000  0.000  0.000  0.000  0.205  0.000  0.000  0.000  0.614  0.819
   4.24220      0.396654  0.000  0.000  0.000  0.000  0.205  0.000  0.000  0.000  0.614  0.819
   4.30516      0.363410  0.000  0.000  0.000  0.000  0.609  0.000  0.000  0.000  0.203  0.812
   4.36812      0.421271  0.000  0.000  0.000  0.000  0.000  0.334  0.000  0.111  0.000  0.446
   4.43107      0.712985  0.000  0.000  0.002  0.000  0.000  0.113  0.000  0.340  0.000  0.455
   4.49403      1.033611  0.000  0.000  0.003  0.000  0.000  0.115  0.000  0.345  0.000  0.463
   4.55699      1.333099  0.000  0.000  0.004  0.000  0.000  0.118  0.000  0.353  0.000  0.475
   4.61995      1.613262  0.000  0.000  0.006  0.000  0.000  0.120  0.000  0.361  0.000  0.487
   4.68290      1.852229  0.008  0.000  0.000  0.000  0.001  0.000  0.856  0.000  0.000  0.864
   4.74586      1.914837  0.008  0.000  0.000  0.000  0.001  0.000  0.861  0.000  0.000  0.870
   4.80882      1.981118  0.008  0.000  0.000  0.000  0.001  0.000  0.867  0.000  0.000  0.876
   4.87178      2.049378  0.008  0.000  0.000  0.000  0.001  0.000  0.873  0.000  0.000  0.883
   4.93473      2.117801  0.008  0.000  0.000  0.000  0.001  0.000  0.879  0.000  0.000  0.889
   4.99769      2.184450  0.009  0.000  0.000  0.000  0.001  0.000  0.886  0.000  0.000  0.896
   5.06065      2.247371  0.009  0.000  0.000  0.000  0.001  0.000  0.892  0.000  0.000  0.902
   5.12361      2.344909  0.000  0.004  0.000  0.001  0.226  0.000  0.000  0.000  0.679  0.910
   5.18657      2.517825  0.000  0.003  0.000  0.001  0.230  0.000  0.000  0.000  0.689  0.923
   5.24952      2.664316  0.000  0.002  0.000  0.001  0.233  0.000  0.000  0.000  0.699  0.934
   5.31248      2.776319  0.000  0.001  0.000  0.000  0.236  0.000  0.000  0.000  0.707  0.944
   5.37544      2.846789  0.000  0.000  0.000  0.000  0.238  0.000  0.000  0.000  0.713  0.950
   5.43840      2.870853  0.000  0.000  0.000  0.000  0.238  0.000  0.000  0.000  0.714  0.953
   5.43840      2.870853  0.000  0.000  0.000  0.000  0.238  0.000  0.000  0.000  0.714  0.953
   5.47474      2.875773  0.000  0.000  0.000  0.000  0.238  0.000  0.000  0.000  0.714  0.952
   5.51109      2.890466  0.000  0.000  0.000  0.001  0.237  0.000  0.000  0.000  0.712  0.950
   5.54744      2.914879  0.000  0.001  0.000  0.002  0.236  0.000  0.000  0.000  0.708  0.946
   5.58379      2.948903  0.000  0.001  0.000  0.003  0.234  0.000  0.000  0.000  0.703  0.941
   5.62014      2.992394  0.000  0.001  0.000  0.004  0.232  0.000  0.000  0.000  0.697  0.935
   5.65649      3.045155  0.000  0.002  0.000  0.006  0.230  0.000  0.000  0.000  0.690  0.928
   5.69284      3.106929  0.000  0.003  0.000  0.008  0.227  0.000  0.000  0.000  0.681  0.919
   5.72918      3.177472  0.000  0.003  0.000  0.010  0.224  0.000  0.000  0.000  0.672  0.910
   5.76553      3.256515  0.000  0.004  0.000  0.013  0.221  0.000  0.000  0.000  0.662  0.899
   5.80188      3.343751  0.000  0.005  0.000  0.015  0.217  0.000  0.000  0.000  0.651  0.888
   5.83823      3.438875  0.000  0.006  0.000  0.018  0.213  0.000  0.000  0.000  0.640  0.877
   5.87458      3.541587  0.000  0.007  0.000  0.020  0.209  0.000  0.000  0.000  0.628  0.865
   5.91093      3.651507  0.000  0.008  0.000  0.023  0.205  0.000  0.000  0.000  0.616  0.852
   5.94728      3.768323  0.000  0.008  0.000  0.025  0.201  0.000  0.000  0.000  0.604  0.839
   5.98362      3.891647  0.000  0.009  0.000  0.028  0.197  0.000  0.000  0.000  0.592  0.826
   6.01997      4.021152  0.000  0.010  0.000  0.030  0.193  0.000  0.000  0.000  0.579  0.813
   6.05632      4.124928  0.000  0.000  0.000  0.000  0.000  0.603  0.000  0.201  0.000  0.804
   6.09267      4.154846  0.000  0.000  0.000  0.000  0.000  0.606  0.000  0.202  0.000  0.808
   6.12902      4.187584  0.000  0.000  0.000  0.000  0.000  0.203  0.000  0.609  0.000  0.812
   6.12902      4.187584  0.000  0.000  0.000  0.000  0.000  0.203  0.000  0.609  0.000  0.812
   6.20172      4.112541  0.000  0.000  0.000  0.000  0.000  0.201  0.000  0.603  0.000  0.804
   6.27441      3.858570  0.002  0.027  0.000  0.009  0.591  0.000  0.003  0.000  0.197  0.829
   6.34711      3.580473  0.002  0.023  0.000  0.008  0.609  0.000  0.009  0.000  0.203  0.853
   6.41981      3.311479  0.001  0.019  0.000  0.006  0.618  0.000  0.023  0.000  0.206  0.873
   6.49250      3.050101  0.000  0.015  0.000  0.005  0.610  0.000  0.054  0.000  0.203  0.888
   6.56520      2.798470  0.000  0.012  0.000  0.004  0.572  0.000  0.121  0.000  0.191  0.900
   6.63790      2.566567  0.001  0.009  0.000  0.003  0.473  0.000  0.267  0.000  0.158  0.911
   6.71060      2.374083  0.003  0.005  0.000  0.002  0.296  0.000  0.511  0.000  0.099  0.915
   6.78329      2.229604  0.005  0.002  0.000  0.001  0.139  0.000  0.714  0.000  0.046  0.907
   6.85599      2.116091  0.007  0.001  0.000  0.000  0.062  0.000  0.805  0.000  0.021  0.895
   6.92869      2.018370  0.007  0.000  0.000  0.000  0.028  0.000  0.838  0.000  0.009  0.883
   7.00138      1.931003  0.008  0.000  0.000  0.000  0.013  0.000  0.848  0.000  0.004  0.874
   7.07408      1.852961  0.008  0.000  0.000  0.000  0.006  0.000  0.850  0.000  0.002  0.865
   7.14678      1.596352  0.000  0.000  0.000  0.000  0.000  0.132  0.000  0.395  0.000  0.526
   7.21948      1.257338  0.000  0.000  0.000  0.000  0.000  0.125  0.000  0.375  0.000  0.500
   7.29217      0.888892  0.000  0.000  0.000  0.000  0.000  0.119  0.000  0.357  0.000  0.476
   7.36487      0.492214  0.000  0.000  0.000  0.000  0.000  0.116  0.000  0.348  0.000  0.464
   7.43757      0.352439  0.000  0.000  0.000  0.000  0.202  0.000  0.000  0.000  0.607  0.810
   7.51026      0.396654  0.000  0.000  0.000  0.000  0.205  0.000  0.000  0.000  0.614  0.819
   7.51026      2.870853  0.000  0.000  0.000  0.000  0.238  0.000  0.000  0.000  0.714  0.953
   7.56153      2.869595  0.000  0.000  0.000  0.000  0.238  0.000  0.000  0.000  0.714  0.952
   7.61281      2.865809  0.000  0.000  0.000  0.000  0.238  0.000  0.000  0.000  0.714  0.952
   7.66408      2.859623  0.000  0.000  0.000  0.000  0.238  0.000  0.000  0.000  0.713  0.951
   7.71535      2.851222  0.000  0.000  0.000  0.000  0.237  0.000  0.000  0.000  0.712  0.950
   7.76662      2.840868  0.000  0.000  0.000  0.000  0.237  0.000  0.000  0.000  0.711  0.948
   7.81789      2.828861  0.000  0.000  0.000  0.000  0.237  0.000  0.000  0.000  0.710  0.947
   7.86916      2.815541  0.000  0.000  0.000  0.000  0.236  0.000  0.000  0.000  0.709  0.945
   7.92043      2.801281  0.000  0.000  0.000  0.000  0.236  0.000  0.000  0.000  0.707  0.943
   7.97170      2.786499  0.000  0.000  0.000  0.000  0.235  0.000  0.000  0.000  0.706  0.941
   8.02297      2.711100  0.000  0.014  0.000  0.005  0.000  0.554  0.000  0.185  0.000  0.758
   8.07424      2.464029  0.000  0.013  0.000  0.004  0.000  0.565  0.000  0.188  0.000  0.770
   8.12551      2.227790  0.000  0.011  0.000  0.004  0.000  0.577  0.000  0.192  0.000  0.785
   8.17678      2.063140  0.011  0.000  0.016  0.000  0.052  0.000  0.385  0.000  0.017  0.482
   8.22805      2.224867  0.007  0.000  0.020  0.000  0.068  0.000  0.355  0.000  0.023  0.473
   8.27932      2.410146  0.003  0.000  0.022  0.000  0.086  0.000  0.333  0.000  0.029  0.473
   8.33059      2.610969  0.001  0.000  0.024  0.000  0.107  0.000  0.318  0.000  0.036  0.485
   8.38186      2.694995  0.000  0.000  0.000  0.000  0.232  0.000  0.000  0.000  0.697  0.929
   8.43313      2.691446  0.000  0.000  0.000  0.000  0.232  0.000  0.000  0.000  0.697  0.929
   8.48440      2.690254  0.000  0.000  0.000  0.000  0.232  0.000  0.000  0.000  0.697  0.929
   8.48440      4.187584  0.000  0.000  0.000  0.000  0.000  0.203  0.000  0.609  0.000  0.812
   8.53567      4.120350  0.000  0.002  0.000  0.005  0.036  0.166  0.000  0.497  0.107  0.813
   8.58694      3.990363  0.000  0.003  0.000  0.009  0.066  0.135  0.000  0.406  0.199  0.818
   8.63821      3.841578  0.000  0.003  0.000  0.009  0.084  0.118  0.000  0.355  0.252  0.822
   8.68948      3.681981  0.000  0.003  0.000  0.009  0.096  0.107  0.000  0.321  0.289  0.824
   8.74075      3.513373  0.000  0.003  0.000  0.008  0.106  0.098  0.000  0.293  0.317  0.824
   8.79203      3.336523  0.000  0.002  0.000  0.007  0.113  0.090  0.000  0.269  0.340  0.822
   8.84330      3.152290  0.000  0.002  0.000  0.006  0.120  0.082  0.000  0.247  0.359  0.817
   8.89457      2.961721  0.000  0.002  0.000  0.005  0.126  0.075  0.000  0.226  0.377  0.810
   8.94584      2.766381  0.000  0.001  0.000  0.003  0.131  0.068  0.000  0.204  0.393  0.800
   8.99711      2.568285  0.000  0.001  0.000  0.002  0.136  0.061  0.000  0.182  0.408  0.790
   9.04838      2.370056  0.000  0.000  0.000  0.001  0.141  0.053  0.000  0.159  0.423  0.778
   9.09965      2.174948  0.000  0.000  0.000  0.001  0.146  0.045  0.000  0.135  0.438  0.765
   9.15092      1.986971  0.000  0.000  0.000  0.000  0.453  0.111  0.000  0.037  0.151  0.752
   9.20219      1.810926  0.000  0.000  0.000  0.000  0.469  0.086  0.000  0.028  0.156  0.740
   9.25346      1.652666  0.000  0.000  0.000  0.000  0.485  0.061  0.000  0.020  0.162  0.728
   9.30473      1.518710  0.000  0.000  0.000  0.000  0.500  0.037  0.000  0.012  0.167  0.717
   9.35600      1.416037  0.000  0.001  0.000  0.000  0.513  0.018  0.000  0.006  0.171  0.709
   9.40727      1.351216  0.000  0.001  0.000  0.000  0.522  0.005  0.000  0.002  0.174  0.704
   9.45854      1.329010  0.000  0.001  0.000  0.000  0.525  0.000  0.000  0.000  0.175  0.702
 
# Band-Index:   12
   9.45854      1.936665  0.013  0.000  0.000  0.000  0.000  0.000  0.757  0.000  0.000  0.770
   9.40727      1.940642  0.012  0.000  0.000  0.000  0.000  0.000  0.758  0.000  0.000  0.771
   9.35600      1.952410  0.012  0.000  0.000  0.000  0.000  0.000  0.761  0.000  0.000  0.773
   9.30473      1.971759  0.012  0.000  0.000  0.000  0.000  0.000  0.765  0.000  0.000  0.777
   9.25346      1.998141  0.011  0.000  0.000  0.000  0.000  0.000  0.771  0.000  0.000  0.782
   9.20219      2.030850  0.010  0.000  0.000  0.000  0.000  0.000  0.779  0.000  0.000  0.789
   9.15092      2.068985  0.009  0.000  0.000  0.000  0.000  0.000  0.788  0.000  0.000  0.797
   9.09965      2.174953  0.000  0.001  0.000  0.000  0.438  0.135  0.000  0.045  0.146  0.765
   9.04838      2.370060  0.000  0.001  0.000  0.000  0.423  0.159  0.000  0.053  0.141  0.778
   8.99711      2.568290  0.000  0.002  0.000  0.001  0.408  0.182  0.000  0.061  0.136  0.790
   8.94584      2.766385  0.000  0.003  0.000  0.001  0.393  0.204  0.000  0.068  0.131  0.800
   8.89457      2.961726  0.000  0.005  0.000  0.002  0.377  0.226  0.000  0.075  0.126  0.810
   8.84330      3.152294  0.000  0.006  0.000  0.002  0.359  0.247  0.000  0.082  0.120  0.817
   8.79203      3.336528  0.000  0.007  0.000  0.002  0.340  0.269  0.000  0.090  0.113  0.822
   8.74075      3.513378  0.000  0.008  0.000  0.003  0.317  0.293  0.000  0.098  0.106  0.824
   8.68948      3.681986  0.000  0.009  0.000  0.003  0.289  0.321  0.000  0.107  0.096  0.824
   8.63821      3.841584  0.000  0.009  0.000  0.003  0.252  0.355  0.000  0.118  0.084  0.822
   8.58694      3.990368  0.000  0.009  0.000  0.003  0.199  0.406  0.000  0.135  0.066  0.818
   8.53567      4.120356  0.000  0.005  0.000  0.002  0.107  0.497  0.000  0.166  0.036  0.813
   8.48440      4.187591  0.000  0.000  0.000  0.000  0.000  0.609  0.000  0.203  0.000  0.812
   8.48440      3.166055  0.007  0.000  0.000  0.000  0.274  0.000  0.492  0.000  0.091  0.864
   8.43313      3.023597  0.002  0.000  0.019  0.000  0.172  0.000  0.345  0.000  0.057  0.596
   8.38186      2.818989  0.000  0.000  0.023  0.000  0.132  0.000  0.316  0.000  0.044  0.516
   8.33059      2.700806  0.000  0.000  0.000  0.000  0.233  0.000  0.000  0.000  0.698  0.930
   8.27932      2.708734  0.000  0.000  0.000  0.000  0.233  0.000  0.000  0.000  0.698  0.931
   8.22805      2.718583  0.000  0.000  0.000  0.000  0.233  0.000  0.000  0.000  0.699  0.932
   8.17678      2.730106  0.000  0.000  0.000  0.000  0.233  0.000  0.000  0.000  0.700  0.934
   8.12551      2.743013  0.000  0.000  0.000  0.000  0.234  0.000  0.000  0.000  0.702  0.936
   8.07424      2.756971  0.000  0.000  0.000  0.000  0.234  0.000  0.000  0.000  0.703  0.937
   8.02297      2.771594  0.000  0.000  0.000  0.000  0.235  0.000  0.000  0.000  0.704  0.939
   7.97170      2.964262  0.000  0.014  0.000  0.005  0.000  0.546  0.000  0.182  0.000  0.747
   7.92043      3.218614  0.000  0.014  0.000  0.005  0.000  0.540  0.000  0.180  0.000  0.738
   7.86916      3.468902  0.000  0.013  0.000  0.004  0.000  0.536  0.000  0.179  0.000  0.732
   7.81789      3.709195  0.000  0.012  0.000  0.004  0.000  0.534  0.000  0.178  0.000  0.728
   7.76662      3.932915  0.000  0.010  0.000  0.003  0.000  0.534  0.000  0.178  0.000  0.725
   7.71535      4.132674  0.000  0.007  0.000  0.002  0.000  0.536  0.000  0.179  0.000  0.724
   7.66408      4.300461  0.000  0.005  0.000  0.002  0.000  0.539  0.000  0.180  0.000  0.725
   7.61281      4.428041  0.000  0.002  0.000  0.001  0.000  0.542  0.000  0.181  0.000  0.726
   7.56153      4.430711  0.000  0.000  0.000  0.000  0.000  0.206  0.000  0.617  0.000  0.823
   7.51026      4.423491  0.000  0.000  0.000  0.000  0.000  0.206  0.000  0.619  0.000  0.825
   7.51026      0.396656  0.000  0.000  0.000  0.000  0.614  0.000  0.000  0.000  0.205  0.819
   7.43757      0.413700  0.000  0.000  0.000  0.000  0.614  0.000  0.000  0.000  0.205  0.819
   7.36487      0.534431  0.000  0.000  0.001  0.000  0.000  0.324  0.000  0.108  0.000  0.433
   7.29217      0.996022  0.000  0.000  0.002  0.000  0.000  0.319  0.000  0.106  0.000  0.428
   7.21948      1.457012  0.000  0.000  0.003  0.000  0.000  0.324  0.000  0.108  0.000  0.436
   7.14678      1.784752  0.007  0.000  0.000  0.000  0.002  0.000  0.848  0.000  0.001  0.859
   7.07408      1.907273  0.000  0.000  0.000  0.000  0.000  0.139  0.000  0.416  0.000  0.554
   7.00138      2.192595  0.000  0.000  0.000  0.000  0.000  0.145  0.000  0.436  0.000  0.582
   6.92869      2.455115  0.000  0.000  0.000  0.000  0.000  0.152  0.000  0.457  0.000  0.609
   6.85599      2.697451  0.000  0.000  0.000  0.000  0.000  0.159  0.000  0.476  0.000  0.635
   6.78329      2.921428  0.000  0.000  0.000  0.000  0.000  0.165  0.000  0.495  0.000  0.660
   6.71060      3.128441  0.000  0.000  0.000  0.000  0.000  0.171  0.000  0.513  0.000  0.684
   6.63790      3.319030  0.000  0.000  0.000  0.000  0.000  0.177  0.000  0.531  0.000  0.707
   6.56520      3.493332  0.000  0.000  0.000  0.000  0.000  0.182  0.000  0.547  0.000  0.729
   6.49250      3.651035  0.000  0.000  0.000  0.000  0.000  0.187  0.000  0.561  0.000  0.749
   6.41981      3.791804  0.000  0.000  0.000  0.000  0.000  0.192  0.000  0.575  0.000  0.766
   6.34711      3.915459  0.000  0.000  0.000  0.000  0.000  0.195  0.000  0.586  0.000  0.782
   6.27441      4.022178  0.000  0.000  0.000  0.000  0.000  0.199  0.000  0.596  0.000  0.794
   6.20172      4.147098  0.001  0.032  0.000  0.011  0.567  0.000  0.000  0.000  0.189  0.801
   6.12902      4.187591  0.000  0.000  0.000  0.000  0.000  0.609  0.000  0.203  0.000  0.812
   6.12902      4.187591  0.000  0.000  0.000  0.000  0.000  0.609  0.000  0.203  0.000  0.812
   6.09267      4.219785  0.000  0.000  0.000  0.000  0.000  0.204  0.000  0.611  0.000  0.815
   6.05632      4.156432  0.000  0.011  0.000  0.033  0.189  0.000  0.000  0.000  0.567  0.800
   6.01997      4.098521  0.000  0.000  0.000  0.000  0.000  0.599  0.000  0.200  0.000  0.798
   5.98362      4.076275  0.000  0.000  0.001  0.000  0.000  0.593  0.000  0.198  0.000  0.792
   5.94728      4.058849  0.000  0.000  0.001  0.000  0.000  0.587  0.000  0.196  0.000  0.784
   5.91093      4.046902  0.000  0.000  0.001  0.000  0.000  0.581  0.000  0.194  0.000  0.776
   5.87458      4.041106  0.000  0.000  0.002  0.000  0.000  0.573  0.000  0.191  0.000  0.766
   5.83823      4.042147  0.000  0.000  0.003  0.000  0.000  0.564  0.000  0.188  0.000  0.755
   5.80188      4.050778  0.000  0.000  0.004  0.000  0.000  0.554  0.000  0.185  0.000  0.743
   5.76553      4.067737  0.000  0.000  0.005  0.000  0.000  0.543  0.000  0.181  0.000  0.730
   5.72918      4.093798  0.000  0.000  0.006  0.000  0.000  0.532  0.000  0.177  0.000  0.716
   5.69284      4.129682  0.000  0.000  0.007  0.000  0.000  0.521  0.000  0.174  0.000  0.702
   5.65649      4.175889  0.000  0.000  0.008  0.000  0.000  0.511  0.000  0.170  0.000  0.689
   5.62014      4.232539  0.000  0.000  0.009  0.000  0.000  0.502  0.000  0.168  0.000  0.679
   5.58379      4.299113  0.000  0.000  0.009  0.000  0.000  0.498  0.000  0.166  0.000  0.673
   5.54744      4.373117  0.000  0.000  0.008  0.000  0.000  0.500  0.000  0.167  0.000  0.675
   5.51109      4.421902  0.000  0.000  0.000  0.000  0.000  0.206  0.000  0.619  0.000  0.825
   5.47474      4.423104  0.000  0.000  0.000  0.000  0.000  0.206  0.000  0.619  0.000  0.825
   5.43840      4.423491  0.000  0.000  0.000  0.000  0.000  0.206  0.000  0.619  0.000  0.825
   5.43840      4.423491  0.000  0.000  0.000  0.000  0.000  0.206  0.000  0.619  0.000  0.825
   5.37544      4.348537  0.000  0.000  0.005  0.000  0.000  0.191  0.000  0.574  0.000  0.770
   5.31248      4.174659  0.000  0.000  0.011  0.000  0.000  0.170  0.000  0.509  0.000  0.689
   5.24952      3.962993  0.000  0.000  0.015  0.000  0.000  0.155  0.000  0.465  0.000  0.635
   5.18657      3.739116  0.000  0.000  0.016  0.000  0.000  0.146  0.000  0.438  0.000  0.601
   5.12361      3.511992  0.000  0.000  0.017  0.000  0.000  0.140  0.000  0.421  0.000  0.578
   5.06065      3.284687  0.000  0.000  0.016  0.000  0.000  0.136  0.000  0.409  0.000  0.562
   4.99769      3.057695  0.000  0.000  0.015  0.000  0.000  0.134  0.000  0.401  0.000  0.549
   4.93473      2.830352  0.000  0.000  0.014  0.000  0.000  0.131  0.000  0.394  0.000  0.539
   4.87178      2.601089  0.000  0.000  0.013  0.000  0.000  0.129  0.000  0.387  0.000  0.529
   4.80882      2.367596  0.000  0.000  0.011  0.000  0.000  0.127  0.000  0.381  0.000  0.519
   4.74586      2.127254  0.000  0.000  0.009  0.000  0.000  0.125  0.000  0.375  0.000  0.509
   4.68290      1.876902  0.000  0.000  0.008  0.000  0.000  0.123  0.000  0.368  0.000  0.499
   4.61995      1.794840  0.008  0.000  0.000  0.000  0.000  0.000  0.851  0.000  0.000  0.859
   4.55699      1.636045  0.000  0.000  0.000  0.000  0.000  0.353  0.000  0.118  0.000  0.470
   4.49403      1.234895  0.000  0.000  0.000  0.000  0.000  0.339  0.000  0.113  0.000  0.452
   4.43107      0.827740  0.000  0.000  0.000  0.000  0.000  0.332  0.000  0.111  0.000  0.442
   4.36812      0.447666  0.000  0.000  0.000  0.000  0.205  0.000  0.000  0.000  0.615  0.820
   4.30516      0.409451  0.000  0.000  0.000  0.000  0.205  0.000  0.000  0.000  0.614  0.819
   4.24220      0.396656  0.000  0.000  0.000  0.000  0.614  0.000  0.000  0.000  0.205  0.819
   4.24220      0.396656  0.000  0.000  0.000  0.000  0.614  0.000  0.000  0.000  0.205  0.819
   4.19093      0.455297  0.000  0.000  0.000  0.000  0.585  0.000  0.000  0.000  0.195  0.780
   4.13966      0.604640  0.000  0.000  0.000  0.000  0.533  0.000  0.000  0.000  0.178  0.711
   4.08839      0.803769  0.000  0.000  0.000  0.000  0.491  0.000  0.000  0.000  0.164  0.655
   4.03712      1.028308  0.000  0.000  0.000  0.000  0.463  0.000  0.000  0.000  0.154  0.617
   3.98585      1.265938  0.000  0.000  0.000  0.000  0.148  0.000  0.000  0.000  0.445  0.593
   3.93458      1.509754  0.000  0.000  0.000  0.000  0.144  0.000  0.000  0.000  0.433  0.578
   3.88331      1.755079  0.000  0.000  0.000  0.000  0.142  0.000  0.000  0.000  0.426  0.568
   3.83204      1.998239  0.000  0.000  0.000  0.000  0.141  0.000  0.000  0.000  0.422  0.563
   3.78077      2.235783  0.000  0.000  0.000  0.000  0.140  0.000  0.000  0.000  0.421  0.561
   3.72950      2.464532  0.000  0.000  0.000  0.000  0.140  0.000  0.000  0.000  0.421  0.561
   3.67823      2.681239  0.000  0.000  0.000  0.000  0.141  0.000  0.000  0.000  0.422  0.563
   3.62696      2.882719  0.000  0.000  0.000  0.000  0.142  0.000  0.000  0.000  0.425  0.566
   3.57569      3.065735  0.000  0.000  0.000  0.000  0.143  0.000  0.000  0.000  0.428  0.570
   3.52442      3.227144  0.000  0.000  0.000  0.000  0.144  0.000  0.000  0.000  0.431  0.574
   3.47314      3.364051  0.000  0.000  0.000  0.000  0.144  0.000  0.000  0.000  0.433  0.578
   3.42187      3.473646  0.000  0.000  0.000  0.000  0.146  0.000  0.000  0.000  0.436  0.581
   3.37060      3.553643  0.000  0.000  0.000  0.000  0.146  0.000  0.000  0.000  0.438  0.584
   3.31933      3.602367  0.000  0.000  0.000  0.000  0.146  0.000  0.000  0.000  0.439  0.586
   3.26806      3.618726  0.000  0.000  0.000  0.000  0.146  0.000  0.000  0.000  0.440  0.586
   3.26806      3.618726  0.000  0.000  0.000  0.000  0.147  0.000  0.000  0.000  0.440  0.586
   3.19537      3.531281  0.000  0.001  0.000  0.002  0.144  0.000  0.000  0.000  0.431  0.578
   3.12267      3.316018  0.000  0.002  0.000  0.006  0.139  0.000  0.000  0.000  0.418  0.565
   3.04997      3.045726  0.000  0.003  0.000  0.008  0.137  0.000  0.000  0.000  0.412  0.559
   2.97727      2.762595  0.000  0.003  0.000  0.009  0.137  0.000  0.000  0.000  0.411  0.560
   2.90458      2.573640  0.000  0.000  0.028  0.000  0.000  0.581  0.000  0.194  0.000  0.802
   2.83188      2.616863  0.017  0.003  0.000  0.001  0.464  0.000  0.039  0.000  0.155  0.679
   2.75918      2.588293  0.020  0.002  0.000  0.001  0.480  0.000  0.062  0.000  0.160  0.723
   2.68649      2.627207  0.020  0.000  0.000  0.000  0.492  0.000  0.089  0.000  0.164  0.766
   2.61379      2.717176  0.019  0.000  0.000  0.000  0.498  0.000  0.122  0.000  0.166  0.805
   2.54109      2.834592  0.017  0.000  0.000  0.000  0.499  0.000  0.159  0.000  0.166  0.841
   2.46839      2.951304  0.014  0.000  0.000  0.000  0.492  0.000  0.199  0.000  0.164  0.869
   2.39570      3.037258  0.012  0.000  0.000  0.000  0.477  0.000  0.242  0.000  0.159  0.889
   2.32300      3.064570  0.009  0.000  0.000  0.000  0.451  0.000  0.286  0.000  0.150  0.897
   2.25030      3.013282  0.008  0.000  0.000  0.000  0.416  0.000  0.330  0.000  0.139  0.891
   2.17761      2.876221  0.007  0.000  0.000  0.000  0.370  0.000  0.371  0.000  0.123  0.872
   2.10491      2.660253  0.007  0.001  0.000  0.000  0.316  0.000  0.416  0.000  0.105  0.844
   2.03221      2.385244  0.008  0.001  0.000  0.000  0.244  0.000  0.478  0.000  0.081  0.812
   1.95951      2.094312  0.010  0.000  0.000  0.000  0.127  0.000  0.603  0.000  0.042  0.782
   1.88682      1.936665  0.013  0.000  0.000  0.000  0.000  0.000  0.757  0.000  0.000  0.770
   1.88682      1.936665  0.013  0.000  0.000  0.000  0.000  0.000  0.757  0.000  0.000  0.770
   1.85047      1.973842  0.012  0.000  0.000  0.000  0.032  0.000  0.718  0.000  0.011  0.772
   1.81412      2.057604  0.011  0.000  0.000  0.000  0.080  0.000  0.659  0.000  0.027  0.777
   1.77777      2.159092  0.010  0.000  0.000  0.000  0.119  0.000  0.616  0.000  0.040  0.784
   1.74142      2.265551  0.010  0.000  0.000  0.000  0.147  0.000  0.586  0.000  0.049  0.792
   1.70507      2.371436  0.009  0.000  0.000  0.000  0.169  0.000  0.565  0.000  0.056  0.800
   1.66873      2.473993  0.009  0.000  0.000  0.000  0.186  0.000  0.550  0.000  0.062  0.808
   1.63238      2.571648  0.009  0.000  0.000  0.000  0.201  0.000  0.539  0.000  0.067  0.815
   1.59603      2.663378  0.008  0.000  0.000  0.000  0.213  0.000  0.530  0.000  0.071  0.823
   1.55968      2.748484  0.008  0.000  0.000  0.000  0.224  0.000  0.523  0.000  0.075  0.830
   1.52333      2.826449  0.008  0.000  0.000  0.000  0.233  0.000  0.517  0.000  0.078  0.836
   1.48698      2.896877  0.008  0.000  0.000  0.000  0.242  0.000  0.512  0.000  0.081  0.842
   1.45063      2.959471  0.008  0.000  0.000  0.000  0.249  0.000  0.507  0.000  0.083  0.847
   1.41429      3.014012  0.007  0.000  0.000  0.000  0.256  0.000  0.503  0.000  0.085  0.852
   1.37794      3.060340  0.007  0.000  0.000  0.000  0.261  0.000  0.500  0.000  0.087  0.855
   1.34159      3.098339  0.007  0.000  0.000  0.000  0.266  0.000  0.497  0.000  0.089  0.859
   1.30524      3.127947  0.007  0.000  0.000  0.000  0.269  0.000  0.495  0.000  0.090  0.861
   1.26889      3.149110  0.007  0.000  0.000  0.000  0.272  0.000  0.494  0.000  0.091  0.863
   1.23254      3.161821  0.007  0.000  0.000  0.000  0.273  0.000  0.493  0.000  0.091  0.864
   1.19619      3.166055  0.007  0.000  0.000  0.000  0.274  0.000  0.492  0.000  0.091  0.864
   1.19619      3.166055  0.007  0.000  0.000  0.000  0.274  0.000  0.492  0.000  0.091  0.864
   1.13324      3.132674  0.007  0.000  0.000  0.000  0.274  0.000  0.485  0.000  0.091  0.857
   1.07028      3.037650  0.009  0.001  0.000  0.002  0.273  0.000  0.463  0.000  0.091  0.838
   1.00732      2.894776  0.011  0.001  0.000  0.003  0.274  0.000  0.431  0.000  0.091  0.811
   0.94436      2.722401  0.015  0.001  0.000  0.003  0.277  0.000  0.392  0.000  0.092  0.781
   0.88141      2.542438  0.000  0.001  0.000  0.000  0.220  0.000  0.000  0.000  0.657  0.878
   0.81845      2.499212  0.000  0.001  0.000  0.000  0.214  0.000  0.000  0.000  0.641  0.857
   0.75549      2.463467  0.000  0.002  0.000  0.001  0.207  0.000  0.000  0.000  0.622  0.832
   0.69253      2.441206  0.000  0.003  0.000  0.001  0.200  0.000  0.000  0.000  0.600  0.804
   0.62958      2.438213  0.000  0.004  0.000  0.001  0.192  0.000  0.000  0.000  0.576  0.773
   0.56662      2.459740  0.000  0.005  0.000  0.002  0.184  0.000  0.000  0.000  0.551  0.741
   0.50366      2.510156  0.000  0.006  0.000  0.002  0.175  0.000  0.000  0.000  0.524  0.707
   0.44070      2.592496  0.000  0.007  0.000  0.002  0.166  0.000  0.000  0.000  0.497  0.673
   0.37775      2.571995  0.000  0.000  0.030  0.000  0.000  0.188  0.000  0.564  0.000  0.781
   0.31479      2.645766  0.010  0.002  0.000  0.007  0.396  0.000  0.014  0.000  0.132  0.561
   0.25183      2.890635  0.006  0.003  0.000  0.008  0.401  0.000  0.007  0.000  0.134  0.557
   0.18887      3.143222  0.003  0.002  0.000  0.007  0.408  0.000  0.002  0.000  0.136  0.558
   0.12592      3.376818  0.001  0.002  0.000  0.005  0.419  0.000  0.001  0.000  0.140  0.567
   0.06296      3.551745  0.000  0.001  0.000  0.002  0.432  0.000  0.000  0.000  0.144  0.579
   0.00000      3.618726  0.000  0.000  0.000  0.000  0.147  0.000  0.000  0.000  0.440  0.586
 
# Band-Index:   13
   0.00000      3.618733  0.000  0.000  0.000  0.000  0.440  0.000  0.000  0.000  0.147  0.586
   0.06296      3.559732  0.000  0.002  0.000  0.001  0.145  0.000  0.000  0.000  0.434  0.581
   0.12592      3.410767  0.000  0.005  0.000  0.002  0.142  0.000  0.000  0.000  0.425  0.574
   0.18887      3.222171  0.000  0.008  0.000  0.003  0.142  0.000  0.000  0.000  0.425  0.577
   0.25183      3.030390  0.000  0.009  0.000  0.003  0.145  0.000  0.000  0.000  0.434  0.590
   0.31479      2.855561  0.000  0.009  0.000  0.003  0.150  0.000  0.000  0.000  0.450  0.613
   0.37775      2.708039  0.000  0.008  0.000  0.003  0.157  0.000  0.000  0.000  0.472  0.641
   0.44070      2.773670  0.000  0.000  0.036  0.000  0.000  0.176  0.000  0.527  0.000  0.739
   0.50366      2.971764  0.000  0.000  0.042  0.000  0.000  0.162  0.000  0.485  0.000  0.689
   0.56662      3.153661  0.000  0.000  0.048  0.000  0.000  0.145  0.000  0.436  0.000  0.629
   0.62958      3.306312  0.000  0.000  0.052  0.000  0.000  0.126  0.000  0.379  0.000  0.557
   0.69253      3.418300  0.000  0.000  0.055  0.000  0.000  0.105  0.000  0.314  0.000  0.474
   0.75549      3.483378  0.000  0.000  0.057  0.000  0.000  0.082  0.000  0.245  0.000  0.384
   0.81845      3.503147  0.000  0.000  0.058  0.000  0.000  0.060  0.000  0.180  0.000  0.297
   0.88141      3.487164  0.000  0.000  0.058  0.000  0.000  0.041  0.000  0.122  0.000  0.220
   0.94436      3.449473  0.000  0.000  0.057  0.000  0.000  0.025  0.000  0.076  0.000  0.158
   1.00732      3.404393  0.000  0.000  0.057  0.000  0.000  0.014  0.000  0.041  0.000  0.112
   1.07028      3.363791  0.000  0.000  0.057  0.000  0.000  0.006  0.000  0.018  0.000  0.081
   1.13324      3.336157  0.000  0.000  0.057  0.000  0.000  0.001  0.000  0.004  0.000  0.062
   1.19619      3.326385  0.000  0.000  0.056  0.000  0.000  0.000  0.000  0.000  0.000  0.056
   1.19619      3.326385  0.000  0.000  0.056  0.000  0.000  0.000  0.000  0.000  0.000  0.056
   1.23254      3.365088  0.000  0.000  0.056  0.000  0.000  0.012  0.000  0.004  0.000  0.072
   1.26889      3.473795  0.000  0.000  0.054  0.000  0.000  0.042  0.000  0.014  0.000  0.110
   1.30524      3.636140  0.000  0.000  0.052  0.000  0.000  0.078  0.000  0.026  0.000  0.156
   1.34159      3.835622  0.000  0.000  0.049  0.000  0.000  0.113  0.000  0.038  0.000  0.200
   1.37794      4.059555  0.000  0.000  0.047  0.000  0.000  0.144  0.000  0.048  0.000  0.239
   1.41429      4.299105  0.000  0.000  0.045  0.000  0.000  0.171  0.000  0.057  0.000  0.272
   1.45063      4.548064  0.000  0.000  0.043  0.000  0.000  0.194  0.000  0.065  0.000  0.301
   1.48698      4.801776  0.000  0.000  0.040  0.000  0.000  0.214  0.000  0.071  0.000  0.325
   1.52333      5.056448  0.000  0.000  0.037  0.000  0.000  0.232  0.000  0.077  0.000  0.347
   1.55968      5.308690  0.000  0.000  0.034  0.000  0.000  0.249  0.000  0.083  0.000  0.366
   1.59603      5.555188  0.000  0.000  0.030  0.000  0.000  0.265  0.000  0.088  0.000  0.383
   1.63238      5.792492  0.000  0.000  0.026  0.000  0.000  0.280  0.000  0.093  0.000  0.399
   1.66873      6.016941  0.000  0.000  0.022  0.000  0.000  0.295  0.000  0.098  0.000  0.415
   1.70507      6.224563  0.000  0.000  0.017  0.000  0.000  0.309  0.000  0.103  0.000  0.429
   1.74142      6.411149  0.000  0.000  0.012  0.000  0.000  0.323  0.000  0.108  0.000  0.443
   1.77777      6.572223  0.000  0.000  0.007  0.000  0.000  0.336  0.000  0.112  0.000  0.456
   1.81412      6.703565  0.000  0.000  0.003  0.000  0.000  0.349  0.000  0.116  0.000  0.469
   1.85047      6.801463  0.000  0.000  0.001  0.000  0.000  0.360  0.000  0.120  0.000  0.481
   1.88682      6.863226  0.000  0.000  0.000  0.000  0.000  0.125  0.000  0.367  0.000  0.492
   1.88682      6.863227  0.000  0.000  0.000  0.000  0.000  0.171  0.000  0.321  0.000  0.492
   1.95951      6.779048  0.000  0.000  0.000  0.000  0.000  0.117  0.000  0.351  0.000  0.468
   2.03221      6.701808  0.000  0.000  0.000  0.000  0.000  0.110  0.000  0.331  0.000  0.442
   2.10491      6.511037  0.000  0.000  0.025  0.000  0.000  0.390  0.000  0.130  0.000  0.545
   2.17761      6.197044  0.000  0.000  0.036  0.000  0.000  0.393  0.000  0.131  0.000  0.560
   2.25030      5.835113  0.000  0.000  0.045  0.000  0.000  0.398  0.000  0.133  0.000  0.575
   2.32300      5.446843  0.000  0.000  0.052  0.000  0.000  0.405  0.000  0.135  0.000  0.592
   2.39570      5.047450  0.000  0.000  0.055  0.000  0.000  0.417  0.000  0.139  0.000  0.611
   2.46839      4.647529  0.000  0.000  0.056  0.000  0.000  0.431  0.000  0.144  0.000  0.631
   2.54109      4.254644  0.000  0.000  0.055  0.000  0.000  0.449  0.000  0.150  0.000  0.654
   2.61379      3.874528  0.000  0.000  0.052  0.000  0.000  0.470  0.000  0.157  0.000  0.679
   2.68649      3.511912  0.000  0.000  0.048  0.000  0.000  0.494  0.000  0.165  0.000  0.707
   2.75918      3.171156  0.000  0.000  0.042  0.000  0.000  0.521  0.000  0.174  0.000  0.737
   2.83188      2.856731  0.000  0.000  0.035  0.000  0.000  0.550  0.000  0.183  0.000  0.769
   2.90458      2.719575  0.013  0.006  0.000  0.002  0.446  0.000  0.022  0.000  0.149  0.637
   2.97727      2.890886  0.008  0.007  0.000  0.002  0.430  0.000  0.010  0.000  0.143  0.602
   3.04997      3.111699  0.004  0.008  0.000  0.003  0.421  0.000  0.004  0.000  0.140  0.579
   3.12267      3.346961  0.001  0.006  0.000  0.002  0.421  0.000  0.001  0.000  0.140  0.572
   3.19537      3.540514  0.000  0.002  0.000  0.001  0.432  0.000  0.000  0.000  0.144  0.579
   3.26806      3.618733  0.000  0.000  0.000  0.000  0.440  0.000  0.000  0.000  0.147  0.586
   3.26806      3.618733  0.000  0.000  0.000  0.000  0.440  0.000  0.000  0.000  0.146  0.586
   3.31933      3.602373  0.000  0.000  0.000  0.000  0.439  0.000  0.000  0.000  0.146  0.586
   3.37060      3.553649  0.000  0.000  0.000  0.000  0.438  0.000  0.000  0.000  0.146  0.584
   3.42187      3.473653  0.000  0.000  0.000  0.000  0.436  0.000  0.000  0.000  0.146  0.581
   3.47314      3.364058  0.000  0.000  0.000  0.000  0.433  0.000  0.000  0.000  0.144  0.578
   3.52442      3.227151  0.000  0.000  0.000  0.000  0.431  0.000  0.000  0.000  0.144  0.574
   3.57569      3.065742  0.000  0.000  0.000  0.000  0.428  0.000  0.000  0.000  0.143  0.570
   3.62696      2.882726  0.000  0.000  0.000  0.000  0.425  0.000  0.000  0.000  0.142  0.566
   3.67823      2.681245  0.000  0.000  0.000  0.000  0.422  0.000  0.000  0.000  0.141  0.563
   3.72950      2.464538  0.000  0.000  0.000  0.000  0.421  0.000  0.000  0.000  0.140  0.561
   3.78077      2.235790  0.000  0.000  0.000  0.000  0.421  0.000  0.000  0.000  0.140  0.561
   3.83204      1.998245  0.000  0.000  0.000  0.000  0.422  0.000  0.000  0.000  0.141  0.563
   3.88331      1.755086  0.000  0.000  0.000  0.000  0.426  0.000  0.000  0.000  0.142  0.568
   3.93458      1.509760  0.000  0.000  0.000  0.000  0.433  0.000  0.000  0.000  0.144  0.578
   3.98585      1.265944  0.000  0.000  0.000  0.000  0.445  0.000  0.000  0.000  0.148  0.593
   4.03712      1.360140  0.006  0.000  0.001  0.000  0.000  0.000  0.797  0.000  0.000  0.805
   4.08839      1.471610  0.006  0.000  0.001  0.000  0.000  0.000  0.814  0.000  0.000  0.821
   4.13966      1.553793  0.007  0.000  0.000  0.000  0.000  0.000  0.827  0.000  0.000  0.834
   4.19093      1.604182  0.007  0.000  0.000  0.000  0.000  0.000  0.834  0.000  0.000  0.841
   4.24220      1.621216  0.007  0.000  0.000  0.000  0.000  0.000  0.837  0.000  0.000  0.844
   4.24220      1.621216  0.007  0.000  0.000  0.000  0.000  0.000  0.837  0.000  0.000  0.844
   4.30516      1.626306  0.007  0.000  0.000  0.000  0.000  0.000  0.837  0.000  0.000  0.845
   4.36812      1.641466  0.007  0.000  0.000  0.000  0.000  0.000  0.839  0.000  0.000  0.846
   4.43107      1.666512  0.007  0.000  0.000  0.000  0.000  0.000  0.841  0.000  0.000  0.848
   4.49403      1.700937  0.007  0.000  0.000  0.000  0.000  0.000  0.843  0.000  0.000  0.851
   4.55699      1.744024  0.007  0.000  0.000  0.000  0.000  0.000  0.847  0.000  0.000  0.855
   4.61995      2.025482  0.000  0.000  0.000  0.000  0.000  0.369  0.000  0.123  0.000  0.492
   4.68290      2.397679  0.000  0.000  0.000  0.000  0.000  0.388  0.000  0.129  0.000  0.518
   4.74586      2.747497  0.000  0.000  0.000  0.000  0.000  0.409  0.000  0.136  0.000  0.545
   4.80882      3.070383  0.000  0.000  0.000  0.000  0.000  0.430  0.000  0.143  0.000  0.573
   4.87178      3.362701  0.000  0.000  0.000  0.000  0.000  0.451  0.000  0.150  0.000  0.601
   4.93473      3.622003  0.000  0.000  0.000  0.000  0.000  0.470  0.000  0.157  0.000  0.627
   4.99769      3.847071  0.000  0.000  0.000  0.000  0.000  0.488  0.000  0.163  0.000  0.651
   5.06065      4.037878  0.000  0.000  0.000  0.000  0.000  0.504  0.000  0.168  0.000  0.672
   5.12361      4.195288  0.000  0.000  0.000  0.000  0.000  0.517  0.000  0.172  0.000  0.689
   5.18657      4.320807  0.000  0.000  0.000  0.000  0.000  0.527  0.000  0.176  0.000  0.703
   5.24952      4.416087  0.000  0.000  0.000  0.000  0.000  0.535  0.000  0.178  0.000  0.714
   5.31248      4.482830  0.000  0.000  0.000  0.000  0.000  0.541  0.000  0.180  0.000  0.721
   5.37544      4.522290  0.000  0.000  0.000  0.000  0.000  0.544  0.000  0.181  0.000  0.725
   5.43840      4.535338  0.000  0.000  0.000  0.000  0.000  0.545  0.000  0.182  0.000  0.727
   5.43840      4.535338  0.000  0.000  0.000  0.000  0.000  0.545  0.000  0.182  0.000  0.727
   5.47474      4.509967  0.000  0.000  0.002  0.000  0.000  0.533  0.000  0.178  0.000  0.712
   5.51109      4.448141  0.000  0.000  0.006  0.000  0.000  0.512  0.000  0.171  0.000  0.688
   5.54744      4.419872  0.000  0.000  0.000  0.000  0.000  0.206  0.000  0.619  0.000  0.825
   5.58379      4.416969  0.000  0.000  0.000  0.000  0.000  0.206  0.000  0.619  0.000  0.825
   5.62014      4.413143  0.000  0.000  0.000  0.000  0.000  0.206  0.000  0.619  0.000  0.825
   5.65649      4.408298  0.000  0.000  0.000  0.000  0.000  0.206  0.000  0.619  0.000  0.825
   5.69284      4.402338  0.000  0.000  0.000  0.000  0.000  0.206  0.000  0.619  0.000  0.825
   5.72918      4.395145  0.000  0.000  0.000  0.000  0.000  0.206  0.000  0.619  0.000  0.825
   5.76553      4.386579  0.000  0.000  0.000  0.000  0.000  0.206  0.000  0.619  0.000  0.825
   5.80188      4.376520  0.000  0.000  0.000  0.000  0.000  0.206  0.000  0.619  0.000  0.825
   5.83823      4.364764  0.000  0.000  0.000  0.000  0.000  0.206  0.000  0.618  0.000  0.825
   5.87458      4.351198  0.000  0.000  0.000  0.000  0.000  0.206  0.000  0.618  0.000  0.824
   5.91093      4.335595  0.000  0.000  0.000  0.000  0.000  0.206  0.000  0.618  0.000  0.823
   5.94728      4.317757  0.000  0.000  0.000  0.000  0.000  0.206  0.000  0.617  0.000  0.822
   5.98362      4.297466  0.000  0.000  0.000  0.000  0.000  0.205  0.000  0.616  0.000  0.821
   6.01997      4.274525  0.000  0.000  0.000  0.000  0.000  0.205  0.000  0.615  0.000  0.820
   6.05632      4.248696  0.000  0.000  0.000  0.000  0.000  0.204  0.000  0.613  0.000  0.818
   6.09267      4.297117  0.000  0.012  0.000  0.035  0.185  0.000  0.000  0.000  0.555  0.786
   6.12902      4.442807  0.000  0.012  0.000  0.037  0.181  0.000  0.000  0.000  0.543  0.773
   6.12902      4.442807  0.000  0.012  0.000  0.037  0.181  0.000  0.000  0.000  0.543  0.773
   6.20172      4.258528  0.000  0.000  0.000  0.000  0.000  0.613  0.000  0.204  0.000  0.817
   6.27441      4.330748  0.000  0.000  0.000  0.000  0.000  0.614  0.000  0.205  0.000  0.818
   6.34711      4.395444  0.000  0.000  0.000  0.000  0.000  0.612  0.000  0.204  0.000  0.816
   6.41981      4.441009  0.000  0.000  0.000  0.000  0.000  0.606  0.000  0.202  0.000  0.808
   6.49250      4.452730  0.000  0.000  0.000  0.000  0.000  0.594  0.000  0.198  0.000  0.792
   6.56520      4.413738  0.000  0.000  0.000  0.000  0.000  0.573  0.000  0.191  0.000  0.765
   6.63790      4.308247  0.000  0.000  0.001  0.000  0.000  0.544  0.000  0.181  0.000  0.726
   6.71060      4.127266  0.000  0.000  0.002  0.000  0.000  0.506  0.000  0.169  0.000  0.677
   6.78329      3.872286  0.000  0.000  0.003  0.000  0.000  0.466  0.000  0.155  0.000  0.625
   6.85599      3.553976  0.000  0.000  0.005  0.000  0.000  0.428  0.000  0.143  0.000  0.575
   6.92869      3.186652  0.000  0.000  0.006  0.000  0.000  0.396  0.000  0.132  0.000  0.533
   7.00138      2.783856  0.000  0.000  0.006  0.000  0.000  0.370  0.000  0.123  0.000  0.498
   7.07408      2.356336  0.000  0.000  0.005  0.000  0.000  0.350  0.000  0.117  0.000  0.471
   7.14678      1.912081  0.000  0.000  0.004  0.000  0.000  0.335  0.000  0.112  0.000  0.451
   7.21948      1.727285  0.007  0.000  0.000  0.000  0.001  0.000  0.845  0.000  0.000  0.853
   7.29217      1.681490  0.007  0.000  0.000  0.000  0.000  0.000  0.842  0.000  0.000  0.849
   7.36487      1.648214  0.007  0.000  0.000  0.000  0.000  0.000  0.839  0.000  0.000  0.846
   7.43757      1.628000  0.007  0.000  0.000  0.000  0.000  0.000  0.838  0.000  0.000  0.845
   7.51026      1.621216  0.007  0.000  0.000  0.000  0.000  0.000  0.837  0.000  0.000  0.844
   7.51026      4.535338  0.000  0.000  0.000  0.000  0.000  0.545  0.000  0.182  0.000  0.727
   7.56153      4.508056  0.000  0.001  0.000  0.000  0.000  0.544  0.000  0.181  0.000  0.726
   7.61281      4.452363  0.000  0.001  0.000  0.002  0.000  0.204  0.000  0.612  0.000  0.818
   7.66408      4.488639  0.000  0.001  0.000  0.003  0.000  0.201  0.000  0.604  0.000  0.810
   7.71535      4.539681  0.000  0.002  0.000  0.006  0.000  0.197  0.000  0.592  0.000  0.798
   7.76662      4.605780  0.000  0.003  0.000  0.009  0.000  0.193  0.000  0.578  0.000  0.783
   7.81789      4.687285  0.000  0.004  0.000  0.013  0.000  0.187  0.000  0.561  0.000  0.766
   7.86916      4.749164  0.097  0.000  0.001  0.000  0.216  0.000  0.168  0.000  0.072  0.554
   7.92043      4.676191  0.095  0.000  0.000  0.000  0.218  0.000  0.182  0.000  0.073  0.567
   7.97170      4.599564  0.090  0.000  0.000  0.000  0.218  0.000  0.192  0.000  0.073  0.573
   8.02297      4.517311  0.084  0.000  0.002  0.000  0.216  0.000  0.199  0.000  0.072  0.572
   8.07424      4.427502  0.076  0.000  0.004  0.000  0.212  0.000  0.204  0.000  0.071  0.566
   8.12551      4.328351  0.067  0.000  0.007  0.000  0.206  0.000  0.207  0.000  0.069  0.556
   8.17678      4.217966  0.057  0.000  0.010  0.000  0.199  0.000  0.208  0.000  0.066  0.540
   8.22805      4.094700  0.046  0.000  0.015  0.000  0.189  0.000  0.208  0.000  0.063  0.520
   8.27932      3.957101  0.035  0.000  0.019  0.000  0.177  0.000  0.205  0.000  0.059  0.495
   8.33059      3.804367  0.025  0.000  0.024  0.000  0.161  0.000  0.200  0.000  0.054  0.463
   8.38186      3.637026  0.015  0.000  0.029  0.000  0.139  0.000  0.187  0.000  0.046  0.417
   8.43313      3.459440  0.007  0.000  0.037  0.000  0.101  0.000  0.150  0.000  0.034  0.328
   8.48440      3.326385  0.000  0.000  0.056  0.000  0.000  0.000  0.000  0.000  0.000  0.056
   8.48440      4.442807  0.000  0.012  0.000  0.037  0.183  0.000  0.000  0.000  0.541  0.773
   8.53567      4.506620  0.000  0.011  0.000  0.032  0.145  0.037  0.000  0.111  0.435  0.770
   8.58694      4.626495  0.000  0.009  0.000  0.028  0.114  0.067  0.000  0.200  0.341  0.759
   8.63821      4.758692  0.000  0.009  0.000  0.027  0.096  0.082  0.000  0.246  0.286  0.745
   8.68948      4.895842  0.000  0.009  0.000  0.026  0.081  0.090  0.000  0.275  0.247  0.729
   8.74075      5.036809  0.000  0.009  0.000  0.026  0.071  0.098  0.000  0.294  0.215  0.712
   8.79203      5.181670  0.000  0.009  0.000  0.025  0.064  0.105  0.000  0.306  0.186  0.694
   8.84330      5.330688  0.000  0.008  0.000  0.026  0.049  0.094  0.000  0.330  0.169  0.676
   8.89457      5.483887  0.000  0.008  0.000  0.025  0.048  0.109  0.000  0.326  0.142  0.658
   8.94584      5.640955  0.000  0.008  0.000  0.024  0.042  0.113  0.000  0.331  0.122  0.639
   8.99711      5.801080  0.000  0.007  0.000  0.023  0.034  0.109  0.000  0.341  0.106  0.621
   9.04838      5.962893  0.000  0.007  0.000  0.021  0.029  0.114  0.000  0.342  0.088  0.602
   9.09965      6.124316  0.000  0.006  0.000  0.019  0.024  0.115  0.000  0.346  0.072  0.584
   9.15092      6.282400  0.000  0.005  0.000  0.017  0.018  0.113  0.000  0.354  0.058  0.565
   9.20219      6.433073  0.000  0.004  0.000  0.014  0.014  0.114  0.000  0.358  0.044  0.547
   9.25346      6.571233  0.000  0.003  0.000  0.010  0.010  0.118  0.000  0.359  0.030  0.530
   9.30473      6.690423  0.000  0.003  0.000  0.006  0.008  0.164  0.000  0.318  0.016  0.515
   9.35600      6.783302  0.000  0.001  0.000  0.003  0.003  0.121  0.000  0.366  0.009  0.503
   9.40727      6.842721  0.000  0.000  0.000  0.001  0.001  0.111  0.000  0.380  0.002  0.495
   9.45854      6.863226  0.000  0.000  0.000  0.000  0.000  0.124  0.000  0.368  0.000  0.492
 
# Band-Index:   14
   9.45854      6.863229  0.000  0.000  0.000  0.000  0.000  0.368  0.000  0.124  0.000  0.492
   9.40727      6.842724  0.000  0.001  0.000  0.000  0.002  0.380  0.000  0.111  0.001  0.495
   9.35600      6.783305  0.000  0.003  0.000  0.001  0.009  0.366  0.000  0.121  0.003  0.503
   9.30473      6.690426  0.000  0.006  0.000  0.003  0.016  0.318  0.000  0.164  0.008  0.515
   9.25346      6.571236  0.000  0.010  0.000  0.003  0.030  0.359  0.000  0.118  0.010  0.530
   9.20219      6.433077  0.000  0.014  0.000  0.004  0.044  0.358  0.000  0.114  0.014  0.547
   9.15092      6.282404  0.000  0.017  0.000  0.005  0.058  0.354  0.000  0.113  0.018  0.565
   9.09965      6.124320  0.000  0.019  0.000  0.006  0.072  0.346  0.000  0.115  0.024  0.584
   9.04838      5.962897  0.000  0.021  0.000  0.007  0.088  0.342  0.000  0.114  0.029  0.602
   8.99711      5.801085  0.000  0.023  0.000  0.007  0.106  0.341  0.000  0.109  0.034  0.621
   8.94584      5.640959  0.000  0.024  0.000  0.008  0.122  0.331  0.000  0.113  0.042  0.639
   8.89457      5.483891  0.000  0.025  0.000  0.008  0.142  0.326  0.000  0.109  0.048  0.658
   8.84330      5.330692  0.000  0.026  0.000  0.008  0.169  0.330  0.000  0.094  0.049  0.676
   8.79203      5.181674  0.000  0.025  0.000  0.009  0.186  0.306  0.000  0.105  0.064  0.694
   8.74075      5.036813  0.000  0.026  0.000  0.009  0.215  0.294  0.000  0.098  0.071  0.712
   8.68948      4.895846  0.000  0.026  0.000  0.009  0.247  0.275  0.000  0.090  0.081  0.729
   8.63821      4.758696  0.000  0.027  0.000  0.009  0.286  0.246  0.000  0.082  0.096  0.745
   8.58694      4.626499  0.000  0.028  0.000  0.009  0.341  0.200  0.000  0.067  0.114  0.759
   8.53567      4.506624  0.000  0.032  0.000  0.011  0.435  0.111  0.000  0.037  0.145  0.770
   8.48440      4.442810  0.000  0.037  0.000  0.012  0.541  0.000  0.000  0.000  0.183  0.773
   8.48440      7.403736  0.000  0.006  0.000  0.019  0.000  0.129  0.000  0.386  0.000  0.540
   8.43313      7.071548  0.000  0.023  0.000  0.069  0.000  0.083  0.000  0.250  0.000  0.426
   8.38186      6.759571  0.000  0.022  0.000  0.066  0.000  0.092  0.000  0.275  0.000  0.455
   8.33059      6.470132  0.000  0.021  0.000  0.063  0.000  0.101  0.000  0.302  0.000  0.486
   8.27932      6.202844  0.000  0.019  0.000  0.058  0.000  0.110  0.000  0.330  0.000  0.517
   8.22805      5.957111  0.000  0.018  0.000  0.054  0.000  0.119  0.000  0.358  0.000  0.549
   8.17678      5.732312  0.000  0.016  0.000  0.049  0.000  0.129  0.000  0.387  0.000  0.580
   8.12551      5.527806  0.000  0.014  0.000  0.043  0.000  0.138  0.000  0.415  0.000  0.611
   8.07424      5.342860  0.000  0.013  0.000  0.038  0.000  0.148  0.000  0.443  0.000  0.641
   8.02297      5.176730  0.000  0.011  0.000  0.032  0.000  0.157  0.000  0.470  0.000  0.670
   7.97170      5.028739  0.000  0.009  0.000  0.027  0.000  0.165  0.000  0.496  0.000  0.697
   7.92043      4.898249  0.000  0.007  0.000  0.022  0.000  0.173  0.000  0.520  0.000  0.722
   7.86916      4.784613  0.000  0.006  0.000  0.017  0.000  0.181  0.000  0.542  0.000  0.745
   7.81789      4.820751  0.097  0.000  0.004  0.000  0.210  0.000  0.151  0.000  0.070  0.533
   7.76662      4.893650  0.095  0.000  0.008  0.000  0.202  0.000  0.130  0.000  0.067  0.501
   7.71535      4.971061  0.088  0.000  0.015  0.000  0.187  0.000  0.104  0.000  0.062  0.457
   7.66408      5.056405  0.077  0.000  0.024  0.000  0.165  0.000  0.075  0.000  0.055  0.396
   7.61281      5.151295  0.058  0.000  0.038  0.000  0.127  0.000  0.044  0.000  0.042  0.309
   7.56153      5.248227  0.027  0.000  0.058  0.000  0.061  0.000  0.015  0.000  0.020  0.183
   7.51026      5.300718  0.000  0.000  0.074  0.000  0.000  0.000  0.000  0.000  0.000  0.074
   7.51026      6.481973  0.000  0.000  0.000  0.000  0.000  0.000  0.000  0.000  0.000  0.000
   7.43757      6.521608  0.000  0.000  0.000  0.000  0.003  0.000  0.000  0.000  0.008  0.011
   7.36487      6.632945  0.000  0.000  0.000  0.000  0.010  0.000  0.000  0.000  0.031  0.041
   7.29217      6.795425  0.000  0.000  0.000  0.000  0.022  0.000  0.000  0.000  0.065  0.087
   7.21948      6.980823  0.000  0.000  0.000  0.001  0.035  0.000  0.000  0.000  0.105  0.141
   7.14678      7.158368  0.000  0.001  0.000  0.002  0.050  0.000  0.000  0.000  0.149  0.201
   7.07408      7.298978  0.000  0.001  0.000  0.004  0.065  0.000  0.000  0.000  0.194  0.263
   7.00138      7.378989  0.000  0.002  0.000  0.007  0.079  0.000  0.000  0.000  0.237  0.325
   6.92869      7.383257  0.000  0.004  0.000  0.013  0.092  0.000  0.000  0.000  0.276  0.385
   6.85599      7.307225  0.000  0.006  0.000  0.019  0.104  0.000  0.000  0.000  0.311  0.440
   6.78329      7.155916  0.000  0.008  0.000  0.025  0.114  0.000  0.000  0.000  0.342  0.489
   6.71060      6.941128  0.000  0.010  0.000  0.031  0.123  0.000  0.000  0.000  0.368  0.533
   6.63790      6.677409  0.000  0.012  0.000  0.037  0.130  0.000  0.000  0.000  0.391  0.571
   6.56520      6.379234  0.000  0.014  0.000  0.041  0.138  0.000  0.000  0.000  0.413  0.605
   6.49250      6.059428  0.000  0.014  0.000  0.043  0.144  0.000  0.000  0.000  0.433  0.635
   6.41981      5.728636  0.000  0.015  0.000  0.045  0.151  0.000  0.000  0.000  0.454  0.664
   6.34711      5.395372  0.000  0.015  0.000  0.044  0.158  0.000  0.000  0.000  0.475  0.692
   6.27441      5.066454  0.000  0.014  0.000  0.043  0.165  0.000  0.000  0.000  0.496  0.719
   6.20172      4.747448  0.000  0.013  0.000  0.040  0.173  0.000  0.000  0.000  0.519  0.746
   6.12902      4.442810  0.000  0.037  0.000  0.012  0.543  0.000  0.000  0.000  0.181  0.773
   6.12902      4.442810  0.000  0.037  0.000  0.012  0.543  0.000  0.000  0.000  0.181  0.773
   6.09267      4.589914  0.001  0.039  0.000  0.013  0.531  0.000  0.000  0.000  0.177  0.760
   6.05632      4.733343  0.003  0.039  0.000  0.013  0.520  0.000  0.000  0.000  0.173  0.749
   6.01997      4.870115  0.008  0.039  0.000  0.013  0.509  0.000  0.001  0.000  0.170  0.739
   5.98362      4.997238  0.017  0.037  0.000  0.012  0.498  0.000  0.001  0.000  0.166  0.732
   5.94728      5.112340  0.028  0.034  0.000  0.011  0.488  0.000  0.001  0.000  0.163  0.726
   5.91093      5.214068  0.043  0.030  0.000  0.010  0.478  0.000  0.002  0.000  0.159  0.722
   5.87458      5.302242  0.058  0.026  0.000  0.009  0.468  0.000  0.003  0.000  0.156  0.720
   5.83823      5.377630  0.074  0.022  0.000  0.007  0.459  0.000  0.003  0.000  0.153  0.719
   5.80188      5.441594  0.089  0.018  0.000  0.006  0.452  0.000  0.004  0.000  0.151  0.719
   5.76553      5.495547  0.102  0.014  0.000  0.005  0.445  0.000  0.005  0.000  0.148  0.719
   5.72918      5.540916  0.114  0.011  0.000  0.004  0.440  0.000  0.005  0.000  0.147  0.720
   5.69284      5.578807  0.123  0.008  0.000  0.003  0.436  0.000  0.006  0.000  0.145  0.721
   5.65649      5.610179  0.131  0.006  0.000  0.002  0.432  0.000  0.007  0.000  0.144  0.722
   5.62014      5.635765  0.138  0.004  0.000  0.001  0.430  0.000  0.007  0.000  0.143  0.724
   5.58379      5.656165  0.142  0.002  0.000  0.001  0.428  0.000  0.008  0.000  0.143  0.725
   5.54744      5.653827  0.009  0.000  0.060  0.000  0.026  0.048  0.001  0.016  0.009  0.168
   5.51109      5.472499  0.000  0.000  0.068  0.000  0.000  0.036  0.000  0.012  0.000  0.115
   5.47474      5.347334  0.000  0.000  0.072  0.000  0.000  0.013  0.000  0.004  0.000  0.089
   5.43840      5.300719  0.000  0.000  0.074  0.000  0.000  0.000  0.000  0.000  0.000  0.074
   5.43840      5.300718  0.000  0.000  0.074  0.000  0.000  0.000  0.000  0.000  0.000  0.074
   5.37544      5.383347  0.000  0.000  0.069  0.000  0.000  0.015  0.000  0.045  0.000  0.129
   5.31248      5.579951  0.000  0.000  0.062  0.000  0.000  0.037  0.000  0.110  0.000  0.208
   5.24952      5.828905  0.000  0.000  0.058  0.000  0.000  0.051  0.000  0.153  0.000  0.261
   5.18657      6.103732  0.000  0.000  0.055  0.000  0.000  0.060  0.000  0.179  0.000  0.293
   5.12361      6.394048  0.000  0.000  0.053  0.000  0.000  0.065  0.000  0.195  0.000  0.313
   5.06065      6.694880  0.004  0.000  0.048  0.001  0.022  0.064  0.000  0.193  0.007  0.340
   4.99769      6.930512  0.052  0.006  0.000  0.019  0.351  0.000  0.003  0.000  0.117  0.549
   4.93473      7.129308  0.035  0.006  0.000  0.017  0.329  0.000  0.002  0.000  0.110  0.499
   4.87178      7.273388  0.022  0.005  0.000  0.014  0.303  0.000  0.001  0.000  0.101  0.445
   4.80882      7.350453  0.012  0.003  0.000  0.010  0.271  0.000  0.001  0.000  0.090  0.388
   4.74586      7.356873  0.006  0.002  0.000  0.007  0.236  0.000  0.000  0.000  0.079  0.329
   4.68290      7.298094  0.002  0.001  0.000  0.004  0.198  0.000  0.000  0.000  0.066  0.271
   4.61995      7.186958  0.001  0.001  0.000  0.002  0.158  0.000  0.000  0.000  0.053  0.215
   4.55699      7.041029  0.000  0.000  0.000  0.001  0.120  0.000  0.000  0.000  0.040  0.161
   4.49403      6.880327  0.000  0.000  0.000  0.000  0.083  0.000  0.000  0.000  0.028  0.111
   4.43107      6.725657  0.000  0.000  0.000  0.000  0.050  0.000  0.000  0.000  0.017  0.067
   4.36812      6.597053  0.000  0.000  0.000  0.000  0.024  0.000  0.000  0.000  0.008  0.032
   4.30516      6.511833  0.000  0.000  0.000  0.000  0.006  0.000  0.000  0.000  0.002  0.008
   4.24220      6.481973  0.000  0.000  0.000  0.000  0.000  0.000  0.000  0.000  0.000  0.000
   4.24220      6.481973  0.000  0.000  0.000  0.000  0.000  0.000  0.000  0.000  0.000  0.000
   4.19093      6.484193  0.000  0.000  0.000  0.000  0.000  0.000  0.000  0.000  0.000  0.000
   4.13966      6.490804  0.000  0.000  0.000  0.000  0.000  0.000  0.000  0.000  0.000  0.000
   4.08839      6.501620  0.000  0.000  0.000  0.000  0.000  0.000  0.000  0.000  0.000  0.000
   4.03712      6.516482  0.000  0.000  0.000  0.000  0.000  0.000  0.000  0.000  0.000  0.000
   3.98585      6.535006  0.000  0.000  0.000  0.000  0.000  0.000  0.000  0.000  0.000  0.000
   3.93458      6.556742  0.000  0.000  0.000  0.000  0.000  0.000  0.000  0.000  0.000  0.000
   3.88331      6.581234  0.000  0.000  0.000  0.000  0.000  0.000  0.000  0.000  0.000  0.000
   3.83204      6.607863  0.000  0.000  0.000  0.000  0.000  0.000  0.000  0.000  0.000  0.000
   3.78077      6.635937  0.000  0.000  0.000  0.000  0.000  0.000  0.000  0.000  0.000  0.000
   3.72950      6.664913  0.000  0.000  0.000  0.000  0.000  0.000  0.000  0.000  0.000  0.000
   3.67823      6.693672  0.000  0.000  0.000  0.000  0.000  0.000  0.000  0.000  0.000  0.000
   3.62696      6.721584  0.000  0.000  0.000  0.000  0.000  0.000  0.000  0.000  0.000  0.000
   3.57569      6.747940  0.000  0.000  0.000  0.000  0.000  0.000  0.000  0.000  0.000  0.000
   3.52442      6.524097  0.000  0.066  0.000  0.015  0.000  0.095  0.000  0.022  0.000  0.199
   3.47314      6.255516  0.000  0.076  0.000  0.008  0.000  0.078  0.000  0.008  0.000  0.171
   3.42187      6.028050  0.000  0.086  0.000  0.002  0.000  0.054  0.000  0.001  0.000  0.143
   3.37060      5.852995  0.000  0.003  0.000  0.086  0.000  0.001  0.000  0.026  0.000  0.117
   3.31933      5.741945  0.000  0.024  0.000  0.067  0.000  0.002  0.000  0.005  0.000  0.098
   3.26806      5.703769  0.000  0.056  0.000  0.036  0.000  0.000  0.000  0.000  0.000  0.092
   3.26806      5.703766  0.000  0.014  0.000  0.077  0.000  0.000  0.000  0.000  0.000  0.092
   3.19537      5.794454  0.004  0.077  0.000  0.009  0.008  0.000  0.000  0.000  0.006  0.105
   3.12267      6.022166  0.017  0.055  0.000  0.018  0.032  0.000  0.001  0.000  0.011  0.133
   3.04997      6.323487  0.035  0.044  0.000  0.014  0.048  0.000  0.001  0.000  0.016  0.158
   2.97727      6.649917  0.061  0.032  0.000  0.011  0.056  0.000  0.000  0.000  0.019  0.179
   2.90458      6.975964  0.091  0.021  0.000  0.007  0.060  0.000  0.000  0.000  0.020  0.198
   2.83188      7.287622  0.125  0.010  0.000  0.003  0.057  0.000  0.001  0.000  0.019  0.215
   2.75918      7.582915  0.144  0.002  0.000  0.001  0.044  0.001  0.005  0.004  0.015  0.216
   2.68649      7.324802  0.000  0.000  0.000  0.000  0.000  0.020  0.000  0.061  0.000  0.081
   2.61379      7.065756  0.000  0.000  0.000  0.000  0.000  0.029  0.000  0.088  0.000  0.118
   2.54109      6.862500  0.000  0.000  0.000  0.000  0.000  0.040  0.000  0.120  0.000  0.160
   2.46839      6.715650  0.000  0.000  0.000  0.000  0.000  0.051  0.000  0.154  0.000  0.206
   2.39570      6.621618  0.000  0.000  0.000  0.000  0.000  0.063  0.000  0.189  0.000  0.252
   2.32300      6.574176  0.000  0.000  0.000  0.000  0.000  0.074  0.000  0.223  0.000  0.297
   2.25030      6.565886  0.000  0.000  0.000  0.000  0.000  0.085  0.000  0.254  0.000  0.339
   2.17761      6.589095  0.000  0.000  0.000  0.000  0.000  0.094  0.000  0.283  0.000  0.377
   2.10491      6.636582  0.000  0.000  0.000  0.000  0.000  0.103  0.000  0.308  0.000  0.411
   2.03221      6.748125  0.000  0.000  0.013  0.000  0.000  0.387  0.000  0.129  0.000  0.530
   1.95951      6.874958  0.000  0.000  0.004  0.000  0.000  0.381  0.000  0.127  0.000  0.512
   1.88682      6.863230  0.000  0.000  0.000  0.000  0.000  0.321  0.000  0.171  0.000  0.492
   1.88682      6.863229  0.000  0.000  0.000  0.000  0.000  0.367  0.000  0.125  0.000  0.492
   1.85047      6.906593  0.000  0.000  0.000  0.000  0.000  0.126  0.000  0.377  0.000  0.503
   1.81412      6.950061  0.000  0.000  0.000  0.000  0.000  0.128  0.000  0.384  0.000  0.512
   1.77777      6.993333  0.000  0.000  0.000  0.000  0.000  0.130  0.000  0.391  0.000  0.522
   1.74142      7.035926  0.000  0.000  0.000  0.000  0.000  0.133  0.000  0.398  0.000  0.530
   1.70507      7.077452  0.000  0.000  0.000  0.000  0.000  0.135  0.000  0.404  0.000  0.538
   1.66873      7.117569  0.000  0.000  0.000  0.000  0.000  0.136  0.000  0.409  0.000  0.545
   1.63238      7.155974  0.000  0.000  0.000  0.000  0.000  0.138  0.000  0.414  0.000  0.552
   1.59603      7.192323  0.000  0.000  0.000  0.000  0.000  0.140  0.000  0.419  0.000  0.558
   1.55968      7.226372  0.000  0.000  0.000  0.000  0.000  0.141  0.000  0.423  0.000  0.564
   1.52333      7.257889  0.000  0.000  0.000  0.000  0.000  0.142  0.000  0.427  0.000  0.569
   1.48698      7.286655  0.000  0.000  0.000  0.000  0.000  0.143  0.000  0.430  0.000  0.573
   1.45063      7.312445  0.000  0.000  0.000  0.000  0.000  0.144  0.000  0.433  0.000  0.577
   1.41429      7.335172  0.000  0.000  0.000  0.000  0.000  0.145  0.000  0.435  0.000  0.581
   1.37794      7.354656  0.000  0.000  0.000  0.000  0.000  0.146  0.000  0.438  0.000  0.583
   1.34159      7.370973  0.000  0.000  0.000  0.000  0.000  0.146  0.000  0.439  0.000  0.585
   1.30524      7.383457  0.000  0.000  0.000  0.000  0.000  0.147  0.000  0.440  0.000  0.587
   1.26889      7.392686  0.000  0.000  0.000  0.000  0.000  0.147  0.000  0.441  0.000  0.588
   1.23254      7.400703  0.000  0.003  0.000  0.008  0.000  0.139  0.000  0.417  0.000  0.567
   1.19619      7.400807  0.000  0.004  0.000  0.011  0.000  0.136  0.000  0.410  0.000  0.561
   1.19619      7.408067  0.000  0.023  0.000  0.069  0.000  0.078  0.000  0.235  0.000  0.406
   1.13324      7.388896  0.000  0.000  0.000  0.001  0.000  0.145  0.000  0.432  0.000  0.580
   1.07028      7.326820  0.000  0.000  0.001  0.000  0.000  0.141  0.000  0.424  0.000  0.567
   1.00732      7.247042  0.000  0.000  0.002  0.000  0.000  0.134  0.000  0.402  0.000  0.538
   0.94436      7.156519  0.000  0.000  0.003  0.000  0.000  0.124  0.000  0.371  0.000  0.497
   0.88141      7.075136  0.000  0.000  0.003  0.000  0.000  0.110  0.000  0.329  0.000  0.442
   0.81845      7.023798  0.000  0.000  0.003  0.000  0.000  0.093  0.000  0.278  0.000  0.373
   0.75549      7.022928  0.000  0.000  0.002  0.000  0.000  0.074  0.000  0.222  0.000  0.297
   0.69253      7.089278  0.002  0.000  0.001  0.000  0.002  0.054  0.000  0.163  0.001  0.223
   0.62958      7.162484  0.134  0.000  0.000  0.000  0.107  0.001  0.001  0.002  0.036  0.280
   0.56662      7.082769  0.125  0.000  0.000  0.001  0.109  0.000  0.001  0.000  0.036  0.273
   0.50366      6.986296  0.112  0.002  0.000  0.005  0.107  0.000  0.000  0.000  0.036  0.261
   0.44070      6.870196  0.095  0.003  0.000  0.010  0.102  0.000  0.000  0.000  0.034  0.245
   0.37775      6.731539  0.078  0.006  0.000  0.017  0.094  0.000  0.000  0.000  0.031  0.226
   0.31479      6.567052  0.060  0.009  0.000  0.026  0.081  0.000  0.000  0.000  0.027  0.204
   0.25183      6.374902  0.043  0.012  0.000  0.037  0.066  0.000  0.001  0.000  0.022  0.180
   0.18887      6.159343  0.026  0.016  0.000  0.048  0.047  0.000  0.001  0.000  0.016  0.154
   0.12592      5.942403  0.013  0.020  0.000  0.057  0.028  0.000  0.000  0.000  0.009  0.126
   0.06296      5.771002  0.003  0.026  0.000  0.061  0.009  0.000  0.000  0.000  0.002  0.102
   0.00000      5.703772  0.000  0.007  0.000  0.085  0.000  0.000  0.000  0.000  0.000  0.092
