     #Energy           s          py          pz          px         dxy         dyz         dz2         dxz      dx2-y2       tot  
   -60.25604     0.00000     0.00000     0.00000     0.00000     0.00000     0.00000     0.00000     0.00000     0.00000     0.00000
   -60.22004     0.00000     0.00000     0.00000     0.00000     0.00000     0.00000     0.00000     0.00000     0.00000     0.00000
   -60.18504     0.00000     0.00000     0.00000     0.00000     0.00000     0.00000     0.00000     0.00000     0.00000     0.00000
   -60.15004     0.00000     0.00000     0.00000     0.00000     0.00000     0.00000     0.00000     0.00000     0.00000     0.00000
   -60.11404     0.00000     0.00000     0.00000     0.00000     0.00000     0.00000     0.00000     0.00000     0.00000     0.00000
   -60.07904     0.00000     0.00000     0.00000     0.00000     0.00000     0.00000     0.00000     0.00000     0.00000     0.00000
   -60.04304     0.00000     0.00000     0.00000     0.00000     0.00000     0.00000     0.00000     0.00000     0.00000     0.00000
   -60.00804     0.00000     0.00000     0.00000     0.00000     0.00000     0.00000     0.00000     0.00000     0.00000     0.00000
   -59.97204     0.00000     0.00000     0.00000     0.00000     0.00000     0.00000     0.00000     0.00000     0.00000     0.00000
   -59.93704     0.00000     0.00000     0.00000     0.00000     0.00000     0.00000     0.00000     0.00000     0.00000     0.00000
   -59.90104     0.00000     0.00000     0.00000     0.00000     0.00000     0.00000     0.00000     0.00000     0.00000     0.00000
   -59.86604     0.00000     0.00000     0.00000     0.00000     0.00000     0.00000     0.00000     0.00000     0.00000     0.00000
   -59.83104     0.00000     0.00000     0.00000     0.00000     0.00000     0.00000     0.00000     0.00000     0.00000     0.00000
   -59.79504     0.00000     0.00000     0.00000     0.00000     0.00000     0.00000     0.00000     0.00000     0.00000     0.00000
   -59.76004     0.00000     0.00000     0.00000     0.00000     0.00000     0.00000     0.00000     0.00000     0.00000     0.00000
   -59.72404     0.00000     0.00000     0.00000     0.00000     0.00000     0.00000     0.00000     0.00000     0.00000     0.00000
   -59.68904     0.00000     0.00000     0.00000     0.00000     0.00000     0.00000     0.00000     0.00000     0.00000     0.00000
   -59.65304     0.00000     0.00000     0.00000     0.00000     0.00000     0.00000     0.00000     0.00000     0.00000     0.00000
   -59.61804     0.00000     0.00000     0.00000     0.00000     0.00000     0.00000     0.00000     0.00000     0.00000     0.00000
   -59.58204     0.00000     0.00000     0.00000     0.00000     0.00000     0.00000     0.00000     0.00000     0.00000     0.00000
   -59.54704     0.00000     0.00000     0.00000     0.00000     0.00000     0.00000     0.00000     0.00000     0.00000     0.00000
   -59.51204     0.00000     0.00000     0.00000     0.00000     0.00000     0.00000     0.00000     0.00000     0.00000     0.00000
   -59.47604     0.00000     0.00000     0.00000     0.00000     0.00000     0.00000     0.00000     0.00000     0.00000     0.00000
   -59.44104     0.00000     0.00000     0.00000     0.00000     0.00000     0.00000     0.00000     0.00000     0.00000     0.00000
   -59.40504     0.00000     0.00000     0.00000     0.00000     0.00000     0.00000     0.00000     0.00000     0.00000     0.00000
   -59.37004     0.00000     0.00000     0.00000     0.00000     0.00000     0.00000     0.00000     0.00000     0.00000     0.00000
   -59.33404     0.00000     0.00000     0.00000     0.00000     0.00000     0.00000     0.00000     0.00000     0.00000     0.00000
   -59.29904     0.00000     0.00000     0.00000     0.00000     0.00000     0.00000     0.00000     0.00000     0.00000     0.00000
   -59.26304     0.00000     0.00000     0.00000     0.00000     0.00000     0.00000     0.00000     0.00000     0.00000     0.00000
   -59.22804     0.00000     0.00000     0.00000     0.00000     0.00000     0.00000     0.00000     0.00000     0.00000     0.00000
   -59.19304     0.00000     0.00000     0.00000     0.00000     0.00000     0.00000     0.00000     0.00000     0.00000     0.00000
   -59.15704     0.00000     0.00000     0.00000     0.00000     0.00000     0.00000     0.00000     0.00000     0.00000     0.00000
   -59.12204     0.00000     0.00000     0.00000     0.00000     0.00000     0.00000     0.00000     0.00000     0.00000     0.00000
   -59.08604     0.00000     0.00000     0.00000     0.00000     0.00000     0.00000     0.00000     0.00000     0.00000     0.00000
   -59.05104     0.00000     0.00000     0.00000     0.00000     0.00000     0.00000     0.00000     0.00000     0.00000     0.00000
   -59.01504     0.00000     0.00000     0.00000     0.00000     0.00000     0.00000     0.00000     0.00000     0.00000     0.00000
   -58.98004     0.00000     0.00000     0.00000     0.00000     0.00000     0.00000     0.00000     0.00000     0.00000     0.00000
   -58.94404     0.00000     0.00000     0.00000     0.00000     0.00000     0.00000     0.00000     0.00000     0.00000     0.00000
   -58.90904     0.00000     0.00000     0.00000     0.00000     0.00000     0.00000     0.00000     0.00000     0.00000     0.00000
   -58.87404     0.00000     0.00000     0.00000     0.00000     0.00000     0.00000     0.00000     0.00000     0.00000     0.00000
   -58.83804     0.00000     0.00000     0.00000     0.00000     0.00000     0.00000     0.00000     0.00000     0.00000     0.00000
   -58.80304     0.00000     0.00000     0.00000     0.00000     0.00000     0.00000     0.00000     0.00000     0.00000     0.00000
   -58.76704     0.00000     0.00000     0.00000     0.00000     0.00000     0.00000     0.00000     0.00000     0.00000     0.00000
   -58.73204     0.00000     0.00000     0.00000     0.00000     0.00000     0.00000     0.00000     0.00000     0.00000     0.00000
   -58.69604     0.00000     0.00000     0.00000     0.00000     0.00000     0.00000     0.00000     0.00000     0.00000     0.00000
   -58.66104     0.00000     0.00000     0.00000     0.00000     0.00000     0.00000     0.00000     0.00000     0.00000     0.00000
   -58.62504     0.00000     0.00000     0.00000     0.00000     0.00000     0.00000     0.00000     0.00000     0.00000     0.00000
   -58.59004     0.00000     0.00000     0.00000     0.00000     0.00000     0.00000     0.00000     0.00000     0.00000     0.00000
   -58.55504     0.00000     0.00000     0.00000     0.00000     0.00000     0.00000     0.00000     0.00000     0.00000     0.00000
   -58.51904     0.00000     0.00000     0.00000     0.00000     0.00000     0.00000     0.00000     0.00000     0.00000     0.00000
   -58.48404     0.00000     0.00000     0.00000     0.00000     0.00000     0.00000     0.00000     0.00000     0.00000     0.00000
   -58.44804     0.00000     0.00000     0.00000     0.00000     0.00000     0.00000     0.00000     0.00000     0.00000     0.00000
   -58.41304     0.00000     0.00000     0.00000     0.00000     0.00000     0.00000     0.00000     0.00000     0.00000     0.00000
   -58.37704     0.00000     0.00000     0.00000     0.00000     0.00000     0.00000     0.00000     0.00000     0.00000     0.00000
   -58.34204     0.00000     0.00000     0.00000     0.00000     0.00000     0.00000     0.00000     0.00000     0.00000     0.00000
   -58.30604     0.00000     0.00000     0.00000     0.00000     0.00000     0.00000     0.00000     0.00000     0.00000     0.00000
   -58.27104     0.00000     0.00000     0.00000     0.00000     0.00000     0.00000     0.00000     0.00000     0.00000     0.00000
   -58.23604     0.00000     0.00000     0.00000     0.00000     0.00000     0.00000     0.00000     0.00000     0.00000     0.00000
   -58.20004     0.00000     0.00000     0.00000     0.00000     0.00000     0.00000     0.00000     0.00000     0.00000     0.00000
   -58.16504     0.00000     0.00000     0.00000     0.00000     0.00000     0.00000     0.00000     0.00000     0.00000     0.00000
   -58.12904     0.00000     0.00000     0.00000     0.00000     0.00000     0.00000     0.00000     0.00000     0.00000     0.00000
   -58.09404     0.00000     0.00000     0.00000     0.00000     0.00000     0.00000     0.00000     0.00000     0.00000     0.00000
   -58.05804     0.00000     0.00000     0.00000     0.00000     0.00000     0.00000     0.00000     0.00000     0.00000     0.00000
   -58.02304     0.00000     0.00000     0.00000     0.00000     0.00000     0.00000     0.00000     0.00000     0.00000     0.00000
   -57.98804     0.00000     0.00000     0.00000     0.00000     0.00000     0.00000     0.00000     0.00000     0.00000     0.00000
   -57.95204     0.00000     0.00000     0.00000     0.00000     0.00000     0.00000     0.00000     0.00000     0.00000     0.00000
   -57.91704     0.00000     0.00000     0.00000     0.00000     0.00000     0.00000     0.00000     0.00000     0.00000     0.00000
   -57.88104     0.00000     0.00000     0.00000     0.00000     0.00000     0.00000     0.00000     0.00000     0.00000     0.00000
   -57.84604     0.00000     0.00000     0.00000     0.00000     0.00000     0.00000     0.00000     0.00000     0.00000     0.00000
   -57.81004     0.00000     0.00000     0.00000     0.00000     0.00000     0.00000     0.00000     0.00000     0.00000     0.00000
   -57.77504     0.00000     0.00000     0.00000     0.00000     0.00000     0.00000     0.00000     0.00000     0.00000     0.00000
   -57.73904     0.00000     0.00000     0.00000     0.00000     0.00000     0.00000     0.00000     0.00000     0.00000     0.00000
   -57.70404     0.00000     0.00000     0.00000     0.00000     0.00000     0.00000     0.00000     0.00000     0.00000     0.00000
   -57.66904     0.00000     0.00000     0.00000     0.00000     0.00000     0.00000     0.00000     0.00000     0.00000     0.00000
   -57.63304     0.00000     0.00000     0.00000     0.00000     0.00000     0.00000     0.00000     0.00000     0.00000     0.00000
   -57.59804     0.00000     0.00000     0.00000     0.00000     0.00000     0.00000     0.00000     0.00000     0.00000     0.00000
   -57.56204     0.00000     0.00000     0.00000     0.00000     0.00000     0.00000     0.00000     0.00000     0.00000     0.00000
   -57.52704     0.00000     0.00000     0.00000     0.00000     0.00000     0.00000     0.00000     0.00000     0.00000     0.00000
   -57.49104     0.00000     0.00000     0.00000     0.00000     0.00000     0.00000     0.00000     0.00000     0.00000     0.00000
   -57.45604     0.00000     0.00000     0.00000     0.00000     0.00000     0.00000     0.00000     0.00000     0.00000     0.00000
   -57.42004     0.00000     0.00000     0.00000     0.00000     0.00000     0.00000     0.00000     0.00000     0.00000     0.00000
   -57.38504     0.00000     0.00000     0.00000     0.00000     0.00000     0.00000     0.00000     0.00000     0.00000     0.00000
   -57.35004     0.00000     0.00000     0.00000     0.00000     0.00000     0.00000     0.00000     0.00000     0.00000     0.00000
   -57.31404     0.00000     0.00000     0.00000     0.00000     0.00000     0.00000     0.00000     0.00000     0.00000     0.00000
   -57.27904     0.00000     0.00000     0.00000     0.00000     0.00000     0.00000     0.00000     0.00000     0.00000     0.00000
   -57.24304     0.00000     0.00000     0.00000     0.00000     0.00000     0.00000     0.00000     0.00000     0.00000     0.00000
   -57.20804     0.00000     0.00000     0.00000     0.00000     0.00000     0.00000     0.00000     0.00000     0.00000     0.00000
   -57.17204     0.00000     0.00000     0.00000     0.00000     0.00000     0.00000     0.00000     0.00000     0.00000     0.00000
   -57.13704     0.00000     0.00000     0.00000     0.00000     0.00000     0.00000     0.00000     0.00000     0.00000     0.00000
   -57.10104     0.00000     0.00000     0.00000     0.00000     0.00000     0.00000     0.00000     0.00000     0.00000     0.00000
   -57.06604     0.00000     0.00000     0.00000     0.00000     0.00000     0.00000     0.00000     0.00000     0.00000     0.00000
   -57.03104     0.09766     0.00000     0.00000     0.00000     0.00000     0.00000     0.00000     0.00000     0.00000     0.09766
   -56.99504     0.88328     0.00000     0.00000     0.00000     0.00000     0.00000     0.00000     0.00000     0.00000     0.88329
   -56.96004     2.21612     0.00000     0.00000     0.00000     0.00000     0.00000     0.00001     0.00000     0.00000     2.21614
   -56.92404     2.86100     0.00001     0.00000     0.00001     0.00000     0.00000     0.00001     0.00000     0.00000     2.86103
   -56.88904     2.86100     0.00001     0.00000     0.00001     0.00000     0.00000     0.00001     0.00000     0.00000     2.86103
   -56.85304     2.86100     0.00001     0.00000     0.00001     0.00000     0.00000     0.00001     0.00000     0.00000     2.86103
   -56.81804     2.86100     0.00001     0.00000     0.00001     0.00000     0.00000     0.00001     0.00000     0.00000     2.86103
   -56.78204     2.86100     0.00001     0.00000     0.00001     0.00000     0.00000     0.00001     0.00000     0.00000     2.86103
   -56.74704     2.86100     0.00001     0.00000     0.00001     0.00000     0.00000     0.00001     0.00000     0.00000     2.86103
   -56.71204     2.86100     0.00001     0.00000     0.00001     0.00000     0.00000     0.00001     0.00000     0.00000     2.86103
   -56.67604     2.86100     0.00001     0.00000     0.00001     0.00000     0.00000     0.00001     0.00000     0.00000     2.86103
   -56.64104     2.86100     0.00001     0.00000     0.00001     0.00000     0.00000     0.00001     0.00000     0.00000     2.86103
   -56.60504     2.86100     0.00001     0.00000     0.00001     0.00000     0.00000     0.00001     0.00000     0.00000     2.86103
   -56.57004     2.86100     0.00001     0.00000     0.00001     0.00000     0.00000     0.00001     0.00000     0.00000     2.86103
   -56.53404     2.86100     0.00001     0.00000     0.00001     0.00000     0.00000     0.00001     0.00000     0.00000     2.86103
   -56.49904     2.86100     0.00001     0.00000     0.00001     0.00000     0.00000     0.00001     0.00000     0.00000     2.86103
   -56.46304     2.86100     0.00001     0.00000     0.00001     0.00000     0.00000     0.00001     0.00000     0.00000     2.86103
   -56.42804     2.86100     0.00001     0.00000     0.00001     0.00000     0.00000     0.00001     0.00000     0.00000     2.86103
   -56.39304     2.86100     0.00001     0.00000     0.00001     0.00000     0.00000     0.00001     0.00000     0.00000     2.86103
   -56.35704     2.86100     0.00001     0.00000     0.00001     0.00000     0.00000     0.00001     0.00000     0.00000     2.86103
   -56.32204     2.86100     0.00001     0.00000     0.00001     0.00000     0.00000     0.00001     0.00000     0.00000     2.86103
   -56.28604     2.86100     0.00001     0.00000     0.00001     0.00000     0.00000     0.00001     0.00000     0.00000     2.86103
   -56.25104     2.86100     0.00001     0.00000     0.00001     0.00000     0.00000     0.00001     0.00000     0.00000     2.86103
   -56.21504     2.86100     0.00001     0.00000     0.00001     0.00000     0.00000     0.00001     0.00000     0.00000     2.86103
   -56.18004     2.86100     0.00001     0.00000     0.00001     0.00000     0.00000     0.00001     0.00000     0.00000     2.86103
   -56.14404     2.86100     0.00001     0.00000     0.00001     0.00000     0.00000     0.00001     0.00000     0.00000     2.86103
   -56.10904     2.86100     0.00001     0.00000     0.00001     0.00000     0.00000     0.00001     0.00000     0.00000     2.86103
   -56.07404     2.86100     0.00001     0.00000     0.00001     0.00000     0.00000     0.00001     0.00000     0.00000     2.86103
   -56.03804     2.86100     0.00001     0.00000     0.00001     0.00000     0.00000     0.00001     0.00000     0.00000     2.86103
   -56.00304     2.86100     0.00001     0.00000     0.00001     0.00000     0.00000     0.00001     0.00000     0.00000     2.86103
   -55.96704     2.86100     0.00001     0.00000     0.00001     0.00000     0.00000     0.00001     0.00000     0.00000     2.86103
   -55.93204     2.86100     0.00001     0.00000     0.00001     0.00000     0.00000     0.00001     0.00000     0.00000     2.86103
   -55.89604     2.86100     0.00001     0.00000     0.00001     0.00000     0.00000     0.00001     0.00000     0.00000     2.86103
   -55.86104     2.86100     0.00001     0.00000     0.00001     0.00000     0.00000     0.00001     0.00000     0.00000     2.86103
   -55.82504     2.86100     0.00001     0.00000     0.00001     0.00000     0.00000     0.00001     0.00000     0.00000     2.86103
   -55.79004     2.86100     0.00001     0.00000     0.00001     0.00000     0.00000     0.00001     0.00000     0.00000     2.86103
   -55.75504     2.86100     0.00001     0.00000     0.00001     0.00000     0.00000     0.00001     0.00000     0.00000     2.86103
   -55.71904     2.86100     0.00001     0.00000     0.00001     0.00000     0.00000     0.00001     0.00000     0.00000     2.86103
   -55.68404     2.86100     0.00001     0.00000     0.00001     0.00000     0.00000     0.00001     0.00000     0.00000     2.86103
   -55.64804     2.86100     0.00001     0.00000     0.00001     0.00000     0.00000     0.00001     0.00000     0.00000     2.86103
   -55.61304     2.86100     0.00001     0.00000     0.00001     0.00000     0.00000     0.00001     0.00000     0.00000     2.86103
   -55.57704     2.86100     0.00001     0.00000     0.00001     0.00000     0.00000     0.00001     0.00000     0.00000     2.86103
   -55.54204     2.86100     0.00001     0.00000     0.00001     0.00000     0.00000     0.00001     0.00000     0.00000     2.86103
   -55.50604     2.86100     0.00001     0.00000     0.00001     0.00000     0.00000     0.00001     0.00000     0.00000     2.86103
   -55.47104     2.86100     0.00001     0.00000     0.00001     0.00000     0.00000     0.00001     0.00000     0.00000     2.86103
   -55.43604     2.86100     0.00001     0.00000     0.00001     0.00000     0.00000     0.00001     0.00000     0.00000     2.86103
   -55.40004     2.86100     0.00001     0.00000     0.00001     0.00000     0.00000     0.00001     0.00000     0.00000     2.86103
   -55.36504     2.86100     0.00001     0.00000     0.00001     0.00000     0.00000     0.00001     0.00000     0.00000     2.86103
   -55.32904     2.86100     0.00001     0.00000     0.00001     0.00000     0.00000     0.00001     0.00000     0.00000     2.86103
   -55.29404     2.86100     0.00001     0.00000     0.00001     0.00000     0.00000     0.00001     0.00000     0.00000     2.86103
   -55.25804     2.86100     0.00001     0.00000     0.00001     0.00000     0.00000     0.00001     0.00000     0.00000     2.86103
   -55.22304     2.86100     0.00001     0.00000     0.00001     0.00000     0.00000     0.00001     0.00000     0.00000     2.86103
   -55.18804     2.86100     0.00001     0.00000     0.00001     0.00000     0.00000     0.00001     0.00000     0.00000     2.86103
   -55.15204     2.86100     0.00001     0.00000     0.00001     0.00000     0.00000     0.00001     0.00000     0.00000     2.86103
   -55.11704     2.86100     0.00001     0.00000     0.00001     0.00000     0.00000     0.00001     0.00000     0.00000     2.86103
   -55.08104     2.86100     0.00001     0.00000     0.00001     0.00000     0.00000     0.00001     0.00000     0.00000     2.86103
   -55.04604     2.86100     0.00001     0.00000     0.00001     0.00000     0.00000     0.00001     0.00000     0.00000     2.86103
   -55.01004     2.86100     0.00001     0.00000     0.00001     0.00000     0.00000     0.00001     0.00000     0.00000     2.86103
   -54.97504     2.86100     0.00001     0.00000     0.00001     0.00000     0.00000     0.00001     0.00000     0.00000     2.86103
   -54.93904     2.86100     0.00001     0.00000     0.00001     0.00000     0.00000     0.00001     0.00000     0.00000     2.86103
   -54.90404     2.86100     0.00001     0.00000     0.00001     0.00000     0.00000     0.00001     0.00000     0.00000     2.86103
   -54.86904     2.86100     0.00001     0.00000     0.00001     0.00000     0.00000     0.00001     0.00000     0.00000     2.86103
   -54.83304     2.86100     0.00001     0.00000     0.00001     0.00000     0.00000     0.00001     0.00000     0.00000     2.86103
   -54.79804     2.86100     0.00001     0.00000     0.00001     0.00000     0.00000     0.00001     0.00000     0.00000     2.86103
   -54.76204     2.86100     0.00001     0.00000     0.00001     0.00000     0.00000     0.00001     0.00000     0.00000     2.86103
   -54.72704     2.86100     0.00001     0.00000     0.00001     0.00000     0.00000     0.00001     0.00000     0.00000     2.86103
   -54.69104     2.86100     0.00001     0.00000     0.00001     0.00000     0.00000     0.00001     0.00000     0.00000     2.86103
   -54.65604     2.86100     0.00001     0.00000     0.00001     0.00000     0.00000     0.00001     0.00000     0.00000     2.86103
   -54.62004     2.86100     0.00001     0.00000     0.00001     0.00000     0.00000     0.00001     0.00000     0.00000     2.86103
   -54.58504     2.86100     0.00001     0.00000     0.00001     0.00000     0.00000     0.00001     0.00000     0.00000     2.86103
   -54.55004     2.86100     0.00001     0.00000     0.00001     0.00000     0.00000     0.00001     0.00000     0.00000     2.86103
   -54.51404     2.86100     0.00001     0.00000     0.00001     0.00000     0.00000     0.00001     0.00000     0.00000     2.86103
   -54.47904     2.86100     0.00001     0.00000     0.00001     0.00000     0.00000     0.00001     0.00000     0.00000     2.86103
   -54.44304     2.86100     0.00001     0.00000     0.00001     0.00000     0.00000     0.00001     0.00000     0.00000     2.86103
   -54.40804     2.86100     0.00001     0.00000     0.00001     0.00000     0.00000     0.00001     0.00000     0.00000     2.86103
   -54.37204     2.86100     0.00001     0.00000     0.00001     0.00000     0.00000     0.00001     0.00000     0.00000     2.86103
   -54.33704     2.86100     0.00001     0.00000     0.00001     0.00000     0.00000     0.00001     0.00000     0.00000     2.86103
   -54.30104     2.86100     0.00001     0.00000     0.00001     0.00000     0.00000     0.00001     0.00000     0.00000     2.86103
   -54.26604     2.86100     0.00001     0.00000     0.00001     0.00000     0.00000     0.00001     0.00000     0.00000     2.86103
   -54.23104     2.86100     0.00001     0.00000     0.00001     0.00000     0.00000     0.00001     0.00000     0.00000     2.86103
   -54.19504     2.86100     0.00001     0.00000     0.00001     0.00000     0.00000     0.00001     0.00000     0.00000     2.86103
   -54.16004     2.86100     0.00001     0.00000     0.00001     0.00000     0.00000     0.00001     0.00000     0.00000     2.86103
   -54.12404     2.86100     0.00001     0.00000     0.00001     0.00000     0.00000     0.00001     0.00000     0.00000     2.86103
   -54.08904     2.86100     0.00001     0.00000     0.00001     0.00000     0.00000     0.00001     0.00000     0.00000     2.86103
   -54.05304     2.86100     0.00001     0.00000     0.00001     0.00000     0.00000     0.00001     0.00000     0.00000     2.86103
   -54.01804     2.86100     0.00001     0.00000     0.00001     0.00000     0.00000     0.00001     0.00000     0.00000     2.86103
   -53.98204     2.86100     0.00001     0.00000     0.00001     0.00000     0.00000     0.00001     0.00000     0.00000     2.86103
   -53.94704     2.86100     0.00001     0.00000     0.00001     0.00000     0.00000     0.00001     0.00000     0.00000     2.86103
   -53.91204     2.86100     0.00001     0.00000     0.00001     0.00000     0.00000     0.00001     0.00000     0.00000     2.86103
   -53.87604     2.86100     0.00001     0.00000     0.00001     0.00000     0.00000     0.00001     0.00000     0.00000     2.86103
   -53.84104     2.86100     0.00001     0.00000     0.00001     0.00000     0.00000     0.00001     0.00000     0.00000     2.86103
   -53.80504     2.86100     0.00001     0.00000     0.00001     0.00000     0.00000     0.00001     0.00000     0.00000     2.86103
   -53.77004     2.86100     0.00001     0.00000     0.00001     0.00000     0.00000     0.00001     0.00000     0.00000     2.86103
   -53.73404     2.86100     0.00001     0.00000     0.00001     0.00000     0.00000     0.00001     0.00000     0.00000     2.86103
   -53.69904     2.86100     0.00001     0.00000     0.00001     0.00000     0.00000     0.00001     0.00000     0.00000     2.86103
   -53.66304     2.86100     0.00001     0.00000     0.00001     0.00000     0.00000     0.00001     0.00000     0.00000     2.86103
   -53.62804     2.86100     0.00001     0.00000     0.00001     0.00000     0.00000     0.00001     0.00000     0.00000     2.86103
   -53.59304     2.86100     0.00001     0.00000     0.00001     0.00000     0.00000     0.00001     0.00000     0.00000     2.86103
   -53.55704     2.86100     0.00001     0.00000     0.00001     0.00000     0.00000     0.00001     0.00000     0.00000     2.86103
   -53.52204     2.86100     0.00001     0.00000     0.00001     0.00000     0.00000     0.00001     0.00000     0.00000     2.86103
   -53.48604     2.86100     0.00001     0.00000     0.00001     0.00000     0.00000     0.00001     0.00000     0.00000     2.86103
   -53.45104     2.86100     0.00001     0.00000     0.00001     0.00000     0.00000     0.00001     0.00000     0.00000     2.86103
   -53.41504     2.86100     0.00001     0.00000     0.00001     0.00000     0.00000     0.00001     0.00000     0.00000     2.86103
   -53.38004     2.86100     0.00001     0.00000     0.00001     0.00000     0.00000     0.00001     0.00000     0.00000     2.86103
   -53.34404     2.86100     0.00001     0.00000     0.00001     0.00000     0.00000     0.00001     0.00000     0.00000     2.86103
   -53.30904     2.86100     0.00001     0.00000     0.00001     0.00000     0.00000     0.00001     0.00000     0.00000     2.86103
   -53.27404     2.86100     0.00001     0.00000     0.00001     0.00000     0.00000     0.00001     0.00000     0.00000     2.86103
   -53.23804     2.86100     0.00001     0.00000     0.00001     0.00000     0.00000     0.00001     0.00000     0.00000     2.86103
   -53.20304     2.86100     0.00001     0.00000     0.00001     0.00000     0.00000     0.00001     0.00000     0.00000     2.86103
   -53.16704     2.86100     0.00001     0.00000     0.00001     0.00000     0.00000     0.00001     0.00000     0.00000     2.86103
   -53.13204     2.86100     0.00001     0.00000     0.00001     0.00000     0.00000     0.00001     0.00000     0.00000     2.86103
   -53.09604     2.86100     0.00001     0.00000     0.00001     0.00000     0.00000     0.00001     0.00000     0.00000     2.86103
   -53.06104     2.86100     0.00001     0.00000     0.00001     0.00000     0.00000     0.00001     0.00000     0.00000     2.86103
   -53.02504     2.86100     0.00001     0.00000     0.00001     0.00000     0.00000     0.00001     0.00000     0.00000     2.86103
   -52.99004     2.86100     0.00001     0.00000     0.00001     0.00000     0.00000     0.00001     0.00000     0.00000     2.86103
   -52.95504     2.86100     0.00001     0.00000     0.00001     0.00000     0.00000     0.00001     0.00000     0.00000     2.86103
   -52.91904     2.86100     0.00001     0.00000     0.00001     0.00000     0.00000     0.00001     0.00000     0.00000     2.86103
   -52.88404     2.86100     0.00001     0.00000     0.00001     0.00000     0.00000     0.00001     0.00000     0.00000     2.86103
   -52.84804     2.86100     0.00001     0.00000     0.00001     0.00000     0.00000     0.00001     0.00000     0.00000     2.86103
   -52.81304     2.86100     0.00001     0.00000     0.00001     0.00000     0.00000     0.00001     0.00000     0.00000     2.86103
   -52.77704     2.86100     0.00001     0.00000     0.00001     0.00000     0.00000     0.00001     0.00000     0.00000     2.86103
   -52.74204     2.86100     0.00001     0.00000     0.00001     0.00000     0.00000     0.00001     0.00000     0.00000     2.86103
   -52.70604     2.86100     0.00001     0.00000     0.00001     0.00000     0.00000     0.00001     0.00000     0.00000     2.86103
   -52.67104     2.86100     0.00001     0.00000     0.00001     0.00000     0.00000     0.00001     0.00000     0.00000     2.86103
   -52.63604     2.86100     0.00001     0.00000     0.00001     0.00000     0.00000     0.00001     0.00000     0.00000     2.86103
   -52.60004     2.86100     0.00001     0.00000     0.00001     0.00000     0.00000     0.00001     0.00000     0.00000     2.86103
   -52.56504     2.86100     0.00001     0.00000     0.00001     0.00000     0.00000     0.00001     0.00000     0.00000     2.86103
   -52.52904     2.86100     0.00001     0.00000     0.00001     0.00000     0.00000     0.00001     0.00000     0.00000     2.86103
   -52.49404     2.86100     0.00001     0.00000     0.00001     0.00000     0.00000     0.00001     0.00000     0.00000     2.86103
   -52.45804     2.86100     0.00001     0.00000     0.00001     0.00000     0.00000     0.00001     0.00000     0.00000     2.86103
   -52.42304     2.86100     0.00001     0.00000     0.00001     0.00000     0.00000     0.00001     0.00000     0.00000     2.86103
   -52.38704     2.86100     0.00001     0.00000     0.00001     0.00000     0.00000     0.00001     0.00000     0.00000     2.86103
   -52.35204     2.86100     0.00001     0.00000     0.00001     0.00000     0.00000     0.00001     0.00000     0.00000     2.86103
   -52.31704     2.86100     0.00001     0.00000     0.00001     0.00000     0.00000     0.00001     0.00000     0.00000     2.86103
   -52.28104     2.86100     0.00001     0.00000     0.00001     0.00000     0.00000     0.00001     0.00000     0.00000     2.86103
   -52.24604     2.86100     0.00001     0.00000     0.00001     0.00000     0.00000     0.00001     0.00000     0.00000     2.86103
   -52.21004     2.86100     0.00001     0.00000     0.00001     0.00000     0.00000     0.00001     0.00000     0.00000     2.86103
   -52.17504     2.86100     0.00001     0.00000     0.00001     0.00000     0.00000     0.00001     0.00000     0.00000     2.86103
   -52.13904     2.86100     0.00001     0.00000     0.00001     0.00000     0.00000     0.00001     0.00000     0.00000     2.86103
   -52.10404     2.86100     0.00001     0.00000     0.00001     0.00000     0.00000     0.00001     0.00000     0.00000     2.86103
   -52.06904     2.86100     0.00001     0.00000     0.00001     0.00000     0.00000     0.00001     0.00000     0.00000     2.86103
   -52.03304     2.86100     0.00001     0.00000     0.00001     0.00000     0.00000     0.00001     0.00000     0.00000     2.86103
   -51.99804     2.86100     0.00001     0.00000     0.00001     0.00000     0.00000     0.00001     0.00000     0.00000     2.86103
   -51.96204     2.86100     0.00001     0.00000     0.00001     0.00000     0.00000     0.00001     0.00000     0.00000     2.86103
   -51.92704     2.86100     0.00001     0.00000     0.00001     0.00000     0.00000     0.00001     0.00000     0.00000     2.86103
   -51.89104     2.86100     0.00001     0.00000     0.00001     0.00000     0.00000     0.00001     0.00000     0.00000     2.86103
   -51.85604     2.86100     0.00001     0.00000     0.00001     0.00000     0.00000     0.00001     0.00000     0.00000     2.86103
   -51.82004     2.86100     0.00001     0.00000     0.00001     0.00000     0.00000     0.00001     0.00000     0.00000     2.86103
   -51.78504     2.86100     0.00001     0.00000     0.00001     0.00000     0.00000     0.00001     0.00000     0.00000     2.86103
   -51.75004     2.86100     0.00001     0.00000     0.00001     0.00000     0.00000     0.00001     0.00000     0.00000     2.86103
   -51.71404     2.86100     0.00001     0.00000     0.00001     0.00000     0.00000     0.00001     0.00000     0.00000     2.86103
   -51.67904     2.86100     0.00001     0.00000     0.00001     0.00000     0.00000     0.00001     0.00000     0.00000     2.86103
   -51.64304     2.86100     0.00001     0.00000     0.00001     0.00000     0.00000     0.00001     0.00000     0.00000     2.86103
   -51.60804     2.86100     0.00001     0.00000     0.00001     0.00000     0.00000     0.00001     0.00000     0.00000     2.86103
   -51.57204     2.86100     0.00001     0.00000     0.00001     0.00000     0.00000     0.00001     0.00000     0.00000     2.86103
   -51.53704     2.86100     0.00001     0.00000     0.00001     0.00000     0.00000     0.00001     0.00000     0.00000     2.86103
   -51.50104     2.86100     0.00001     0.00000     0.00001     0.00000     0.00000     0.00001     0.00000     0.00000     2.86103
   -51.46604     2.86100     0.00001     0.00000     0.00001     0.00000     0.00000     0.00001     0.00000     0.00000     2.86103
   -51.43104     2.86100     0.00001     0.00000     0.00001     0.00000     0.00000     0.00001     0.00000     0.00000     2.86103
   -51.39504     2.86100     0.00001     0.00000     0.00001     0.00000     0.00000     0.00001     0.00000     0.00000     2.86103
   -51.36004     2.86100     0.00001     0.00000     0.00001     0.00000     0.00000     0.00001     0.00000     0.00000     2.86103
   -51.32404     2.86100     0.00001     0.00000     0.00001     0.00000     0.00000     0.00001     0.00000     0.00000     2.86103
   -51.28904     2.86100     0.00001     0.00000     0.00001     0.00000     0.00000     0.00001     0.00000     0.00000     2.86103
   -51.25304     2.86100     0.00001     0.00000     0.00001     0.00000     0.00000     0.00001     0.00000     0.00000     2.86103
   -51.21804     2.86100     0.00001     0.00000     0.00001     0.00000     0.00000     0.00001     0.00000     0.00000     2.86103
   -51.18204     2.86100     0.00001     0.00000     0.00001     0.00000     0.00000     0.00001     0.00000     0.00000     2.86103
   -51.14704     2.86100     0.00001     0.00000     0.00001     0.00000     0.00000     0.00001     0.00000     0.00000     2.86103
   -51.11204     2.86100     0.00001     0.00000     0.00001     0.00000     0.00000     0.00001     0.00000     0.00000     2.86103
   -51.07604     2.86100     0.00001     0.00000     0.00001     0.00000     0.00000     0.00001     0.00000     0.00000     2.86103
   -51.04104     2.86100     0.00001     0.00000     0.00001     0.00000     0.00000     0.00001     0.00000     0.00000     2.86103
   -51.00504     2.86100     0.00001     0.00000     0.00001     0.00000     0.00000     0.00001     0.00000     0.00000     2.86103
   -50.97004     2.86100     0.00001     0.00000     0.00001     0.00000     0.00000     0.00001     0.00000     0.00000     2.86103
   -50.93404     2.86100     0.00001     0.00000     0.00001     0.00000     0.00000     0.00001     0.00000     0.00000     2.86103
   -50.89904     2.86100     0.00001     0.00000     0.00001     0.00000     0.00000     0.00001     0.00000     0.00000     2.86103
   -50.86304     2.86100     0.00001     0.00000     0.00001     0.00000     0.00000     0.00001     0.00000     0.00000     2.86103
   -50.82804     2.86100     0.00001     0.00000     0.00001     0.00000     0.00000     0.00001     0.00000     0.00000     2.86103
   -50.79304     2.86100     0.00001     0.00000     0.00001     0.00000     0.00000     0.00001     0.00000     0.00000     2.86103
   -50.75704     2.86100     0.00001     0.00000     0.00001     0.00000     0.00000     0.00001     0.00000     0.00000     2.86103
   -50.72204     2.86100     0.00001     0.00000     0.00001     0.00000     0.00000     0.00001     0.00000     0.00000     2.86103
   -50.68604     2.86100     0.00001     0.00000     0.00001     0.00000     0.00000     0.00001     0.00000     0.00000     2.86103
   -50.65104     2.86100     0.00001     0.00000     0.00001     0.00000     0.00000     0.00001     0.00000     0.00000     2.86103
   -50.61504     2.86100     0.00001     0.00000     0.00001     0.00000     0.00000     0.00001     0.00000     0.00000     2.86103
   -50.58004     2.86100     0.00001     0.00000     0.00001     0.00000     0.00000     0.00001     0.00000     0.00000     2.86103
   -50.54404     2.86100     0.00001     0.00000     0.00001     0.00000     0.00000     0.00001     0.00000     0.00000     2.86103
   -50.50904     2.86100     0.00001     0.00000     0.00001     0.00000     0.00000     0.00001     0.00000     0.00000     2.86103
   -50.47404     2.86100     0.00001     0.00000     0.00001     0.00000     0.00000     0.00001     0.00000     0.00000     2.86103
   -50.43804     2.86100     0.00001     0.00000     0.00001     0.00000     0.00000     0.00001     0.00000     0.00000     2.86103
   -50.40304     2.86100     0.00001     0.00000     0.00001     0.00000     0.00000     0.00001     0.00000     0.00000     2.86103
   -50.36704     2.86100     0.00001     0.00000     0.00001     0.00000     0.00000     0.00001     0.00000     0.00000     2.86103
   -50.33204     2.86100     0.00001     0.00000     0.00001     0.00000     0.00000     0.00001     0.00000     0.00000     2.86103
   -50.29604     2.86100     0.00001     0.00000     0.00001     0.00000     0.00000     0.00001     0.00000     0.00000     2.86103
   -50.26104     2.86100     0.00001     0.00000     0.00001     0.00000     0.00000     0.00001     0.00000     0.00000     2.86103
   -50.22504     2.86100     0.00001     0.00000     0.00001     0.00000     0.00000     0.00001     0.00000     0.00000     2.86103
   -50.19004     2.86100     0.00001     0.00000     0.00001     0.00000     0.00000     0.00001     0.00000     0.00000     2.86103
   -50.15504     2.86100     0.00001     0.00000     0.00001     0.00000     0.00000     0.00001     0.00000     0.00000     2.86103
   -50.11904     2.86100     0.00001     0.00000     0.00001     0.00000     0.00000     0.00001     0.00000     0.00000     2.86103
   -50.08404     2.86100     0.00001     0.00000     0.00001     0.00000     0.00000     0.00001     0.00000     0.00000     2.86103
   -50.04804     2.86100     0.00001     0.00000     0.00001     0.00000     0.00000     0.00001     0.00000     0.00000     2.86103
   -50.01304     2.86100     0.00001     0.00000     0.00001     0.00000     0.00000     0.00001     0.00000     0.00000     2.86103
   -49.97704     2.86100     0.00001     0.00000     0.00001     0.00000     0.00000     0.00001     0.00000     0.00000     2.86103
   -49.94204     2.86100     0.00001     0.00000     0.00001     0.00000     0.00000     0.00001     0.00000     0.00000     2.86103
   -49.90604     2.86100     0.00001     0.00000     0.00001     0.00000     0.00000     0.00001     0.00000     0.00000     2.86103
   -49.87104     2.86100     0.00001     0.00000     0.00001     0.00000     0.00000     0.00001     0.00000     0.00000     2.86103
   -49.83604     2.86100     0.00001     0.00000     0.00001     0.00000     0.00000     0.00001     0.00000     0.00000     2.86103
   -49.80004     2.86100     0.00001     0.00000     0.00001     0.00000     0.00000     0.00001     0.00000     0.00000     2.86103
   -49.76504     2.86100     0.00001     0.00000     0.00001     0.00000     0.00000     0.00001     0.00000     0.00000     2.86103
   -49.72904     2.86100     0.00001     0.00000     0.00001     0.00000     0.00000     0.00001     0.00000     0.00000     2.86103
   -49.69404     2.86100     0.00001     0.00000     0.00001     0.00000     0.00000     0.00001     0.00000     0.00000     2.86103
   -49.65804     2.86100     0.00001     0.00000     0.00001     0.00000     0.00000     0.00001     0.00000     0.00000     2.86103
   -49.62304     2.86100     0.00001     0.00000     0.00001     0.00000     0.00000     0.00001     0.00000     0.00000     2.86103
   -49.58704     2.86100     0.00001     0.00000     0.00001     0.00000     0.00000     0.00001     0.00000     0.00000     2.86103
   -49.55204     2.86100     0.00001     0.00000     0.00001     0.00000     0.00000     0.00001     0.00000     0.00000     2.86103
   -49.51704     2.86100     0.00001     0.00000     0.00001     0.00000     0.00000     0.00001     0.00000     0.00000     2.86103
   -49.48104     2.86100     0.00001     0.00000     0.00001     0.00000     0.00000     0.00001     0.00000     0.00000     2.86103
   -49.44604     2.86100     0.00001     0.00000     0.00001     0.00000     0.00000     0.00001     0.00000     0.00000     2.86103
   -49.41004     2.86100     0.00001     0.00000     0.00001     0.00000     0.00000     0.00001     0.00000     0.00000     2.86103
   -49.37504     2.86100     0.00001     0.00000     0.00001     0.00000     0.00000     0.00001     0.00000     0.00000     2.86103
   -49.33904     2.86100     0.00001     0.00000     0.00001     0.00000     0.00000     0.00001     0.00000     0.00000     2.86103
   -49.30404     2.86100     0.00001     0.00000     0.00001     0.00000     0.00000     0.00001     0.00000     0.00000     2.86103
   -49.26904     2.86100     0.00001     0.00000     0.00001     0.00000     0.00000     0.00001     0.00000     0.00000     2.86103
   -49.23304     2.86100     0.00001     0.00000     0.00001     0.00000     0.00000     0.00001     0.00000     0.00000     2.86103
   -49.19804     2.86100     0.00001     0.00000     0.00001     0.00000     0.00000     0.00001     0.00000     0.00000     2.86103
   -49.16204     2.86100     0.00001     0.00000     0.00001     0.00000     0.00000     0.00001     0.00000     0.00000     2.86103
   -49.12704     2.86100     0.00001     0.00000     0.00001     0.00000     0.00000     0.00001     0.00000     0.00000     2.86103
   -49.09104     2.86100     0.00001     0.00000     0.00001     0.00000     0.00000     0.00001     0.00000     0.00000     2.86103
   -49.05604     2.86100     0.00001     0.00000     0.00001     0.00000     0.00000     0.00001     0.00000     0.00000     2.86103
   -49.02004     2.86100     0.00001     0.00000     0.00001     0.00000     0.00000     0.00001     0.00000     0.00000     2.86103
   -48.98504     2.86100     0.00001     0.00000     0.00001     0.00000     0.00000     0.00001     0.00000     0.00000     2.86103
   -48.95004     2.86100     0.00001     0.00000     0.00001     0.00000     0.00000     0.00001     0.00000     0.00000     2.86103
   -48.91404     2.86100     0.00001     0.00000     0.00001     0.00000     0.00000     0.00001     0.00000     0.00000     2.86103
   -48.87904     2.86100     0.00001     0.00000     0.00001     0.00000     0.00000     0.00001     0.00000     0.00000     2.86103
   -48.84304     2.86100     0.00001     0.00000     0.00001     0.00000     0.00000     0.00001     0.00000     0.00000     2.86103
   -48.80804     2.86100     0.00001     0.00000     0.00001     0.00000     0.00000     0.00001     0.00000     0.00000     2.86103
   -48.77204     2.86100     0.00001     0.00000     0.00001     0.00000     0.00000     0.00001     0.00000     0.00000     2.86103
   -48.73704     2.86100     0.00001     0.00000     0.00001     0.00000     0.00000     0.00001     0.00000     0.00000     2.86103
   -48.70104     2.86100     0.00001     0.00000     0.00001     0.00000     0.00000     0.00001     0.00000     0.00000     2.86103
   -48.66604     2.86100     0.00001     0.00000     0.00001     0.00000     0.00000     0.00001     0.00000     0.00000     2.86103
   -48.63104     2.86100     0.00001     0.00000     0.00001     0.00000     0.00000     0.00001     0.00000     0.00000     2.86103
   -48.59504     2.86100     0.00001     0.00000     0.00001     0.00000     0.00000     0.00001     0.00000     0.00000     2.86103
   -48.56004     2.86100     0.00001     0.00000     0.00001     0.00000     0.00000     0.00001     0.00000     0.00000     2.86103
   -48.52404     2.86100     0.00001     0.00000     0.00001     0.00000     0.00000     0.00001     0.00000     0.00000     2.86103
   -48.48904     2.86100     0.00001     0.00000     0.00001     0.00000     0.00000     0.00001     0.00000     0.00000     2.86103
   -48.45304     2.86100     0.00001     0.00000     0.00001     0.00000     0.00000     0.00001     0.00000     0.00000     2.86103
   -48.41804     2.86100     0.00001     0.00000     0.00001     0.00000     0.00000     0.00001     0.00000     0.00000     2.86103
   -48.38204     2.86100     0.00001     0.00000     0.00001     0.00000     0.00000     0.00001     0.00000     0.00000     2.86103
   -48.34704     2.86100     0.00001     0.00000     0.00001     0.00000     0.00000     0.00001     0.00000     0.00000     2.86103
   -48.31204     2.86100     0.00001     0.00000     0.00001     0.00000     0.00000     0.00001     0.00000     0.00000     2.86103
   -48.27604     2.86100     0.00001     0.00000     0.00001     0.00000     0.00000     0.00001     0.00000     0.00000     2.86103
   -48.24104     2.86100     0.00001     0.00000     0.00001     0.00000     0.00000     0.00001     0.00000     0.00000     2.86103
   -48.20504     2.86100     0.00001     0.00000     0.00001     0.00000     0.00000     0.00001     0.00000     0.00000     2.86103
   -48.17004     2.86100     0.00001     0.00000     0.00001     0.00000     0.00000     0.00001     0.00000     0.00000     2.86103
   -48.13404     2.86100     0.00001     0.00000     0.00001     0.00000     0.00000     0.00001     0.00000     0.00000     2.86103
   -48.09904     2.86100     0.00001     0.00000     0.00001     0.00000     0.00000     0.00001     0.00000     0.00000     2.86103
   -48.06304     2.86100     0.00001     0.00000     0.00001     0.00000     0.00000     0.00001     0.00000     0.00000     2.86103
   -48.02804     2.86100     0.00001     0.00000     0.00001     0.00000     0.00000     0.00001     0.00000     0.00000     2.86103
   -47.99304     2.86100     0.00001     0.00000     0.00001     0.00000     0.00000     0.00001     0.00000     0.00000     2.86103
   -47.95704     2.86100     0.00001     0.00000     0.00001     0.00000     0.00000     0.00001     0.00000     0.00000     2.86103
   -47.92204     2.86100     0.00001     0.00000     0.00001     0.00000     0.00000     0.00001     0.00000     0.00000     2.86103
   -47.88604     2.86100     0.00001     0.00000     0.00001     0.00000     0.00000     0.00001     0.00000     0.00000     2.86103
   -47.85104     2.86100     0.00001     0.00000     0.00001     0.00000     0.00000     0.00001     0.00000     0.00000     2.86103
   -47.81504     2.86100     0.00001     0.00000     0.00001     0.00000     0.00000     0.00001     0.00000     0.00000     2.86103
   -47.78004     2.86100     0.00001     0.00000     0.00001     0.00000     0.00000     0.00001     0.00000     0.00000     2.86103
   -47.74404     2.86100     0.00001     0.00000     0.00001     0.00000     0.00000     0.00001     0.00000     0.00000     2.86103
   -47.70904     2.86100     0.00001     0.00000     0.00001     0.00000     0.00000     0.00001     0.00000     0.00000     2.86103
   -47.67404     2.86100     0.00001     0.00000     0.00001     0.00000     0.00000     0.00001     0.00000     0.00000     2.86103
   -47.63804     2.86100     0.00001     0.00000     0.00001     0.00000     0.00000     0.00001     0.00000     0.00000     2.86103
   -47.60304     2.86100     0.00001     0.00000     0.00001     0.00000     0.00000     0.00001     0.00000     0.00000     2.86103
   -47.56704     2.86100     0.00001     0.00000     0.00001     0.00000     0.00000     0.00001     0.00000     0.00000     2.86103
   -47.53204     2.86100     0.00001     0.00000     0.00001     0.00000     0.00000     0.00001     0.00000     0.00000     2.86103
   -47.49604     2.86100     0.00001     0.00000     0.00001     0.00000     0.00000     0.00001     0.00000     0.00000     2.86103
   -47.46104     2.86100     0.00001     0.00000     0.00001     0.00000     0.00000     0.00001     0.00000     0.00000     2.86103
   -47.42504     2.86100     0.00001     0.00000     0.00001     0.00000     0.00000     0.00001     0.00000     0.00000     2.86103
   -47.39004     2.86100     0.00001     0.00000     0.00001     0.00000     0.00000     0.00001     0.00000     0.00000     2.86103
   -47.35504     2.86100     0.00001     0.00000     0.00001     0.00000     0.00000     0.00001     0.00000     0.00000     2.86103
   -47.31904     2.86100     0.00001     0.00000     0.00001     0.00000     0.00000     0.00001     0.00000     0.00000     2.86103
   -47.28404     2.86100     0.00001     0.00000     0.00001     0.00000     0.00000     0.00001     0.00000     0.00000     2.86103
   -47.24804     2.86100     0.00001     0.00000     0.00001     0.00000     0.00000     0.00001     0.00000     0.00000     2.86103
   -47.21304     2.86100     0.00001     0.00000     0.00001     0.00000     0.00000     0.00001     0.00000     0.00000     2.86103
   -47.17704     2.86100     0.00001     0.00000     0.00001     0.00000     0.00000     0.00001     0.00000     0.00000     2.86103
   -47.14204     2.86100     0.00001     0.00000     0.00001     0.00000     0.00000     0.00001     0.00000     0.00000     2.86103
   -47.10604     2.86100     0.00001     0.00000     0.00001     0.00000     0.00000     0.00001     0.00000     0.00000     2.86103
   -47.07104     2.86100     0.00001     0.00000     0.00001     0.00000     0.00000     0.00001     0.00000     0.00000     2.86103
   -47.03604     2.86100     0.00001     0.00000     0.00001     0.00000     0.00000     0.00001     0.00000     0.00000     2.86103
   -47.00004     2.86100     0.00001     0.00000     0.00001     0.00000     0.00000     0.00001     0.00000     0.00000     2.86103
   -46.96504     2.86100     0.00001     0.00000     0.00001     0.00000     0.00000     0.00001     0.00000     0.00000     2.86103
   -46.92904     2.86100     0.00001     0.00000     0.00001     0.00000     0.00000     0.00001     0.00000     0.00000     2.86103
   -46.89404     2.86100     0.00001     0.00000     0.00001     0.00000     0.00000     0.00001     0.00000     0.00000     2.86103
   -46.85804     2.86100     0.00001     0.00000     0.00001     0.00000     0.00000     0.00001     0.00000     0.00000     2.86103
   -46.82304     2.86100     0.00001     0.00000     0.00001     0.00000     0.00000     0.00001     0.00000     0.00000     2.86103
   -46.78704     2.86100     0.00001     0.00000     0.00001     0.00000     0.00000     0.00001     0.00000     0.00000     2.86103
   -46.75204     2.86100     0.00001     0.00000     0.00001     0.00000     0.00000     0.00001     0.00000     0.00000     2.86103
   -46.71704     2.86100     0.00001     0.00000     0.00001     0.00000     0.00000     0.00001     0.00000     0.00000     2.86103
   -46.68104     2.86100     0.00001     0.00000     0.00001     0.00000     0.00000     0.00001     0.00000     0.00000     2.86103
   -46.64604     2.86100     0.00001     0.00000     0.00001     0.00000     0.00000     0.00001     0.00000     0.00000     2.86103
   -46.61004     2.86100     0.00001     0.00000     0.00001     0.00000     0.00000     0.00001     0.00000     0.00000     2.86103
   -46.57504     2.86100     0.00001     0.00000     0.00001     0.00000     0.00000     0.00001     0.00000     0.00000     2.86103
   -46.53904     2.86100     0.00001     0.00000     0.00001     0.00000     0.00000     0.00001     0.00000     0.00000     2.86103
   -46.50404     2.86100     0.00001     0.00000     0.00001     0.00000     0.00000     0.00001     0.00000     0.00000     2.86103
   -46.46804     2.86100     0.00001     0.00000     0.00001     0.00000     0.00000     0.00001     0.00000     0.00000     2.86103
   -46.43304     2.86100     0.00001     0.00000     0.00001     0.00000     0.00000     0.00001     0.00000     0.00000     2.86103
   -46.39804     2.86100     0.00001     0.00000     0.00001     0.00000     0.00000     0.00001     0.00000     0.00000     2.86103
   -46.36204     2.86100     0.00001     0.00000     0.00001     0.00000     0.00000     0.00001     0.00000     0.00000     2.86103
   -46.32704     2.86100     0.00001     0.00000     0.00001     0.00000     0.00000     0.00001     0.00000     0.00000     2.86103
   -46.29104     2.86100     0.00001     0.00000     0.00001     0.00000     0.00000     0.00001     0.00000     0.00000     2.86103
   -46.25604     2.86100     0.00001     0.00000     0.00001     0.00000     0.00000     0.00001     0.00000     0.00000     2.86103
   -46.22004     2.86100     0.00001     0.00000     0.00001     0.00000     0.00000     0.00001     0.00000     0.00000     2.86103
   -46.18504     2.86100     0.00001     0.00000     0.00001     0.00000     0.00000     0.00001     0.00000     0.00000     2.86103
   -46.15004     2.86100     0.00001     0.00000     0.00001     0.00000     0.00000     0.00001     0.00000     0.00000     2.86103
   -46.11404     2.86100     0.00001     0.00000     0.00001     0.00000     0.00000     0.00001     0.00000     0.00000     2.86103
   -46.07904     2.86100     0.00001     0.00000     0.00001     0.00000     0.00000     0.00001     0.00000     0.00000     2.86103
   -46.04304     2.86100     0.00001     0.00000     0.00001     0.00000     0.00000     0.00001     0.00000     0.00000     2.86103
   -46.00804     2.86100     0.00001     0.00000     0.00001     0.00000     0.00000     0.00001     0.00000     0.00000     2.86103
   -45.97204     2.86100     0.00001     0.00000     0.00001     0.00000     0.00000     0.00001     0.00000     0.00000     2.86103
   -45.93704     2.86100     0.00001     0.00000     0.00001     0.00000     0.00000     0.00001     0.00000     0.00000     2.86103
   -45.90104     2.86100     0.00001     0.00000     0.00001     0.00000     0.00000     0.00001     0.00000     0.00000     2.86103
   -45.86604     2.86100     0.00001     0.00000     0.00001     0.00000     0.00000     0.00001     0.00000     0.00000     2.86103
   -45.83104     2.86100     0.00001     0.00000     0.00001     0.00000     0.00000     0.00001     0.00000     0.00000     2.86103
   -45.79504     2.86100     0.00001     0.00000     0.00001     0.00000     0.00000     0.00001     0.00000     0.00000     2.86103
   -45.76004     2.86100     0.00001     0.00000     0.00001     0.00000     0.00000     0.00001     0.00000     0.00000     2.86103
   -45.72404     2.86100     0.00001     0.00000     0.00001     0.00000     0.00000     0.00001     0.00000     0.00000     2.86103
   -45.68904     2.86100     0.00001     0.00000     0.00001     0.00000     0.00000     0.00001     0.00000     0.00000     2.86103
   -45.65304     2.86100     0.00001     0.00000     0.00001     0.00000     0.00000     0.00001     0.00000     0.00000     2.86103
   -45.61804     2.86100     0.00001     0.00000     0.00001     0.00000     0.00000     0.00001     0.00000     0.00000     2.86103
   -45.58204     2.86100     0.00001     0.00000     0.00001     0.00000     0.00000     0.00001     0.00000     0.00000     2.86103
   -45.54704     2.86100     0.00001     0.00000     0.00001     0.00000     0.00000     0.00001     0.00000     0.00000     2.86103
   -45.51204     2.86100     0.00001     0.00000     0.00001     0.00000     0.00000     0.00001     0.00000     0.00000     2.86103
   -45.47604     2.86100     0.00001     0.00000     0.00001     0.00000     0.00000     0.00001     0.00000     0.00000     2.86103
   -45.44104     2.86100     0.00001     0.00000     0.00001     0.00000     0.00000     0.00001     0.00000     0.00000     2.86103
   -45.40504     2.86100     0.00001     0.00000     0.00001     0.00000     0.00000     0.00001     0.00000     0.00000     2.86103
   -45.37004     2.86100     0.00001     0.00000     0.00001     0.00000     0.00000     0.00001     0.00000     0.00000     2.86103
   -45.33404     2.86100     0.00001     0.00000     0.00001     0.00000     0.00000     0.00001     0.00000     0.00000     2.86103
   -45.29904     2.86100     0.00001     0.00000     0.00001     0.00000     0.00000     0.00001     0.00000     0.00000     2.86103
   -45.26304     2.86100     0.00001     0.00000     0.00001     0.00000     0.00000     0.00001     0.00000     0.00000     2.86103
   -45.22804     2.86100     0.00001     0.00000     0.00001     0.00000     0.00000     0.00001     0.00000     0.00000     2.86103
   -45.19304     2.86100     0.00001     0.00000     0.00001     0.00000     0.00000     0.00001     0.00000     0.00000     2.86103
   -45.15704     2.86100     0.00001     0.00000     0.00001     0.00000     0.00000     0.00001     0.00000     0.00000     2.86103
   -45.12204     2.86100     0.00001     0.00000     0.00001     0.00000     0.00000     0.00001     0.00000     0.00000     2.86103
   -45.08604     2.86100     0.00001     0.00000     0.00001     0.00000     0.00000     0.00001     0.00000     0.00000     2.86103
   -45.05104     2.86100     0.00001     0.00000     0.00001     0.00000     0.00000     0.00001     0.00000     0.00000     2.86103
   -45.01504     2.86100     0.00001     0.00000     0.00001     0.00000     0.00000     0.00001     0.00000     0.00000     2.86103
   -44.98004     2.86100     0.00001     0.00000     0.00001     0.00000     0.00000     0.00001     0.00000     0.00000     2.86103
   -44.94404     2.86100     0.00001     0.00000     0.00001     0.00000     0.00000     0.00001     0.00000     0.00000     2.86103
   -44.90904     2.86100     0.00001     0.00000     0.00001     0.00000     0.00000     0.00001     0.00000     0.00000     2.86103
   -44.87404     2.86100     0.00001     0.00000     0.00001     0.00000     0.00000     0.00001     0.00000     0.00000     2.86103
   -44.83804     2.86100     0.00001     0.00000     0.00001     0.00000     0.00000     0.00001     0.00000     0.00000     2.86103
   -44.80304     2.86100     0.00001     0.00000     0.00001     0.00000     0.00000     0.00001     0.00000     0.00000     2.86103
   -44.76704     2.86100     0.00001     0.00000     0.00001     0.00000     0.00000     0.00001     0.00000     0.00000     2.86103
   -44.73204     2.86100     0.00001     0.00000     0.00001     0.00000     0.00000     0.00001     0.00000     0.00000     2.86103
   -44.69604     2.86100     0.00001     0.00000     0.00001     0.00000     0.00000     0.00001     0.00000     0.00000     2.86103
   -44.66104     2.86100     0.00001     0.00000     0.00001     0.00000     0.00000     0.00001     0.00000     0.00000     2.86103
   -44.62504     2.86100     0.00001     0.00000     0.00001     0.00000     0.00000     0.00001     0.00000     0.00000     2.86103
   -44.59004     2.86100     0.00001     0.00000     0.00001     0.00000     0.00000     0.00001     0.00000     0.00000     2.86103
   -44.55504     2.86100     0.00001     0.00000     0.00001     0.00000     0.00000     0.00001     0.00000     0.00000     2.86103
   -44.51904     2.86100     0.00001     0.00000     0.00001     0.00000     0.00000     0.00001     0.00000     0.00000     2.86103
   -44.48404     2.86100     0.00001     0.00000     0.00001     0.00000     0.00000     0.00001     0.00000     0.00000     2.86103
   -44.44804     2.86100     0.00001     0.00000     0.00001     0.00000     0.00000     0.00001     0.00000     0.00000     2.86103
   -44.41304     2.86100     0.00001     0.00000     0.00001     0.00000     0.00000     0.00001     0.00000     0.00000     2.86103
   -44.37704     2.86100     0.00001     0.00000     0.00001     0.00000     0.00000     0.00001     0.00000     0.00000     2.86103
   -44.34204     2.86100     0.00001     0.00000     0.00001     0.00000     0.00000     0.00001     0.00000     0.00000     2.86103
   -44.30604     2.86100     0.00001     0.00000     0.00001     0.00000     0.00000     0.00001     0.00000     0.00000     2.86103
   -44.27104     2.86100     0.00001     0.00000     0.00001     0.00000     0.00000     0.00001     0.00000     0.00000     2.86103
   -44.23604     2.86100     0.00001     0.00000     0.00001     0.00000     0.00000     0.00001     0.00000     0.00000     2.86103
   -44.20004     2.86100     0.00001     0.00000     0.00001     0.00000     0.00000     0.00001     0.00000     0.00000     2.86103
   -44.16504     2.86100     0.00001     0.00000     0.00001     0.00000     0.00000     0.00001     0.00000     0.00000     2.86103
   -44.12904     2.86100     0.00001     0.00000     0.00001     0.00000     0.00000     0.00001     0.00000     0.00000     2.86103
   -44.09404     2.86100     0.00001     0.00000     0.00001     0.00000     0.00000     0.00001     0.00000     0.00000     2.86103
   -44.05804     2.86100     0.00001     0.00000     0.00001     0.00000     0.00000     0.00001     0.00000     0.00000     2.86103
   -44.02304     2.86100     0.00001     0.00000     0.00001     0.00000     0.00000     0.00001     0.00000     0.00000     2.86103
   -43.98704     2.86100     0.00001     0.00000     0.00001     0.00000     0.00000     0.00001     0.00000     0.00000     2.86103
   -43.95204     2.86100     0.00001     0.00000     0.00001     0.00000     0.00000     0.00001     0.00000     0.00000     2.86103
   -43.91704     2.86100     0.00001     0.00000     0.00001     0.00000     0.00000     0.00001     0.00000     0.00000     2.86103
   -43.88104     2.86100     0.00001     0.00000     0.00001     0.00000     0.00000     0.00001     0.00000     0.00000     2.86103
   -43.84604     2.86100     0.00001     0.00000     0.00001     0.00000     0.00000     0.00001     0.00000     0.00000     2.86103
   -43.81004     2.86100     0.00001     0.00000     0.00001     0.00000     0.00000     0.00001     0.00000     0.00000     2.86103
   -43.77504     2.86100     0.00001     0.00000     0.00001     0.00000     0.00000     0.00001     0.00000     0.00000     2.86103
   -43.73904     2.86100     0.00001     0.00000     0.00001     0.00000     0.00000     0.00001     0.00000     0.00000     2.86103
   -43.70404     2.86100     0.00001     0.00000     0.00001     0.00000     0.00000     0.00001     0.00000     0.00000     2.86103
   -43.66804     2.86100     0.00001     0.00000     0.00001     0.00000     0.00000     0.00001     0.00000     0.00000     2.86103
   -43.63304     2.86100     0.00001     0.00000     0.00001     0.00000     0.00000     0.00001     0.00000     0.00000     2.86103
   -43.59804     2.86100     0.00001     0.00000     0.00001     0.00000     0.00000     0.00001     0.00000     0.00000     2.86103
   -43.56204     2.86100     0.00001     0.00000     0.00001     0.00000     0.00000     0.00001     0.00000     0.00000     2.86103
   -43.52704     2.86100     0.00001     0.00000     0.00001     0.00000     0.00000     0.00001     0.00000     0.00000     2.86103
   -43.49104     2.86100     0.00001     0.00000     0.00001     0.00000     0.00000     0.00001     0.00000     0.00000     2.86103
   -43.45604     2.86100     0.00001     0.00000     0.00001     0.00000     0.00000     0.00001     0.00000     0.00000     2.86103
   -43.42004     2.86100     0.00001     0.00000     0.00001     0.00000     0.00000     0.00001     0.00000     0.00000     2.86103
   -43.38504     2.86100     0.00001     0.00000     0.00001     0.00000     0.00000     0.00001     0.00000     0.00000     2.86103
   -43.35004     2.86100     0.00001     0.00000     0.00001     0.00000     0.00000     0.00001     0.00000     0.00000     2.86103
   -43.31404     2.86100     0.00001     0.00000     0.00001     0.00000     0.00000     0.00001     0.00000     0.00000     2.86103
   -43.27904     2.86100     0.00001     0.00000     0.00001     0.00000     0.00000     0.00001     0.00000     0.00000     2.86103
   -43.24304     2.86100     0.00001     0.00000     0.00001     0.00000     0.00000     0.00001     0.00000     0.00000     2.86103
   -43.20804     2.86100     0.00001     0.00000     0.00001     0.00000     0.00000     0.00001     0.00000     0.00000     2.86103
   -43.17204     2.86100     0.00001     0.00000     0.00001     0.00000     0.00000     0.00001     0.00000     0.00000     2.86103
   -43.13704     2.86100     0.00001     0.00000     0.00001     0.00000     0.00000     0.00001     0.00000     0.00000     2.86103
   -43.10104     2.86100     0.00001     0.00000     0.00001     0.00000     0.00000     0.00001     0.00000     0.00000     2.86103
   -43.06604     2.86100     0.00001     0.00000     0.00001     0.00000     0.00000     0.00001     0.00000     0.00000     2.86103
   -43.03104     2.86100     0.00001     0.00000     0.00001     0.00000     0.00000     0.00001     0.00000     0.00000     2.86103
   -42.99504     2.86100     0.00001     0.00000     0.00001     0.00000     0.00000     0.00001     0.00000     0.00000     2.86103
   -42.96004     2.86100     0.00001     0.00000     0.00001     0.00000     0.00000     0.00001     0.00000     0.00000     2.86103
   -42.92404     2.86100     0.00001     0.00000     0.00001     0.00000     0.00000     0.00001     0.00000     0.00000     2.86103
   -42.88904     2.86100     0.00001     0.00000     0.00001     0.00000     0.00000     0.00001     0.00000     0.00000     2.86103
   -42.85304     2.86100     0.00001     0.00000     0.00001     0.00000     0.00000     0.00001     0.00000     0.00000     2.86103
   -42.81804     2.86100     0.00001     0.00000     0.00001     0.00000     0.00000     0.00001     0.00000     0.00000     2.86103
   -42.78204     2.86100     0.00001     0.00000     0.00001     0.00000     0.00000     0.00001     0.00000     0.00000     2.86103
   -42.74704     2.86100     0.00001     0.00000     0.00001     0.00000     0.00000     0.00001     0.00000     0.00000     2.86103
   -42.71204     2.86100     0.00001     0.00000     0.00001     0.00000     0.00000     0.00001     0.00000     0.00000     2.86103
   -42.67604     2.86100     0.00001     0.00000     0.00001     0.00000     0.00000     0.00001     0.00000     0.00000     2.86103
   -42.64104     2.86100     0.00001     0.00000     0.00001     0.00000     0.00000     0.00001     0.00000     0.00000     2.86103
   -42.60504     2.86100     0.00001     0.00000     0.00001     0.00000     0.00000     0.00001     0.00000     0.00000     2.86103
   -42.57004     2.86100     0.00001     0.00000     0.00001     0.00000     0.00000     0.00001     0.00000     0.00000     2.86103
   -42.53404     2.86100     0.00001     0.00000     0.00001     0.00000     0.00000     0.00001     0.00000     0.00000     2.86103
   -42.49904     2.86100     0.00001     0.00000     0.00001     0.00000     0.00000     0.00001     0.00000     0.00000     2.86103
   -42.46304     2.86100     0.00001     0.00000     0.00001     0.00000     0.00000     0.00001     0.00000     0.00000     2.86103
   -42.42804     2.86100     0.00001     0.00000     0.00001     0.00000     0.00000     0.00001     0.00000     0.00000     2.86103
   -42.39304     2.86100     0.00001     0.00000     0.00001     0.00000     0.00000     0.00001     0.00000     0.00000     2.86103
   -42.35704     2.86100     0.00001     0.00000     0.00001     0.00000     0.00000     0.00001     0.00000     0.00000     2.86103
   -42.32204     2.86100     0.00001     0.00000     0.00001     0.00000     0.00000     0.00001     0.00000     0.00000     2.86103
   -42.28604     2.86100     0.00001     0.00000     0.00001     0.00000     0.00000     0.00001     0.00000     0.00000     2.86103
   -42.25104     2.86100     0.00001     0.00000     0.00001     0.00000     0.00000     0.00001     0.00000     0.00000     2.86103
   -42.21504     2.86100     0.00001     0.00000     0.00001     0.00000     0.00000     0.00001     0.00000     0.00000     2.86103
   -42.18004     2.86100     0.00001     0.00000     0.00001     0.00000     0.00000     0.00001     0.00000     0.00000     2.86103
   -42.14404     2.86100     0.00001     0.00000     0.00001     0.00000     0.00000     0.00001     0.00000     0.00000     2.86103
   -42.10904     2.86100     0.00001     0.00000     0.00001     0.00000     0.00000     0.00001     0.00000     0.00000     2.86103
   -42.07404     2.86100     0.00001     0.00000     0.00001     0.00000     0.00000     0.00001     0.00000     0.00000     2.86103
   -42.03804     2.86100     0.00001     0.00000     0.00001     0.00000     0.00000     0.00001     0.00000     0.00000     2.86103
   -42.00304     2.86100     0.00001     0.00000     0.00001     0.00000     0.00000     0.00001     0.00000     0.00000     2.86103
   -41.96704     2.86100     0.00001     0.00000     0.00001     0.00000     0.00000     0.00001     0.00000     0.00000     2.86103
   -41.93204     2.86100     0.00001     0.00000     0.00001     0.00000     0.00000     0.00001     0.00000     0.00000     2.86103
   -41.89604     2.86100     0.00001     0.00000     0.00001     0.00000     0.00000     0.00001     0.00000     0.00000     2.86103
   -41.86104     2.86100     0.00001     0.00000     0.00001     0.00000     0.00000     0.00001     0.00000     0.00000     2.86103
   -41.82504     2.86100     0.00001     0.00000     0.00001     0.00000     0.00000     0.00001     0.00000     0.00000     2.86103
   -41.79004     2.86100     0.00001     0.00000     0.00001     0.00000     0.00000     0.00001     0.00000     0.00000     2.86103
   -41.75504     2.86100     0.00001     0.00000     0.00001     0.00000     0.00000     0.00001     0.00000     0.00000     2.86103
   -41.71904     2.86100     0.00001     0.00000     0.00001     0.00000     0.00000     0.00001     0.00000     0.00000     2.86103
   -41.68404     2.86100     0.00001     0.00000     0.00001     0.00000     0.00000     0.00001     0.00000     0.00000     2.86103
   -41.64804     2.86100     0.00001     0.00000     0.00001     0.00000     0.00000     0.00001     0.00000     0.00000     2.86103
   -41.61304     2.86100     0.00001     0.00000     0.00001     0.00000     0.00000     0.00001     0.00000     0.00000     2.86103
   -41.57704     2.86100     0.00001     0.00000     0.00001     0.00000     0.00000     0.00001     0.00000     0.00000     2.86103
   -41.54204     2.86100     0.00001     0.00000     0.00001     0.00000     0.00000     0.00001     0.00000     0.00000     2.86103
   -41.50604     2.86100     0.00001     0.00000     0.00001     0.00000     0.00000     0.00001     0.00000     0.00000     2.86103
   -41.47104     2.86100     0.00001     0.00000     0.00001     0.00000     0.00000     0.00001     0.00000     0.00000     2.86103
   -41.43604     2.86100     0.00001     0.00000     0.00001     0.00000     0.00000     0.00001     0.00000     0.00000     2.86103
   -41.40004     2.86100     0.00001     0.00000     0.00001     0.00000     0.00000     0.00001     0.00000     0.00000     2.86103
   -41.36504     2.86100     0.00001     0.00000     0.00001     0.00000     0.00000     0.00001     0.00000     0.00000     2.86103
   -41.32904     2.86100     0.00001     0.00000     0.00001     0.00000     0.00000     0.00001     0.00000     0.00000     2.86103
   -41.29404     2.86100     0.00001     0.00000     0.00001     0.00000     0.00000     0.00001     0.00000     0.00000     2.86103
   -41.25804     2.86100     0.00001     0.00000     0.00001     0.00000     0.00000     0.00001     0.00000     0.00000     2.86103
   -41.22304     2.86100     0.00001     0.00000     0.00001     0.00000     0.00000     0.00001     0.00000     0.00000     2.86103
   -41.18704     2.86100     0.00001     0.00000     0.00001     0.00000     0.00000     0.00001     0.00000     0.00000     2.86103
   -41.15204     2.86100     0.00001     0.00000     0.00001     0.00000     0.00000     0.00001     0.00000     0.00000     2.86103
   -41.11704     2.86100     0.00001     0.00000     0.00001     0.00000     0.00000     0.00001     0.00000     0.00000     2.86103
   -41.08104     2.86100     0.00001     0.00000     0.00001     0.00000     0.00000     0.00001     0.00000     0.00000     2.86103
   -41.04604     2.86100     0.00001     0.00000     0.00001     0.00000     0.00000     0.00001     0.00000     0.00000     2.86103
   -41.01004     2.86100     0.00001     0.00000     0.00001     0.00000     0.00000     0.00001     0.00000     0.00000     2.86103
   -40.97504     2.86100     0.00001     0.00000     0.00001     0.00000     0.00000     0.00001     0.00000     0.00000     2.86103
   -40.93904     2.86100     0.00001     0.00000     0.00001     0.00000     0.00000     0.00001     0.00000     0.00000     2.86103
   -40.90404     2.86100     0.00001     0.00000     0.00001     0.00000     0.00000     0.00001     0.00000     0.00000     2.86103
   -40.86804     2.86100     0.00001     0.00000     0.00001     0.00000     0.00000     0.00001     0.00000     0.00000     2.86103
   -40.83304     2.86100     0.00001     0.00000     0.00001     0.00000     0.00000     0.00001     0.00000     0.00000     2.86103
   -40.79804     2.86100     0.00001     0.00000     0.00001     0.00000     0.00000     0.00001     0.00000     0.00000     2.86103
   -40.76204     2.86100     0.00001     0.00000     0.00001     0.00000     0.00000     0.00001     0.00000     0.00000     2.86103
   -40.72704     2.86100     0.00001     0.00000     0.00001     0.00000     0.00000     0.00001     0.00000     0.00000     2.86103
   -40.69104     2.86100     0.00001     0.00000     0.00001     0.00000     0.00000     0.00001     0.00000     0.00000     2.86103
   -40.65604     2.86100     0.00001     0.00000     0.00001     0.00000     0.00000     0.00001     0.00000     0.00000     2.86103
   -40.62004     2.86100     0.00001     0.00000     0.00001     0.00000     0.00000     0.00001     0.00000     0.00000     2.86103
   -40.58504     2.86100     0.00001     0.00000     0.00001     0.00000     0.00000     0.00001     0.00000     0.00000     2.86103
   -40.54904     2.86100     0.00001     0.00000     0.00001     0.00000     0.00000     0.00001     0.00000     0.00000     2.86103
   -40.51404     2.86100     0.00001     0.00000     0.00001     0.00000     0.00000     0.00001     0.00000     0.00000     2.86103
   -40.47904     2.86100     0.00001     0.00000     0.00001     0.00000     0.00000     0.00001     0.00000     0.00000     2.86103
   -40.44304     2.86100     0.00001     0.00000     0.00001     0.00000     0.00000     0.00001     0.00000     0.00000     2.86103
   -40.40804     2.86100     0.00001     0.00000     0.00001     0.00000     0.00000     0.00001     0.00000     0.00000     2.86103
   -40.37204     2.86100     0.00001     0.00000     0.00001     0.00000     0.00000     0.00001     0.00000     0.00000     2.86103
   -40.33704     2.86100     0.00001     0.00000     0.00001     0.00000     0.00000     0.00001     0.00000     0.00000     2.86103
   -40.30104     2.86100     0.00001     0.00000     0.00001     0.00000     0.00000     0.00001     0.00000     0.00000     2.86103
   -40.26604     2.86100     0.00001     0.00000     0.00001     0.00000     0.00000     0.00001     0.00000     0.00000     2.86103
   -40.23104     2.86100     0.00001     0.00000     0.00001     0.00000     0.00000     0.00001     0.00000     0.00000     2.86103
   -40.19504     2.86100     0.00001     0.00000     0.00001     0.00000     0.00000     0.00001     0.00000     0.00000     2.86103
   -40.16004     2.86100     0.00001     0.00000     0.00001     0.00000     0.00000     0.00001     0.00000     0.00000     2.86103
   -40.12404     2.86100     0.00001     0.00000     0.00001     0.00000     0.00000     0.00001     0.00000     0.00000     2.86103
   -40.08904     2.86100     0.00001     0.00000     0.00001     0.00000     0.00000     0.00001     0.00000     0.00000     2.86103
   -40.05304     2.86100     0.00001     0.00000     0.00001     0.00000     0.00000     0.00001     0.00000     0.00000     2.86103
   -40.01804     2.86100     0.00001     0.00000     0.00001     0.00000     0.00000     0.00001     0.00000     0.00000     2.86103
   -39.98204     2.86100     0.00001     0.00000     0.00001     0.00000     0.00000     0.00001     0.00000     0.00000     2.86103
   -39.94704     2.86100     0.00001     0.00000     0.00001     0.00000     0.00000     0.00001     0.00000     0.00000     2.86103
   -39.91204     2.86100     0.00001     0.00000     0.00001     0.00000     0.00000     0.00001     0.00000     0.00000     2.86103
   -39.87604     2.86100     0.00001     0.00000     0.00001     0.00000     0.00000     0.00001     0.00000     0.00000     2.86103
   -39.84104     2.86100     0.00001     0.00000     0.00001     0.00000     0.00000     0.00001     0.00000     0.00000     2.86103
   -39.80504     2.86100     0.00001     0.00000     0.00001     0.00000     0.00000     0.00001     0.00000     0.00000     2.86103
   -39.77004     2.86100     0.00001     0.00000     0.00001     0.00000     0.00000     0.00001     0.00000     0.00000     2.86103
   -39.73404     2.86100     0.00001     0.00000     0.00001     0.00000     0.00000     0.00001     0.00000     0.00000     2.86103
   -39.69904     2.86100     0.00001     0.00000     0.00001     0.00000     0.00000     0.00001     0.00000     0.00000     2.86103
   -39.66304     2.86100     0.00001     0.00000     0.00001     0.00000     0.00000     0.00001     0.00000     0.00000     2.86103
   -39.62804     2.86100     0.00001     0.00000     0.00001     0.00000     0.00000     0.00001     0.00000     0.00000     2.86103
   -39.59304     2.86100     0.00001     0.00000     0.00001     0.00000     0.00000     0.00001     0.00000     0.00000     2.86103
   -39.55704     2.86100     0.00001     0.00000     0.00001     0.00000     0.00000     0.00001     0.00000     0.00000     2.86103
   -39.52204     2.86100     0.00001     0.00000     0.00001     0.00000     0.00000     0.00001     0.00000     0.00000     2.86103
   -39.48604     2.86100     0.00001     0.00000     0.00001     0.00000     0.00000     0.00001     0.00000     0.00000     2.86103
   -39.45104     2.86100     0.00001     0.00000     0.00001     0.00000     0.00000     0.00001     0.00000     0.00000     2.86103
   -39.41504     2.86100     0.00001     0.00000     0.00001     0.00000     0.00000     0.00001     0.00000     0.00000     2.86103
   -39.38004     2.86100     0.00001     0.00000     0.00001     0.00000     0.00000     0.00001     0.00000     0.00000     2.86103
   -39.34404     2.86100     0.00001     0.00000     0.00001     0.00000     0.00000     0.00001     0.00000     0.00000     2.86103
   -39.30904     2.86100     0.00001     0.00000     0.00001     0.00000     0.00000     0.00001     0.00000     0.00000     2.86103
   -39.27404     2.86100     0.00001     0.00000     0.00001     0.00000     0.00000     0.00001     0.00000     0.00000     2.86103
   -39.23804     2.86100     0.00001     0.00000     0.00001     0.00000     0.00000     0.00001     0.00000     0.00000     2.86103
   -39.20304     2.86100     0.00001     0.00000     0.00001     0.00000     0.00000     0.00001     0.00000     0.00000     2.86103
   -39.16704     2.86100     0.00001     0.00000     0.00001     0.00000     0.00000     0.00001     0.00000     0.00000     2.86103
   -39.13204     2.86100     0.00001     0.00000     0.00001     0.00000     0.00000     0.00001     0.00000     0.00000     2.86103
   -39.09604     2.86100     0.00001     0.00000     0.00001     0.00000     0.00000     0.00001     0.00000     0.00000     2.86103
   -39.06104     2.86100     0.00001     0.00000     0.00001     0.00000     0.00000     0.00001     0.00000     0.00000     2.86103
   -39.02504     2.86100     0.00001     0.00000     0.00001     0.00000     0.00000     0.00001     0.00000     0.00000     2.86103
   -38.99004     2.86100     0.00001     0.00000     0.00001     0.00000     0.00000     0.00001     0.00000     0.00000     2.86103
   -38.95504     2.86100     0.00001     0.00000     0.00001     0.00000     0.00000     0.00001     0.00000     0.00000     2.86103
   -38.91904     2.86100     0.00001     0.00000     0.00001     0.00000     0.00000     0.00001     0.00000     0.00000     2.86103
   -38.88404     2.86100     0.00001     0.00000     0.00001     0.00000     0.00000     0.00001     0.00000     0.00000     2.86103
   -38.84804     2.86100     0.00001     0.00000     0.00001     0.00000     0.00000     0.00001     0.00000     0.00000     2.86103
   -38.81304     2.86100     0.00001     0.00000     0.00001     0.00000     0.00000     0.00001     0.00000     0.00000     2.86103
   -38.77704     2.86100     0.00001     0.00000     0.00001     0.00000     0.00000     0.00001     0.00000     0.00000     2.86103
   -38.74204     2.86100     0.00001     0.00000     0.00001     0.00000     0.00000     0.00001     0.00000     0.00000     2.86103
   -38.70604     2.86100     0.00001     0.00000     0.00001     0.00000     0.00000     0.00001     0.00000     0.00000     2.86103
   -38.67104     2.86100     0.00001     0.00000     0.00001     0.00000     0.00000     0.00001     0.00000     0.00000     2.86103
   -38.63604     2.86100     0.00001     0.00000     0.00001     0.00000     0.00000     0.00001     0.00000     0.00000     2.86103
   -38.60004     2.86100     0.00001     0.00000     0.00001     0.00000     0.00000     0.00001     0.00000     0.00000     2.86103
   -38.56504     2.86100     0.00001     0.00000     0.00001     0.00000     0.00000     0.00001     0.00000     0.00000     2.86103
   -38.52904     2.86100     0.00001     0.00000     0.00001     0.00000     0.00000     0.00001     0.00000     0.00000     2.86103
   -38.49404     2.86100     0.00001     0.00000     0.00001     0.00000     0.00000     0.00001     0.00000     0.00000     2.86103
   -38.45804     2.86100     0.00001     0.00000     0.00001     0.00000     0.00000     0.00001     0.00000     0.00000     2.86103
   -38.42304     2.86100     0.00001     0.00000     0.00001     0.00000     0.00000     0.00001     0.00000     0.00000     2.86103
   -38.38704     2.86100     0.00001     0.00000     0.00001     0.00000     0.00000     0.00001     0.00000     0.00000     2.86103
   -38.35204     2.86100     0.00001     0.00000     0.00001     0.00000     0.00000     0.00001     0.00000     0.00000     2.86103
   -38.31704     2.86100     0.00001     0.00000     0.00001     0.00000     0.00000     0.00001     0.00000     0.00000     2.86103
   -38.28104     2.86100     0.00001     0.00000     0.00001     0.00000     0.00000     0.00001     0.00000     0.00000     2.86103
   -38.24604     2.86100     0.00001     0.00000     0.00001     0.00000     0.00000     0.00001     0.00000     0.00000     2.86103
   -38.21004     2.86100     0.00001     0.00000     0.00001     0.00000     0.00000     0.00001     0.00000     0.00000     2.86103
   -38.17504     2.86100     0.00001     0.00000     0.00001     0.00000     0.00000     0.00001     0.00000     0.00000     2.86103
   -38.13904     2.86100     0.00001     0.00000     0.00001     0.00000     0.00000     0.00001     0.00000     0.00000     2.86103
   -38.10404     2.86100     0.00001     0.00000     0.00001     0.00000     0.00000     0.00001     0.00000     0.00000     2.86103
   -38.06804     2.86100     0.00001     0.00000     0.00001     0.00000     0.00000     0.00001     0.00000     0.00000     2.86103
   -38.03304     2.86100     0.00001     0.00000     0.00001     0.00000     0.00000     0.00001     0.00000     0.00000     2.86103
   -37.99804     2.86100     0.00001     0.00000     0.00001     0.00000     0.00000     0.00001     0.00000     0.00000     2.86103
   -37.96204     2.86100     0.00001     0.00000     0.00001     0.00000     0.00000     0.00001     0.00000     0.00000     2.86103
   -37.92704     2.86100     0.00001     0.00000     0.00001     0.00000     0.00000     0.00001     0.00000     0.00000     2.86103
   -37.89104     2.86100     0.00001     0.00000     0.00001     0.00000     0.00000     0.00001     0.00000     0.00000     2.86103
   -37.85604     2.86100     0.00001     0.00000     0.00001     0.00000     0.00000     0.00001     0.00000     0.00000     2.86103
   -37.82004     2.86100     0.00001     0.00000     0.00001     0.00000     0.00000     0.00001     0.00000     0.00000     2.86103
   -37.78504     2.86100     0.00001     0.00000     0.00001     0.00000     0.00000     0.00001     0.00000     0.00000     2.86103
   -37.74904     2.86100     0.00001     0.00000     0.00001     0.00000     0.00000     0.00001     0.00000     0.00000     2.86103
   -37.71404     2.86100     0.00001     0.00000     0.00001     0.00000     0.00000     0.00001     0.00000     0.00000     2.86103
   -37.67904     2.86100     0.00001     0.00000     0.00001     0.00000     0.00000     0.00001     0.00000     0.00000     2.86103
   -37.64304     2.86100     0.00001     0.00000     0.00001     0.00000     0.00000     0.00001     0.00000     0.00000     2.86103
   -37.60804     2.86100     0.00001     0.00000     0.00001     0.00000     0.00000     0.00001     0.00000     0.00000     2.86103
   -37.57204     2.86100     0.00001     0.00000     0.00001     0.00000     0.00000     0.00001     0.00000     0.00000     2.86103
   -37.53704     2.86100     0.00001     0.00000     0.00001     0.00000     0.00000     0.00001     0.00000     0.00000     2.86103
   -37.50104     2.86100     0.00001     0.00000     0.00001     0.00000     0.00000     0.00001     0.00000     0.00000     2.86103
   -37.46604     2.86100     0.00001     0.00000     0.00001     0.00000     0.00000     0.00001     0.00000     0.00000     2.86103
   -37.43104     2.86100     0.00001     0.00000     0.00001     0.00000     0.00000     0.00001     0.00000     0.00000     2.86103
   -37.39504     2.86100     0.00001     0.00000     0.00001     0.00000     0.00000     0.00001     0.00000     0.00000     2.86103
   -37.36004     2.86100     0.00001     0.00000     0.00001     0.00000     0.00000     0.00001     0.00000     0.00000     2.86103
   -37.32404     2.86100     0.00001     0.00000     0.00001     0.00000     0.00000     0.00001     0.00000     0.00000     2.86103
   -37.28904     2.86100     0.00001     0.00000     0.00001     0.00000     0.00000     0.00001     0.00000     0.00000     2.86103
   -37.25304     2.86100     0.00001     0.00000     0.00001     0.00000     0.00000     0.00001     0.00000     0.00000     2.86103
   -37.21804     2.86100     0.00001     0.00000     0.00001     0.00000     0.00000     0.00001     0.00000     0.00000     2.86103
   -37.18204     2.86100     0.00001     0.00000     0.00001     0.00000     0.00000     0.00001     0.00000     0.00000     2.86103
   -37.14704     2.86100     0.00001     0.00000     0.00001     0.00000     0.00000     0.00001     0.00000     0.00000     2.86103
   -37.11204     2.86100     0.00001     0.00000     0.00001     0.00000     0.00000     0.00001     0.00000     0.00000     2.86103
   -37.07604     2.86100     0.00001     0.00000     0.00001     0.00000     0.00000     0.00001     0.00000     0.00000     2.86103
   -37.04104     2.86100     0.00001     0.00000     0.00001     0.00000     0.00000     0.00001     0.00000     0.00000     2.86103
   -37.00504     2.86100     0.00001     0.00000     0.00001     0.00000     0.00000     0.00001     0.00000     0.00000     2.86103
   -36.97004     2.86100     0.00001     0.00000     0.00001     0.00000     0.00000     0.00001     0.00000     0.00000     2.86103
   -36.93404     2.86100     0.00001     0.00000     0.00001     0.00000     0.00000     0.00001     0.00000     0.00000     2.86103
   -36.89904     2.86100     0.00001     0.00000     0.00001     0.00000     0.00000     0.00001     0.00000     0.00000     2.86103
   -36.86304     2.86100     0.00001     0.00000     0.00001     0.00000     0.00000     0.00001     0.00000     0.00000     2.86103
   -36.82804     2.86100     0.00001     0.00000     0.00001     0.00000     0.00000     0.00001     0.00000     0.00000     2.86103
   -36.79304     2.86100     0.00001     0.00000     0.00001     0.00000     0.00000     0.00001     0.00000     0.00000     2.86103
   -36.75704     2.86100     0.00001     0.00000     0.00001     0.00000     0.00000     0.00001     0.00000     0.00000     2.86103
   -36.72204     2.86100     0.00001     0.00000     0.00001     0.00000     0.00000     0.00001     0.00000     0.00000     2.86103
   -36.68604     2.86100     0.00001     0.00000     0.00001     0.00000     0.00000     0.00001     0.00000     0.00000     2.86103
   -36.65104     2.86100     0.00001     0.00000     0.00001     0.00000     0.00000     0.00001     0.00000     0.00000     2.86103
   -36.61504     2.86100     0.00001     0.00000     0.00001     0.00000     0.00000     0.00001     0.00000     0.00000     2.86103
   -36.58004     2.86100     0.00001     0.00000     0.00001     0.00000     0.00000     0.00001     0.00000     0.00000     2.86103
   -36.54404     2.86100     0.00001     0.00000     0.00001     0.00000     0.00000     0.00001     0.00000     0.00000     2.86103
   -36.50904     2.86100     0.00001     0.00000     0.00001     0.00000     0.00000     0.00001     0.00000     0.00000     2.86103
   -36.47404     2.86100     0.00001     0.00000     0.00001     0.00000     0.00000     0.00001     0.00000     0.00000     2.86103
   -36.43804     2.86100     0.00001     0.00000     0.00001     0.00000     0.00000     0.00001     0.00000     0.00000     2.86103
   -36.40304     2.86100     0.00001     0.00000     0.00001     0.00000     0.00000     0.00001     0.00000     0.00000     2.86103
   -36.36704     2.86100     0.00001     0.00000     0.00001     0.00000     0.00000     0.00001     0.00000     0.00000     2.86103
   -36.33204     2.86100     0.00001     0.00000     0.00001     0.00000     0.00000     0.00001     0.00000     0.00000     2.86103
   -36.29604     2.86100     0.00001     0.00000     0.00001     0.00000     0.00000     0.00001     0.00000     0.00000     2.86103
   -36.26104     2.86100     0.00001     0.00000     0.00001     0.00000     0.00000     0.00001     0.00000     0.00000     2.86103
   -36.22504     2.86100     0.00001     0.00000     0.00001     0.00000     0.00000     0.00001     0.00000     0.00000     2.86103
   -36.19004     2.86100     0.00001     0.00000     0.00001     0.00000     0.00000     0.00001     0.00000     0.00000     2.86103
   -36.15504     2.86100     0.00001     0.00000     0.00001     0.00000     0.00000     0.00001     0.00000     0.00000     2.86103
   -36.11904     2.86100     0.00001     0.00000     0.00001     0.00000     0.00000     0.00001     0.00000     0.00000     2.86103
   -36.08404     2.86100     0.00001     0.00000     0.00001     0.00000     0.00000     0.00001     0.00000     0.00000     2.86103
   -36.04804     2.86100     0.00001     0.00000     0.00001     0.00000     0.00000     0.00001     0.00000     0.00000     2.86103
   -36.01304     2.86100     0.00001     0.00000     0.00001     0.00000     0.00000     0.00001     0.00000     0.00000     2.86103
   -35.97704     2.86100     0.00001     0.00000     0.00001     0.00000     0.00000     0.00001     0.00000     0.00000     2.86103
   -35.94204     2.86100     0.00001     0.00000     0.00001     0.00000     0.00000     0.00001     0.00000     0.00000     2.86103
   -35.90604     2.86100     0.00001     0.00000     0.00001     0.00000     0.00000     0.00001     0.00000     0.00000     2.86103
   -35.87104     2.86100     0.00001     0.00000     0.00001     0.00000     0.00000     0.00001     0.00000     0.00000     2.86103
   -35.83604     2.86100     0.00001     0.00000     0.00001     0.00000     0.00000     0.00001     0.00000     0.00000     2.86103
   -35.80004     2.86100     0.00001     0.00000     0.00001     0.00000     0.00000     0.00001     0.00000     0.00000     2.86103
   -35.76504     2.86100     0.00001     0.00000     0.00001     0.00000     0.00000     0.00001     0.00000     0.00000     2.86103
   -35.72904     2.86100     0.00001     0.00000     0.00001     0.00000     0.00000     0.00001     0.00000     0.00000     2.86103
   -35.69404     2.86100     0.00001     0.00000     0.00001     0.00000     0.00000     0.00001     0.00000     0.00000     2.86103
   -35.65804     2.86100     0.00001     0.00000     0.00001     0.00000     0.00000     0.00001     0.00000     0.00000     2.86103
   -35.62304     2.86100     0.00001     0.00000     0.00001     0.00000     0.00000     0.00001     0.00000     0.00000     2.86103
   -35.58704     2.86100     0.00001     0.00000     0.00001     0.00000     0.00000     0.00001     0.00000     0.00000     2.86103
   -35.55204     2.86100     0.00001     0.00000     0.00001     0.00000     0.00000     0.00001     0.00000     0.00000     2.86103
   -35.51704     2.86100     0.00001     0.00000     0.00001     0.00000     0.00000     0.00001     0.00000     0.00000     2.86103
   -35.48104     2.86100     0.00001     0.00000     0.00001     0.00000     0.00000     0.00001     0.00000     0.00000     2.86103
   -35.44604     2.86100     0.00001     0.00000     0.00001     0.00000     0.00000     0.00001     0.00000     0.00000     2.86103
   -35.41004     2.86100     0.00001     0.00000     0.00001     0.00000     0.00000     0.00001     0.00000     0.00000     2.86103
   -35.37504     2.86100     0.00001     0.00000     0.00001     0.00000     0.00000     0.00001     0.00000     0.00000     2.86103
   -35.33904     2.86100     0.00001     0.00000     0.00001     0.00000     0.00000     0.00001     0.00000     0.00000     2.86103
   -35.30404     2.86100     0.00001     0.00000     0.00001     0.00000     0.00000     0.00001     0.00000     0.00000     2.86103
   -35.26804     2.86100     0.00001     0.00000     0.00001     0.00000     0.00000     0.00001     0.00000     0.00000     2.86103
   -35.23304     2.86100     0.00001     0.00000     0.00001     0.00000     0.00000     0.00001     0.00000     0.00000     2.86103
   -35.19804     2.86100     0.00001     0.00000     0.00001     0.00000     0.00000     0.00001     0.00000     0.00000     2.86103
   -35.16204     2.86100     0.00001     0.00000     0.00001     0.00000     0.00000     0.00001     0.00000     0.00000     2.86103
   -35.12704     2.86100     0.00001     0.00000     0.00001     0.00000     0.00000     0.00001     0.00000     0.00000     2.86103
   -35.09104     2.86100     0.00001     0.00000     0.00001     0.00000     0.00000     0.00001     0.00000     0.00000     2.86103
   -35.05604     2.86100     0.00001     0.00000     0.00001     0.00000     0.00000     0.00001     0.00000     0.00000     2.86103
   -35.02004     2.86100     0.00001     0.00000     0.00001     0.00000     0.00000     0.00001     0.00000     0.00000     2.86103
   -34.98504     2.86100     0.00001     0.00000     0.00001     0.00000     0.00000     0.00001     0.00000     0.00000     2.86103
   -34.94904     2.86100     0.00001     0.00000     0.00001     0.00000     0.00000     0.00001     0.00000     0.00000     2.86103
   -34.91404     2.86100     0.00001     0.00000     0.00001     0.00000     0.00000     0.00001     0.00000     0.00000     2.86103
   -34.87904     2.86100     0.00001     0.00000     0.00001     0.00000     0.00000     0.00001     0.00000     0.00000     2.86103
   -34.84304     2.86100     0.00001     0.00000     0.00001     0.00000     0.00000     0.00001     0.00000     0.00000     2.86103
   -34.80804     2.86100     0.00001     0.00000     0.00001     0.00000     0.00000     0.00001     0.00000     0.00000     2.86103
   -34.77204     2.86100     0.00001     0.00000     0.00001     0.00000     0.00000     0.00001     0.00000     0.00000     2.86103
   -34.73704     2.86100     0.00001     0.00000     0.00001     0.00000     0.00000     0.00001     0.00000     0.00000     2.86103
   -34.70104     2.86100     0.00001     0.00000     0.00001     0.00000     0.00000     0.00001     0.00000     0.00000     2.86103
   -34.66604     2.86100     0.00001     0.00000     0.00001     0.00000     0.00000     0.00001     0.00000     0.00000     2.86103
   -34.63004     2.86100     0.00001     0.00000     0.00001     0.00000     0.00000     0.00001     0.00000     0.00000     2.86103
   -34.59504     2.86100     0.00001     0.00000     0.00001     0.00000     0.00000     0.00001     0.00000     0.00000     2.86103
   -34.56004     2.86100     0.00001     0.00000     0.00001     0.00000     0.00000     0.00001     0.00000     0.00000     2.86103
   -34.52404     2.86100     0.00001     0.00000     0.00001     0.00000     0.00000     0.00001     0.00000     0.00000     2.86103
   -34.48904     2.86100     0.00001     0.00000     0.00001     0.00000     0.00000     0.00001     0.00000     0.00000     2.86103
   -34.45304     2.86100     0.00001     0.00000     0.00001     0.00000     0.00000     0.00001     0.00000     0.00000     2.86103
   -34.41804     2.86100     0.00001     0.00000     0.00001     0.00000     0.00000     0.00001     0.00000     0.00000     2.86103
   -34.38204     2.86100     0.00001     0.00000     0.00001     0.00000     0.00000     0.00001     0.00000     0.00000     2.86103
   -34.34704     2.86100     0.00001     0.00000     0.00001     0.00000     0.00000     0.00001     0.00000     0.00000     2.86103
   -34.31204     2.86100     0.00001     0.00000     0.00001     0.00000     0.00000     0.00001     0.00000     0.00000     2.86103
   -34.27604     2.86100     0.00001     0.00000     0.00001     0.00000     0.00000     0.00001     0.00000     0.00000     2.86103
   -34.24104     2.86100     0.00001     0.00000     0.00001     0.00000     0.00000     0.00001     0.00000     0.00000     2.86103
   -34.20504     2.86100     0.00001     0.00000     0.00001     0.00000     0.00000     0.00001     0.00000     0.00000     2.86103
   -34.17004     2.86100     0.00001     0.00000     0.00001     0.00000     0.00000     0.00001     0.00000     0.00000     2.86103
   -34.13404     2.86100     0.00001     0.00000     0.00001     0.00000     0.00000     0.00001     0.00000     0.00000     2.86103
   -34.09904     2.86100     0.00001     0.00000     0.00001     0.00000     0.00000     0.00001     0.00000     0.00000     2.86103
   -34.06304     2.86100     0.00001     0.00000     0.00001     0.00000     0.00000     0.00001     0.00000     0.00000     2.86103
   -34.02804     2.86100     0.00001     0.00000     0.00001     0.00000     0.00000     0.00001     0.00000     0.00000     2.86103
   -33.99304     2.86100     0.00001     0.00000     0.00001     0.00000     0.00000     0.00001     0.00000     0.00000     2.86103
   -33.95704     2.86100     0.00001     0.00000     0.00001     0.00000     0.00000     0.00001     0.00000     0.00000     2.86103
   -33.92204     2.86100     0.00001     0.00000     0.00001     0.00000     0.00000     0.00001     0.00000     0.00000     2.86103
   -33.88604     2.86100     0.00001     0.00000     0.00001     0.00000     0.00000     0.00001     0.00000     0.00000     2.86103
   -33.85104     2.86100     0.00001     0.00000     0.00001     0.00000     0.00000     0.00001     0.00000     0.00000     2.86103
   -33.81504     2.86100     0.00001     0.00000     0.00001     0.00000     0.00000     0.00001     0.00000     0.00000     2.86103
   -33.78004     2.86100     0.00001     0.00000     0.00001     0.00000     0.00000     0.00001     0.00000     0.00000     2.86103
   -33.74404     2.86100     0.00001     0.00000     0.00001     0.00000     0.00000     0.00001     0.00000     0.00000     2.86103
   -33.70904     2.86100     0.00001     0.00000     0.00001     0.00000     0.00000     0.00001     0.00000     0.00000     2.86103
   -33.67404     2.86100     0.00001     0.00000     0.00001     0.00000     0.00000     0.00001     0.00000     0.00000     2.86103
   -33.63804     2.86100     0.00001     0.00000     0.00001     0.00000     0.00000     0.00001     0.00000     0.00000     2.86103
   -33.60304     2.86100     0.00001     0.00000     0.00001     0.00000     0.00000     0.00001     0.00000     0.00000     2.86103
   -33.56704     2.86100     0.00001     0.03110     0.00001     0.00000     0.00000     0.00001     0.00000     0.00000     2.89213
   -33.53204     2.86100     0.00001     0.14998     0.00001     0.00000     0.00000     0.00001     0.00000     0.00000     3.01102
   -33.49604     2.86101     0.00003     0.42897     0.00003     0.00000     0.00000     0.00001     0.00000     0.00000     3.29006
   -33.46104     2.86101     0.04087     0.85624     0.04087     0.00000     0.00000     0.00002     0.00000     0.00000     3.79901
   -33.42504     2.86102     0.19565     1.24588     0.19565     0.00000     0.00000     0.00002     0.00000     0.00000     4.49824
   -33.39004     2.86104     0.45945     1.55547     0.45945     0.00001     0.00001     0.00003     0.00001     0.00001     5.33549
   -33.35504     2.86106     0.69749     1.94381     0.69749     0.00002     0.00001     0.00005     0.00001     0.00002     6.19995
   -33.31904     2.86109     0.83632     2.45011     0.83632     0.00002     0.00001     0.00006     0.00001     0.00002     6.98395
   -33.28404     2.86110     0.94153     2.74408     0.94153     0.00003     0.00001     0.00006     0.00001     0.00003     7.48838
   -33.24804     2.86111     1.05997     2.76410     1.05997     0.00004     0.00001     0.00007     0.00001     0.00004     7.74530
   -33.21304     2.86113     1.20633     2.76416     1.20633     0.00004     0.00001     0.00007     0.00001     0.00004     8.03812
   -33.17704     2.86114     1.42085     2.76419     1.42085     0.00006     0.00001     0.00007     0.00001     0.00006     8.46722
   -33.14204     2.86114     1.76534     2.76421     1.76534     0.00007     0.00001     0.00008     0.00001     0.00007     9.15625
   -33.10604     2.86115     2.13095     2.76422     2.13095     0.00008     0.00001     0.00008     0.00001     0.00008     9.88751
   -33.07104     2.86115     2.39826     2.76422     2.39826     0.00008     0.00001     0.00008     0.00001     0.00008    10.42215
   -33.03604     2.86115     2.51837     2.76422     2.51837     0.00008     0.00001     0.00008     0.00001     0.00008    10.66236
   -33.00004     2.86115     2.52429     2.76422     2.52429     0.00008     0.00001     0.00008     0.00001     0.00008    10.67421
   -32.96504     2.86115     2.52429     2.76422     2.52429     0.00008     0.00001     0.00008     0.00001     0.00008    10.67421
   -32.92904     2.86115     2.52429     2.76422     2.52429     0.00008     0.00001     0.00008     0.00001     0.00008    10.67421
   -32.89404     2.86115     2.52429     2.76422     2.52429     0.00008     0.00001     0.00008     0.00001     0.00008    10.67421
   -32.85804     2.86115     2.52429     2.76422     2.52429     0.00008     0.00001     0.00008     0.00001     0.00008    10.67421
   -32.82304     2.86115     2.52429     2.76422     2.52429     0.00008     0.00001     0.00008     0.00001     0.00008    10.67421
   -32.78704     2.86115     2.52429     2.76422     2.52429     0.00008     0.00001     0.00008     0.00001     0.00008    10.67421
   -32.75204     2.86115     2.52429     2.76422     2.52429     0.00008     0.00001     0.00008     0.00001     0.00008    10.67421
   -32.71704     2.86115     2.52429     2.76422     2.52429     0.00008     0.00001     0.00008     0.00001     0.00008    10.67421
   -32.68104     2.86115     2.52429     2.76422     2.52429     0.00008     0.00001     0.00008     0.00001     0.00008    10.67421
   -32.64604     2.86115     2.52429     2.76422     2.52429     0.00008     0.00001     0.00008     0.00001     0.00008    10.67421
   -32.61004     2.86115     2.52429     2.76422     2.52429     0.00008     0.00001     0.00008     0.00001     0.00008    10.67421
   -32.57504     2.86115     2.52429     2.76422     2.52429     0.00008     0.00001     0.00008     0.00001     0.00008    10.67421
   -32.53904     2.86115     2.52429     2.76422     2.52429     0.00008     0.00001     0.00008     0.00001     0.00008    10.67421
   -32.50404     2.86115     2.52429     2.76422     2.52429     0.00008     0.00001     0.00008     0.00001     0.00008    10.67421
   -32.46804     2.86115     2.52429     2.76422     2.52429     0.00008     0.00001     0.00008     0.00001     0.00008    10.67421
   -32.43304     2.86115     2.52429     2.76422     2.52429     0.00008     0.00001     0.00008     0.00001     0.00008    10.67421
   -32.39804     2.86115     2.52429     2.76422     2.52429     0.00008     0.00001     0.00008     0.00001     0.00008    10.67421
   -32.36204     2.86115     2.52429     2.76422     2.52429     0.00008     0.00001     0.00008     0.00001     0.00008    10.67421
   -32.32704     2.86115     2.52429     2.76422     2.52429     0.00008     0.00001     0.00008     0.00001     0.00008    10.67421
   -32.29104     2.86115     2.52429     2.76422     2.52429     0.00008     0.00001     0.00008     0.00001     0.00008    10.67421
   -32.25604     2.86115     2.52429     2.76422     2.52429     0.00008     0.00001     0.00008     0.00001     0.00008    10.67421
   -32.22004     2.86115     2.52429     2.76422     2.52429     0.00008     0.00001     0.00008     0.00001     0.00008    10.67421
   -32.18504     2.86115     2.52429     2.76422     2.52429     0.00008     0.00001     0.00008     0.00001     0.00008    10.67421
   -32.14904     2.86115     2.52429     2.76422     2.52429     0.00008     0.00001     0.00008     0.00001     0.00008    10.67421
   -32.11404     2.86115     2.52429     2.76422     2.52429     0.00008     0.00001     0.00008     0.00001     0.00008    10.67421
   -32.07904     2.86115     2.52429     2.76422     2.52429     0.00008     0.00001     0.00008     0.00001     0.00008    10.67421
   -32.04304     2.86115     2.52429     2.76422     2.52429     0.00008     0.00001     0.00008     0.00001     0.00008    10.67421
   -32.00804     2.86115     2.52429     2.76422     2.52429     0.00008     0.00001     0.00008     0.00001     0.00008    10.67421
   -31.97204     2.86115     2.52429     2.76422     2.52429     0.00008     0.00001     0.00008     0.00001     0.00008    10.67421
   -31.93704     2.86115     2.52429     2.76422     2.52429     0.00008     0.00001     0.00008     0.00001     0.00008    10.67421
   -31.90104     2.86115     2.52429     2.76422     2.52429     0.00008     0.00001     0.00008     0.00001     0.00008    10.67421
   -31.86604     2.86115     2.52429     2.76422     2.52429     0.00008     0.00001     0.00008     0.00001     0.00008    10.67421
   -31.83004     2.86115     2.52429     2.76422     2.52429     0.00008     0.00001     0.00008     0.00001     0.00008    10.67421
   -31.79504     2.86115     2.52429     2.76422     2.52429     0.00008     0.00001     0.00008     0.00001     0.00008    10.67421
   -31.76004     2.86115     2.52429     2.76422     2.52429     0.00008     0.00001     0.00008     0.00001     0.00008    10.67421
   -31.72404     2.86115     2.52429     2.76422     2.52429     0.00008     0.00001     0.00008     0.00001     0.00008    10.67421
   -31.68904     2.86115     2.52429     2.76422     2.52429     0.00008     0.00001     0.00008     0.00001     0.00008    10.67421
   -31.65304     2.86115     2.52429     2.76422     2.52429     0.00008     0.00001     0.00008     0.00001     0.00008    10.67421
   -31.61804     2.86115     2.52429     2.76422     2.52429     0.00008     0.00001     0.00008     0.00001     0.00008    10.67421
   -31.58204     2.86115     2.52429     2.76422     2.52429     0.00008     0.00001     0.00008     0.00001     0.00008    10.67421
   -31.54704     2.86115     2.52429     2.76422     2.52429     0.00008     0.00001     0.00008     0.00001     0.00008    10.67421
   -31.51204     2.86115     2.52429     2.76422     2.52429     0.00008     0.00001     0.00008     0.00001     0.00008    10.67421
   -31.47604     2.86115     2.52429     2.76422     2.52429     0.00008     0.00001     0.00008     0.00001     0.00008    10.67421
   -31.44104     2.86115     2.52429     2.76422     2.52429     0.00008     0.00001     0.00008     0.00001     0.00008    10.67421
   -31.40504     2.86115     2.52429     2.76422     2.52429     0.00008     0.00001     0.00008     0.00001     0.00008    10.67421
   -31.37004     2.86115     2.52429     2.76422     2.52429     0.00008     0.00001     0.00008     0.00001     0.00008    10.67421
   -31.33404     2.86115     2.52429     2.76422     2.52429     0.00008     0.00001     0.00008     0.00001     0.00008    10.67421
   -31.29904     2.86115     2.52429     2.76422     2.52429     0.00008     0.00001     0.00008     0.00001     0.00008    10.67421
   -31.26304     2.86115     2.52429     2.76422     2.52429     0.00008     0.00001     0.00008     0.00001     0.00008    10.67421
   -31.22804     2.86115     2.52429     2.76422     2.52429     0.00008     0.00001     0.00008     0.00001     0.00008    10.67421
   -31.19304     2.86115     2.52429     2.76422     2.52429     0.00008     0.00001     0.00008     0.00001     0.00008    10.67421
   -31.15704     2.86115     2.52429     2.76422     2.52429     0.00008     0.00001     0.00008     0.00001     0.00008    10.67421
   -31.12204     2.86115     2.52429     2.76422     2.52429     0.00008     0.00001     0.00008     0.00001     0.00008    10.67421
   -31.08604     2.86115     2.52429     2.76422     2.52429     0.00008     0.00001     0.00008     0.00001     0.00008    10.67421
   -31.05104     2.86115     2.52429     2.76422     2.52429     0.00008     0.00001     0.00008     0.00001     0.00008    10.67421
   -31.01504     2.86115     2.52429     2.76422     2.52429     0.00008     0.00001     0.00008     0.00001     0.00008    10.67421
   -30.98004     2.86115     2.52429     2.76422     2.52429     0.00008     0.00001     0.00008     0.00001     0.00008    10.67421
   -30.94404     2.86115     2.52429     2.76422     2.52429     0.00008     0.00001     0.00008     0.00001     0.00008    10.67421
   -30.90904     2.86115     2.52429     2.76422     2.52429     0.00008     0.00001     0.00008     0.00001     0.00008    10.67421
   -30.87404     2.86115     2.52429     2.76422     2.52429     0.00008     0.00001     0.00008     0.00001     0.00008    10.67421
   -30.83804     2.86115     2.52429     2.76422     2.52429     0.00008     0.00001     0.00008     0.00001     0.00008    10.67421
   -30.80304     2.86115     2.52429     2.76422     2.52429     0.00008     0.00001     0.00008     0.00001     0.00008    10.67421
   -30.76704     2.86115     2.52429     2.76422     2.52429     0.00008     0.00001     0.00008     0.00001     0.00008    10.67421
   -30.73204     2.86115     2.52429     2.76422     2.52429     0.00008     0.00001     0.00008     0.00001     0.00008    10.67421
   -30.69604     2.86115     2.52429     2.76422     2.52429     0.00008     0.00001     0.00008     0.00001     0.00008    10.67421
   -30.66104     2.86115     2.52429     2.76422     2.52429     0.00008     0.00001     0.00008     0.00001     0.00008    10.67421
   -30.62504     2.86115     2.52429     2.76422     2.52429     0.00008     0.00001     0.00008     0.00001     0.00008    10.67421
   -30.59004     2.86115     2.52429     2.76422     2.52429     0.00008     0.00001     0.00008     0.00001     0.00008    10.67421
   -30.55504     2.86115     2.52429     2.76422     2.52429     0.00008     0.00001     0.00008     0.00001     0.00008    10.67421
   -30.51904     2.86115     2.52429     2.76422     2.52429     0.00008     0.00001     0.00008     0.00001     0.00008    10.67421
   -30.48404     2.86115     2.52429     2.76422     2.52429     0.00008     0.00001     0.00008     0.00001     0.00008    10.67421
   -30.44804     2.86115     2.52429     2.76422     2.52429     0.00008     0.00001     0.00008     0.00001     0.00008    10.67421
   -30.41304     2.86115     2.52429     2.76422     2.52429     0.00008     0.00001     0.00008     0.00001     0.00008    10.67421
   -30.37704     2.86115     2.52429     2.76422     2.52429     0.00008     0.00001     0.00008     0.00001     0.00008    10.67421
   -30.34204     2.86115     2.52429     2.76422     2.52429     0.00008     0.00001     0.00008     0.00001     0.00008    10.67421
   -30.30604     2.86115     2.52429     2.76422     2.52429     0.00008     0.00001     0.00008     0.00001     0.00008    10.67421
   -30.27104     2.86115     2.52429     2.76422     2.52429     0.00008     0.00001     0.00008     0.00001     0.00008    10.67421
   -30.23604     2.86115     2.52429     2.76422     2.52429     0.00008     0.00001     0.00008     0.00001     0.00008    10.67421
   -30.20004     2.86115     2.52429     2.76422     2.52429     0.00008     0.00001     0.00008     0.00001     0.00008    10.67421
   -30.16504     2.86115     2.52429     2.76422     2.52429     0.00008     0.00001     0.00008     0.00001     0.00008    10.67421
   -30.12904     2.86115     2.52429     2.76422     2.52429     0.00008     0.00001     0.00008     0.00001     0.00008    10.67421
   -30.09404     2.86115     2.52429     2.76422     2.52429     0.00008     0.00001     0.00008     0.00001     0.00008    10.67421
   -30.05804     2.86115     2.52429     2.76422     2.52429     0.00008     0.00001     0.00008     0.00001     0.00008    10.67421
   -30.02304     2.86115     2.52429     2.76422     2.52429     0.00008     0.00001     0.00008     0.00001     0.00008    10.67421
   -29.98704     2.86115     2.52429     2.76422     2.52429     0.00008     0.00001     0.00008     0.00001     0.00008    10.67421
   -29.95204     2.86115     2.52429     2.76422     2.52429     0.00008     0.00001     0.00008     0.00001     0.00008    10.67421
   -29.91704     2.86115     2.52429     2.76422     2.52429     0.00008     0.00001     0.00008     0.00001     0.00008    10.67421
   -29.88104     2.86115     2.52429     2.76422     2.52429     0.00008     0.00001     0.00008     0.00001     0.00008    10.67421
   -29.84604     2.86115     2.52429     2.76422     2.52429     0.00008     0.00001     0.00008     0.00001     0.00008    10.67421
   -29.81004     2.86115     2.52429     2.76422     2.52429     0.00008     0.00001     0.00008     0.00001     0.00008    10.67421
   -29.77504     2.86115     2.52429     2.76422     2.52429     0.00008     0.00001     0.00008     0.00001     0.00008    10.67421
   -29.73904     2.86115     2.52429     2.76422     2.52429     0.00008     0.00001     0.00008     0.00001     0.00008    10.67421
   -29.70404     2.86115     2.52429     2.76422     2.52429     0.00008     0.00001     0.00008     0.00001     0.00008    10.67421
   -29.66804     2.86115     2.52429     2.76422     2.52429     0.00008     0.00001     0.00008     0.00001     0.00008    10.67421
   -29.63304     2.86115     2.52429     2.76422     2.52429     0.00008     0.00001     0.00008     0.00001     0.00008    10.67421
   -29.59804     2.86115     2.52429     2.76422     2.52429     0.00008     0.00001     0.00008     0.00001     0.00008    10.67421
   -29.56204     2.86115     2.52429     2.76422     2.52429     0.00008     0.00001     0.00008     0.00001     0.00008    10.67421
   -29.52704     2.86115     2.52429     2.76422     2.52429     0.00008     0.00001     0.00008     0.00001     0.00008    10.67421
   -29.49104     2.86115     2.52429     2.76422     2.52429     0.00008     0.00001     0.00008     0.00001     0.00008    10.67421
   -29.45604     2.86115     2.52429     2.76422     2.52429     0.00008     0.00001     0.00008     0.00001     0.00008    10.67421
   -29.42004     2.86115     2.52429     2.76422     2.52429     0.00008     0.00001     0.00008     0.00001     0.00008    10.67421
   -29.38504     2.86115     2.52429     2.76422     2.52429     0.00008     0.00001     0.00008     0.00001     0.00008    10.67421
   -29.34904     2.86115     2.52429     2.76422     2.52429     0.00008     0.00001     0.00008     0.00001     0.00008    10.67421
   -29.31404     2.86115     2.52429     2.76422     2.52429     0.00008     0.00001     0.00008     0.00001     0.00008    10.67421
   -29.27904     2.86115     2.52429     2.76422     2.52429     0.00008     0.00001     0.00008     0.00001     0.00008    10.67421
   -29.24304     2.86115     2.52429     2.76422     2.52429     0.00008     0.00001     0.00008     0.00001     0.00008    10.67421
   -29.20804     2.86115     2.52429     2.76422     2.52429     0.00008     0.00001     0.00008     0.00001     0.00008    10.67421
   -29.17204     2.86115     2.52429     2.76422     2.52429     0.00008     0.00001     0.00008     0.00001     0.00008    10.67421
   -29.13704     2.86115     2.52429     2.76422     2.52429     0.00008     0.00001     0.00008     0.00001     0.00008    10.67421
   -29.10104     2.86115     2.52429     2.76422     2.52429     0.00008     0.00001     0.00008     0.00001     0.00008    10.67421
   -29.06604     2.86115     2.52429     2.76422     2.52429     0.00008     0.00001     0.00008     0.00001     0.00008    10.67421
   -29.03004     2.86115     2.52429     2.76422     2.52429     0.00008     0.00001     0.00008     0.00001     0.00008    10.67421
   -28.99504     2.86115     2.52429     2.76422     2.52429     0.00008     0.00001     0.00008     0.00001     0.00008    10.67421
   -28.96004     2.86115     2.52429     2.76422     2.52429     0.00008     0.00001     0.00008     0.00001     0.00008    10.67421
   -28.92404     2.86115     2.52429     2.76422     2.52429     0.00008     0.00001     0.00008     0.00001     0.00008    10.67421
   -28.88904     2.86115     2.52429     2.76422     2.52429     0.00008     0.00001     0.00008     0.00001     0.00008    10.67421
   -28.85304     2.86115     2.52429     2.76422     2.52429     0.00008     0.00001     0.00008     0.00001     0.00008    10.67421
   -28.81804     2.86115     2.52429     2.76422     2.52429     0.00008     0.00001     0.00008     0.00001     0.00008    10.67421
   -28.78204     2.86115     2.52429     2.76422     2.52429     0.00008     0.00001     0.00008     0.00001     0.00008    10.67421
   -28.74704     2.86115     2.52429     2.76422     2.52429     0.00008     0.00001     0.00008     0.00001     0.00008    10.67421
   -28.71104     2.86115     2.52429     2.76422     2.52429     0.00008     0.00001     0.00008     0.00001     0.00008    10.67421
   -28.67604     2.86115     2.52429     2.76422     2.52429     0.00008     0.00001     0.00008     0.00001     0.00008    10.67421
   -28.64104     2.86115     2.52429     2.76422     2.52429     0.00008     0.00001     0.00008     0.00001     0.00008    10.67421
   -28.60504     2.86115     2.52429     2.76422     2.52429     0.00008     0.00001     0.00008     0.00001     0.00008    10.67421
   -28.57004     2.86115     2.52429     2.76422     2.52429     0.00008     0.00001     0.00008     0.00001     0.00008    10.67421
   -28.53404     2.86115     2.52429     2.76422     2.52429     0.00008     0.00001     0.00008     0.00001     0.00008    10.67421
   -28.49904     2.86115     2.52429     2.76422     2.52429     0.00008     0.00001     0.00008     0.00001     0.00008    10.67421
   -28.46304     2.86115     2.52429     2.76422     2.52429     0.00008     0.00001     0.00008     0.00001     0.00008    10.67421
   -28.42804     2.86115     2.52429     2.76422     2.52429     0.00008     0.00001     0.00008     0.00001     0.00008    10.67421
   -28.39304     2.86115     2.52429     2.76422     2.52429     0.00008     0.00001     0.00008     0.00001     0.00008    10.67421
   -28.35704     2.86115     2.52429     2.76422     2.52429     0.00008     0.00001     0.00008     0.00001     0.00008    10.67421
   -28.32204     2.86115     2.52429     2.76422     2.52429     0.00008     0.00001     0.00008     0.00001     0.00008    10.67421
   -28.28604     2.86115     2.52429     2.76422     2.52429     0.00008     0.00001     0.00008     0.00001     0.00008    10.67421
   -28.25104     2.86115     2.52429     2.76422     2.52429     0.00008     0.00001     0.00008     0.00001     0.00008    10.67421
   -28.21504     2.86115     2.52429     2.76422     2.52429     0.00008     0.00001     0.00008     0.00001     0.00008    10.67421
   -28.18004     2.86115     2.52429     2.76422     2.52429     0.00008     0.00001     0.00008     0.00001     0.00008    10.67421
   -28.14404     2.86115     2.52429     2.76422     2.52429     0.00008     0.00001     0.00008     0.00001     0.00008    10.67421
   -28.10904     2.86115     2.52429     2.76422     2.52429     0.00008     0.00001     0.00008     0.00001     0.00008    10.67421
   -28.07404     2.86115     2.52429     2.76422     2.52429     0.00008     0.00001     0.00008     0.00001     0.00008    10.67421
   -28.03804     2.86115     2.52429     2.76422     2.52429     0.00008     0.00001     0.00008     0.00001     0.00008    10.67421
   -28.00304     2.86115     2.52429     2.76422     2.52429     0.00008     0.00001     0.00008     0.00001     0.00008    10.67421
   -27.96704     2.86115     2.52429     2.76422     2.52429     0.00008     0.00001     0.00008     0.00001     0.00008    10.67421
   -27.93204     2.86115     2.52429     2.76422     2.52429     0.00008     0.00001     0.00008     0.00001     0.00008    10.67421
   -27.89604     2.86115     2.52429     2.76422     2.52429     0.00008     0.00001     0.00008     0.00001     0.00008    10.67421
   -27.86104     2.86115     2.52429     2.76422     2.52429     0.00008     0.00001     0.00008     0.00001     0.00008    10.67421
   -27.82504     2.86115     2.52429     2.76422     2.52429     0.00008     0.00001     0.00008     0.00001     0.00008    10.67421
   -27.79004     2.86115     2.52429     2.76422     2.52429     0.00008     0.00001     0.00008     0.00001     0.00008    10.67421
   -27.75504     2.86115     2.52429     2.76422     2.52429     0.00008     0.00001     0.00008     0.00001     0.00008    10.67421
   -27.71904     2.86115     2.52429     2.76422     2.52429     0.00008     0.00001     0.00008     0.00001     0.00008    10.67421
   -27.68404     2.86115     2.52429     2.76422     2.52429     0.00008     0.00001     0.00008     0.00001     0.00008    10.67421
   -27.64804     2.86115     2.52429     2.76422     2.52429     0.00008     0.00001     0.00008     0.00001     0.00008    10.67421
   -27.61304     2.86115     2.52429     2.76422     2.52429     0.00008     0.00001     0.00008     0.00001     0.00008    10.67421
   -27.57704     2.86115     2.52429     2.76422     2.52429     0.00008     0.00001     0.00008     0.00001     0.00008    10.67421
   -27.54204     2.86115     2.52429     2.76422     2.52429     0.00008     0.00001     0.00008     0.00001     0.00008    10.67421
   -27.50604     2.86115     2.52429     2.76422     2.52429     0.00008     0.00001     0.00008     0.00001     0.00008    10.67421
   -27.47104     2.86115     2.52429     2.76422     2.52429     0.00008     0.00001     0.00008     0.00001     0.00008    10.67421
   -27.43604     2.86115     2.52429     2.76422     2.52429     0.00008     0.00001     0.00008     0.00001     0.00008    10.67421
   -27.40004     2.86115     2.52429     2.76422     2.52429     0.00008     0.00001     0.00008     0.00001     0.00008    10.67421
   -27.36504     2.86115     2.52429     2.76422     2.52429     0.00008     0.00001     0.00008     0.00001     0.00008    10.67421
   -27.32904     2.86115     2.52429     2.76422     2.52429     0.00008     0.00001     0.00008     0.00001     0.00008    10.67421
   -27.29404     2.86115     2.52429     2.76422     2.52429     0.00008     0.00001     0.00008     0.00001     0.00008    10.67421
   -27.25804     2.86115     2.52429     2.76422     2.52429     0.00008     0.00001     0.00008     0.00001     0.00008    10.67421
   -27.22304     2.86115     2.52429     2.76422     2.52429     0.00008     0.00001     0.00008     0.00001     0.00008    10.67421
   -27.18704     2.86115     2.52429     2.76422     2.52429     0.00008     0.00001     0.00008     0.00001     0.00008    10.67421
   -27.15204     2.86115     2.52429     2.76422     2.52429     0.00008     0.00001     0.00008     0.00001     0.00008    10.67421
   -27.11704     2.86115     2.52429     2.76422     2.52429     0.00008     0.00001     0.00008     0.00001     0.00008    10.67421
   -27.08104     2.86115     2.52429     2.76422     2.52429     0.00008     0.00001     0.00008     0.00001     0.00008    10.67421
   -27.04604     2.86115     2.52429     2.76422     2.52429     0.00008     0.00001     0.00008     0.00001     0.00008    10.67421
   -27.01004     2.86115     2.52429     2.76422     2.52429     0.00008     0.00001     0.00008     0.00001     0.00008    10.67421
   -26.97504     2.86115     2.52429     2.76422     2.52429     0.00008     0.00001     0.00008     0.00001     0.00008    10.67421
   -26.93904     2.86115     2.52429     2.76422     2.52429     0.00008     0.00001     0.00008     0.00001     0.00008    10.67421
   -26.90404     2.86115     2.52429     2.76422     2.52429     0.00008     0.00001     0.00008     0.00001     0.00008    10.67421
   -26.86804     2.86115     2.52429     2.76422     2.52429     0.00008     0.00001     0.00008     0.00001     0.00008    10.67421
   -26.83304     2.86115     2.52429     2.76422     2.52429     0.00008     0.00001     0.00008     0.00001     0.00008    10.67421
   -26.79804     2.86115     2.52429     2.76422     2.52429     0.00008     0.00001     0.00008     0.00001     0.00008    10.67421
   -26.76204     2.86115     2.52429     2.76422     2.52429     0.00008     0.00001     0.00008     0.00001     0.00008    10.67421
   -26.72704     2.86115     2.52429     2.76422     2.52429     0.00008     0.00001     0.00008     0.00001     0.00008    10.67421
   -26.69104     2.86115     2.52429     2.76422     2.52429     0.00008     0.00001     0.00008     0.00001     0.00008    10.67421
   -26.65604     2.86115     2.52429     2.76422     2.52429     0.00008     0.00001     0.00008     0.00001     0.00008    10.67421
   -26.62004     2.86115     2.52429     2.76422     2.52429     0.00008     0.00001     0.00008     0.00001     0.00008    10.67421
   -26.58504     2.86115     2.52429     2.76422     2.52429     0.00008     0.00001     0.00008     0.00001     0.00008    10.67421
   -26.54904     2.86115     2.52429     2.76422     2.52429     0.00008     0.00001     0.00008     0.00001     0.00008    10.67421
   -26.51404     2.86115     2.52429     2.76422     2.52429     0.00008     0.00001     0.00008     0.00001     0.00008    10.67421
   -26.47904     2.86115     2.52429     2.76422     2.52429     0.00008     0.00001     0.00008     0.00001     0.00008    10.67421
   -26.44304     2.86115     2.52429     2.76422     2.52429     0.00008     0.00001     0.00008     0.00001     0.00008    10.67421
   -26.40804     2.86115     2.52429     2.76422     2.52429     0.00008     0.00001     0.00008     0.00001     0.00008    10.67421
   -26.37204     2.86115     2.52429     2.76422     2.52429     0.00008     0.00001     0.00008     0.00001     0.00008    10.67421
   -26.33704     2.86115     2.52429     2.76422     2.52429     0.00008     0.00001     0.00008     0.00001     0.00008    10.67421
   -26.30104     2.86115     2.52429     2.76422     2.52429     0.00008     0.00001     0.00008     0.00001     0.00008    10.67421
   -26.26604     2.86115     2.52429     2.76422     2.52429     0.00008     0.00001     0.00008     0.00001     0.00008    10.67421
   -26.23004     2.86115     2.52429     2.76422     2.52429     0.00008     0.00001     0.00008     0.00001     0.00008    10.67421
   -26.19504     2.86115     2.52429     2.76422     2.52429     0.00008     0.00001     0.00008     0.00001     0.00008    10.67421
   -26.16004     2.86115     2.52429     2.76422     2.52429     0.00008     0.00001     0.00008     0.00001     0.00008    10.67421
   -26.12404     2.86115     2.52429     2.76422     2.52429     0.00008     0.00001     0.00008     0.00001     0.00008    10.67421
   -26.08904     2.86115     2.52429     2.76422     2.52429     0.00008     0.00001     0.00008     0.00001     0.00008    10.67421
   -26.05304     2.86115     2.52429     2.76422     2.52429     0.00008     0.00001     0.00008     0.00001     0.00008    10.67421
   -26.01804     2.86115     2.52429     2.76422     2.52429     0.00008     0.00001     0.00008     0.00001     0.00008    10.67421
   -25.98204     2.86115     2.52429     2.76422     2.52429     0.00008     0.00001     0.00008     0.00001     0.00008    10.67421
   -25.94704     2.86115     2.52429     2.76422     2.52429     0.00008     0.00001     0.00008     0.00001     0.00008    10.67421
   -25.91104     2.86115     2.52429     2.76422     2.52429     0.00008     0.00001     0.00008     0.00001     0.00008    10.67421
   -25.87604     2.86115     2.52429     2.76422     2.52429     0.00008     0.00001     0.00008     0.00001     0.00008    10.67421
   -25.84104     2.86115     2.52429     2.76422     2.52429     0.00008     0.00001     0.00008     0.00001     0.00008    10.67421
   -25.80504     2.86115     2.52429     2.76422     2.52429     0.00008     0.00001     0.00008     0.00001     0.00008    10.67421
   -25.77004     2.86115     2.52429     2.76422     2.52429     0.00008     0.00001     0.00008     0.00001     0.00008    10.67421
   -25.73404     2.86115     2.52429     2.76422     2.52429     0.00008     0.00001     0.00008     0.00001     0.00008    10.67421
   -25.69904     2.86115     2.52429     2.76422     2.52429     0.00008     0.00001     0.00008     0.00001     0.00008    10.67421
   -25.66304     2.86115     2.52429     2.76422     2.52429     0.00008     0.00001     0.00008     0.00001     0.00008    10.67421
   -25.62804     2.86115     2.52429     2.76422     2.52429     0.00008     0.00001     0.00008     0.00001     0.00008    10.67421
   -25.59304     2.86115     2.52429     2.76422     2.52429     0.00008     0.00001     0.00008     0.00001     0.00008    10.67421
   -25.55704     2.86115     2.52429     2.76422     2.52429     0.00008     0.00001     0.00008     0.00001     0.00008    10.67421
   -25.52204     2.86115     2.52429     2.76422     2.52429     0.00008     0.00001     0.00008     0.00001     0.00008    10.67421
   -25.48604     2.86115     2.52429     2.76422     2.52429     0.00008     0.00001     0.00008     0.00001     0.00008    10.67421
   -25.45104     2.86115     2.52429     2.76422     2.52429     0.00008     0.00001     0.00008     0.00001     0.00008    10.67421
   -25.41504     2.86115     2.52429     2.76422     2.52429     0.00008     0.00001     0.00008     0.00001     0.00008    10.67421
   -25.38004     2.86115     2.52429     2.76422     2.52429     0.00008     0.00001     0.00008     0.00001     0.00008    10.67421
   -25.34404     2.86115     2.52429     2.76422     2.52429     0.00008     0.00001     0.00008     0.00001     0.00008    10.67421
   -25.30904     2.86115     2.52429     2.76422     2.52429     0.00008     0.00001     0.00008     0.00001     0.00008    10.67421
   -25.27404     2.86115     2.52429     2.76422     2.52429     0.00008     0.00001     0.00008     0.00001     0.00008    10.67421
   -25.23804     2.86115     2.52429     2.76422     2.52429     0.00008     0.00001     0.00008     0.00001     0.00008    10.67421
   -25.20304     2.86115     2.52429     2.76422     2.52429     0.00008     0.00001     0.00008     0.00001     0.00008    10.67421
   -25.16704     2.86115     2.52429     2.76422     2.52429     0.00008     0.00001     0.00008     0.00001     0.00008    10.67421
   -25.13204     2.86115     2.52429     2.76422     2.52429     0.00008     0.00001     0.00008     0.00001     0.00008    10.67421
   -25.09604     2.86115     2.52429     2.76422     2.52429     0.00008     0.00001     0.00008     0.00001     0.00008    10.67421
   -25.06104     2.86115     2.52429     2.76422     2.52429     0.00008     0.00001     0.00008     0.00001     0.00008    10.67421
   -25.02504     2.86115     2.52429     2.76422     2.52429     0.00008     0.00001     0.00008     0.00001     0.00008    10.67421
   -24.99004     2.86115     2.52429     2.76422     2.52429     0.00008     0.00001     0.00008     0.00001     0.00008    10.67421
   -24.95504     2.86115     2.52429     2.76422     2.52429     0.00008     0.00001     0.00008     0.00001     0.00008    10.67421
   -24.91904     2.86115     2.52429     2.76422     2.52429     0.00008     0.00001     0.00008     0.00001     0.00008    10.67421
   -24.88404     2.86115     2.52429     2.76422     2.52429     0.00008     0.00001     0.00008     0.00001     0.00008    10.67421
   -24.84804     2.86115     2.52429     2.76422     2.52429     0.00008     0.00001     0.00008     0.00001     0.00008    10.67421
   -24.81304     2.86115     2.52429     2.76422     2.52429     0.00008     0.00001     0.00008     0.00001     0.00008    10.67421
   -24.77704     2.86115     2.52429     2.76422     2.52429     0.00008     0.00001     0.00008     0.00001     0.00008    10.67421
   -24.74204     2.86115     2.52429     2.76422     2.52429     0.00008     0.00001     0.00008     0.00001     0.00008    10.67421
   -24.70604     2.86115     2.52429     2.76422     2.52429     0.00008     0.00001     0.00008     0.00001     0.00008    10.67421
   -24.67104     2.86115     2.52429     2.76422     2.52429     0.00008     0.00001     0.00008     0.00001     0.00008    10.67421
   -24.63604     2.86115     2.52429     2.76422     2.52429     0.00008     0.00001     0.00008     0.00001     0.00008    10.67421
   -24.60004     2.86115     2.52429     2.76422     2.52429     0.00008     0.00001     0.00008     0.00001     0.00008    10.67421
   -24.56504     2.86115     2.52429     2.76422     2.52429     0.00008     0.00001     0.00008     0.00001     0.00008    10.67421
   -24.52904     2.86115     2.52429     2.76422     2.52429     0.00008     0.00001     0.00008     0.00001     0.00008    10.67421
   -24.49404     2.86115     2.52429     2.76422     2.52429     0.00008     0.00001     0.00008     0.00001     0.00008    10.67421
   -24.45804     2.86115     2.52429     2.76422     2.52429     0.00008     0.00001     0.00008     0.00001     0.00008    10.67421
   -24.42304     2.86115     2.52429     2.76422     2.52429     0.00008     0.00001     0.00008     0.00001     0.00008    10.67421
   -24.38704     2.86115     2.52429     2.76422     2.52429     0.00008     0.00001     0.00008     0.00001     0.00008    10.67421
   -24.35204     2.86115     2.52429     2.76422     2.52429     0.00008     0.00001     0.00008     0.00001     0.00008    10.67421
   -24.31704     2.86115     2.52429     2.76422     2.52429     0.00008     0.00001     0.00008     0.00001     0.00008    10.67421
   -24.28104     2.86115     2.52429     2.76422     2.52429     0.00008     0.00001     0.00008     0.00001     0.00008    10.67421
   -24.24604     2.86115     2.52429     2.76422     2.52429     0.00008     0.00001     0.00008     0.00001     0.00008    10.67421
   -24.21004     2.86115     2.52429     2.76422     2.52429     0.00008     0.00001     0.00008     0.00001     0.00008    10.67421
   -24.17504     2.86115     2.52429     2.76422     2.52429     0.00008     0.00001     0.00008     0.00001     0.00008    10.67421
   -24.13904     2.86115     2.52429     2.76422     2.52429     0.00008     0.00001     0.00008     0.00001     0.00008    10.67421
   -24.10404     2.86115     2.52429     2.76422     2.52429     0.00008     0.00001     0.00008     0.00001     0.00008    10.67421
   -24.06804     2.86115     2.52429     2.76422     2.52429     0.00008     0.00001     0.00008     0.00001     0.00008    10.67421
   -24.03304     2.86115     2.52429     2.76422     2.52429     0.00008     0.00001     0.00008     0.00001     0.00008    10.67421
   -23.99804     2.86115     2.52429     2.76422     2.52429     0.00008     0.00001     0.00008     0.00001     0.00008    10.67421
   -23.96204     2.86115     2.52429     2.76422     2.52429     0.00008     0.00001     0.00008     0.00001     0.00008    10.67421
   -23.92704     2.86115     2.52429     2.76422     2.52429     0.00008     0.00001     0.00008     0.00001     0.00008    10.67421
   -23.89104     2.86115     2.52429     2.76422     2.52429     0.00008     0.00001     0.00008     0.00001     0.00008    10.67421
   -23.85604     2.86115     2.52429     2.76422     2.52429     0.00008     0.00001     0.00008     0.00001     0.00008    10.67421
   -23.82004     2.86115     2.52429     2.76422     2.52429     0.00008     0.00001     0.00008     0.00001     0.00008    10.67421
   -23.78504     2.86115     2.52429     2.76422     2.52429     0.00008     0.00001     0.00008     0.00001     0.00008    10.67421
   -23.74904     2.86115     2.52429     2.76422     2.52429     0.00008     0.00001     0.00008     0.00001     0.00008    10.67421
   -23.71404     2.86115     2.52429     2.76422     2.52429     0.00008     0.00001     0.00008     0.00001     0.00008    10.67421
   -23.67904     2.86115     2.52429     2.76422     2.52429     0.00008     0.00001     0.00008     0.00001     0.00008    10.67421
   -23.64304     2.86115     2.52429     2.76422     2.52429     0.00008     0.00001     0.00008     0.00001     0.00008    10.67421
   -23.60804     2.86115     2.52429     2.76422     2.52429     0.00008     0.00001     0.00008     0.00001     0.00008    10.67421
   -23.57204     2.86115     2.52429     2.76422     2.52429     0.00008     0.00001     0.00008     0.00001     0.00008    10.67421
   -23.53704     2.86115     2.52429     2.76422     2.52429     0.00008     0.00001     0.00008     0.00001     0.00008    10.67421
   -23.50104     2.86115     2.52429     2.76422     2.52429     0.00008     0.00001     0.00008     0.00001     0.00008    10.67421
   -23.46604     2.86115     2.52429     2.76422     2.52429     0.00008     0.00001     0.00008     0.00001     0.00008    10.67421
   -23.43004     2.86115     2.52429     2.76422     2.52429     0.00008     0.00001     0.00008     0.00001     0.00008    10.67421
   -23.39504     2.86115     2.52429     2.76422     2.52429     0.00008     0.00001     0.00008     0.00001     0.00008    10.67421
   -23.36004     2.86115     2.52429     2.76422     2.52429     0.00008     0.00001     0.00008     0.00001     0.00008    10.67421
   -23.32404     2.86115     2.52429     2.76422     2.52429     0.00008     0.00001     0.00008     0.00001     0.00008    10.67421
   -23.28904     2.86115     2.52429     2.76422     2.52429     0.00008     0.00001     0.00008     0.00001     0.00008    10.67421
   -23.25304     2.86115     2.52429     2.76422     2.52429     0.00008     0.00001     0.00008     0.00001     0.00008    10.67421
   -23.21804     2.86115     2.52429     2.76422     2.52429     0.00008     0.00001     0.00008     0.00001     0.00008    10.67421
   -23.18204     2.86115     2.52429     2.76422     2.52429     0.00008     0.00001     0.00008     0.00001     0.00008    10.67421
   -23.14704     2.86115     2.52429     2.76422     2.52429     0.00008     0.00001     0.00008     0.00001     0.00008    10.67421
   -23.11104     2.86115     2.52429     2.76422     2.52429     0.00008     0.00001     0.00008     0.00001     0.00008    10.67421
   -23.07604     2.86115     2.52429     2.76422     2.52429     0.00008     0.00001     0.00008     0.00001     0.00008    10.67421
   -23.04104     2.86115     2.52429     2.76422     2.52429     0.00008     0.00001     0.00008     0.00001     0.00008    10.67421
   -23.00504     2.86115     2.52429     2.76422     2.52429     0.00008     0.00001     0.00008     0.00001     0.00008    10.67421
   -22.97004     2.86115     2.52429     2.76422     2.52429     0.00008     0.00001     0.00008     0.00001     0.00008    10.67421
   -22.93404     2.86115     2.52429     2.76422     2.52429     0.00008     0.00001     0.00008     0.00001     0.00008    10.67421
   -22.89904     2.86115     2.52429     2.76422     2.52429     0.00008     0.00001     0.00008     0.00001     0.00008    10.67421
   -22.86304     2.86115     2.52429     2.76422     2.52429     0.00008     0.00001     0.00008     0.00001     0.00008    10.67421
   -22.82804     2.86115     2.52429     2.76422     2.52429     0.00008     0.00001     0.00008     0.00001     0.00008    10.67421
   -22.79204     2.86115     2.52429     2.76422     2.52429     0.00008     0.00001     0.00008     0.00001     0.00008    10.67421
   -22.75704     2.86115     2.52429     2.76422     2.52429     0.00008     0.00001     0.00008     0.00001     0.00008    10.67421
   -22.72204     2.86115     2.52429     2.76422     2.52429     0.00008     0.00001     0.00008     0.00001     0.00008    10.67421
   -22.68604     2.86115     2.52429     2.76422     2.52429     0.00008     0.00001     0.00008     0.00001     0.00008    10.67421
   -22.65104     2.86115     2.52429     2.76422     2.52429     0.00008     0.00001     0.00008     0.00001     0.00008    10.67421
   -22.61504     2.86115     2.52429     2.76422     2.52429     0.00008     0.00001     0.00008     0.00001     0.00008    10.67421
   -22.58004     2.86115     2.52429     2.76422     2.52429     0.00008     0.00001     0.00008     0.00001     0.00008    10.67421
   -22.54404     2.86115     2.52429     2.76422     2.52429     0.00008     0.00001     0.00008     0.00001     0.00008    10.67421
   -22.50904     2.86115     2.52429     2.76422     2.52429     0.00008     0.00001     0.00008     0.00001     0.00008    10.67421
   -22.47404     2.86115     2.52429     2.76422     2.52429     0.00008     0.00001     0.00008     0.00001     0.00008    10.67421
   -22.43804     2.86115     2.52429     2.76422     2.52429     0.00008     0.00001     0.00008     0.00001     0.00008    10.67421
   -22.40304     2.86115     2.52429     2.76422     2.52429     0.00008     0.00001     0.00008     0.00001     0.00008    10.67421
   -22.36704     2.86115     2.52429     2.76422     2.52429     0.00008     0.00001     0.00008     0.00001     0.00008    10.67421
   -22.33204     2.86115     2.52429     2.76422     2.52429     0.00008     0.00001     0.00008     0.00001     0.00008    10.67421
   -22.29604     2.86115     2.52429     2.76422     2.52429     0.00008     0.00001     0.00008     0.00001     0.00008    10.67421
   -22.26104     2.86115     2.52429     2.76422     2.52429     0.00008     0.00001     0.00008     0.00001     0.00008    10.67421
   -22.22504     2.86115     2.52429     2.76422     2.52429     0.00008     0.00001     0.00008     0.00001     0.00008    10.67421
   -22.19004     2.86115     2.52429     2.76422     2.52429     0.00008     0.00001     0.00008     0.00001     0.00008    10.67421
   -22.15504     2.86115     2.52429     2.76422     2.52429     0.00008     0.00001     0.00008     0.00001     0.00008    10.67421
   -22.11904     2.86115     2.52429     2.76422     2.52429     0.00008     0.00001     0.00008     0.00001     0.00008    10.67421
   -22.08404     2.86115     2.52429     2.76422     2.52429     0.00008     0.00001     0.00008     0.00001     0.00008    10.67421
   -22.04804     2.86115     2.52429     2.76422     2.52429     0.00008     0.00001     0.00008     0.00001     0.00008    10.67421
   -22.01304     2.86115     2.52429     2.76422     2.52429     0.00008     0.00001     0.00008     0.00001     0.00008    10.67421
   -21.97704     2.86115     2.52429     2.76422     2.52429     0.00008     0.00001     0.00008     0.00001     0.00008    10.67421
   -21.94204     2.86115     2.52429     2.76422     2.52429     0.00008     0.00001     0.00008     0.00001     0.00008    10.67421
   -21.90604     2.86115     2.52429     2.76422     2.52429     0.00008     0.00001     0.00008     0.00001     0.00008    10.67421
   -21.87104     2.86115     2.52429     2.76422     2.52429     0.00008     0.00001     0.00008     0.00001     0.00008    10.67421
   -21.83604     2.86115     2.52429     2.76422     2.52429     0.00008     0.00001     0.00008     0.00001     0.00008    10.67421
   -21.80004     2.86115     2.52429     2.76422     2.52429     0.00008     0.00001     0.00008     0.00001     0.00008    10.67421
   -21.76504     2.86115     2.52429     2.76422     2.52429     0.00008     0.00001     0.00008     0.00001     0.00008    10.67421
   -21.72904     2.86115     2.52429     2.76422     2.52429     0.00008     0.00001     0.00008     0.00001     0.00008    10.67421
   -21.69404     2.86115     2.52429     2.76422     2.52429     0.00008     0.00001     0.00008     0.00001     0.00008    10.67421
   -21.65804     2.86115     2.52429     2.76422     2.52429     0.00008     0.00001     0.00008     0.00001     0.00008    10.67421
   -21.62304     2.86115     2.52429     2.76422     2.52429     0.00008     0.00001     0.00008     0.00001     0.00008    10.67421
   -21.58704     2.86115     2.52429     2.76422     2.52429     0.00008     0.00001     0.00008     0.00001     0.00008    10.67421
   -21.55204     2.86115     2.52429     2.76422     2.52429     0.00008     0.00001     0.00008     0.00001     0.00008    10.67421
   -21.51704     2.86115     2.52429     2.76422     2.52429     0.00008     0.00001     0.00008     0.00001     0.00008    10.67421
   -21.48104     2.86115     2.52429     2.76422     2.52429     0.00008     0.00001     0.00008     0.00001     0.00008    10.67421
   -21.44604     2.86115     2.52429     2.76422     2.52429     0.00008     0.00001     0.00008     0.00001     0.00008    10.67421
   -21.41004     2.86115     2.52429     2.76422     2.52429     0.00008     0.00001     0.00008     0.00001     0.00008    10.67421
   -21.37504     2.86115     2.52429     2.76422     2.52429     0.00008     0.00001     0.00008     0.00001     0.00008    10.67421
   -21.33904     2.86115     2.52429     2.76422     2.52429     0.00008     0.00001     0.00008     0.00001     0.00008    10.67421
   -21.30404     2.86115     2.52429     2.76422     2.52429     0.00008     0.00001     0.00008     0.00001     0.00008    10.67421
   -21.26804     2.86115     2.52429     2.76422     2.52429     0.00008     0.00001     0.00008     0.00001     0.00008    10.67421
   -21.23304     2.86115     2.52429     2.76422     2.52429     0.00008     0.00001     0.00008     0.00001     0.00008    10.67421
   -21.19804     2.86115     2.52429     2.76422     2.52429     0.00008     0.00001     0.00008     0.00001     0.00008    10.67421
   -21.16204     2.86115     2.52429     2.76422     2.52429     0.00008     0.00001     0.00008     0.00001     0.00008    10.67421
   -21.12704     2.86115     2.52429     2.76422     2.52429     0.00008     0.00001     0.00008     0.00001     0.00008    10.67421
   -21.09104     2.86115     2.52429     2.76422     2.52429     0.00008     0.00001     0.00008     0.00001     0.00008    10.67421
   -21.05604     2.86115     2.52429     2.76422     2.52429     0.00008     0.00001     0.00008     0.00001     0.00008    10.67421
   -21.02004     2.86115     2.52429     2.76422     2.52429     0.00008     0.00001     0.00008     0.00001     0.00008    10.67421
   -20.98504     2.86115     2.52429     2.76422     2.52429     0.00008     0.00001     0.00008     0.00001     0.00008    10.67421
   -20.94904     2.86115     2.52429     2.76422     2.52429     0.00008     0.00001     0.00008     0.00001     0.00008    10.67421
   -20.91404     2.86115     2.52429     2.76422     2.52429     0.00008     0.00001     0.00008     0.00001     0.00008    10.67421
   -20.87904     2.86115     2.52429     2.76422     2.52429     0.00008     0.00001     0.00008     0.00001     0.00008    10.67421
   -20.84304     2.86115     2.52429     2.76422     2.52429     0.00008     0.00001     0.00008     0.00001     0.00008    10.67421
   -20.80804     2.86115     2.52429     2.76422     2.52429     0.00008     0.00001     0.00008     0.00001     0.00008    10.67421
   -20.77204     2.86115     2.52429     2.76422     2.52429     0.00008     0.00001     0.00008     0.00001     0.00008    10.67421
   -20.73704     2.86115     2.52429     2.76422     2.52429     0.00008     0.00001     0.00008     0.00001     0.00008    10.67421
   -20.70104     2.86115     2.52429     2.76422     2.52429     0.00008     0.00001     0.00008     0.00001     0.00008    10.67421
   -20.66604     2.86115     2.52429     2.76422     2.52429     0.00008     0.00001     0.00008     0.00001     0.00008    10.67421
   -20.63004     2.86115     2.52429     2.76422     2.52429     0.00008     0.00001     0.00008     0.00001     0.00008    10.67421
   -20.59504     2.86115     2.52429     2.76422     2.52429     0.00008     0.00001     0.00008     0.00001     0.00008    10.67421
   -20.56004     2.86115     2.52429     2.76422     2.52429     0.00008     0.00001     0.00008     0.00001     0.00008    10.67421
   -20.52404     2.86115     2.52429     2.76422     2.52429     0.00008     0.00001     0.00008     0.00001     0.00008    10.67421
   -20.48904     2.86115     2.52429     2.76422     2.52429     0.00008     0.00001     0.00008     0.00001     0.00008    10.67421
   -20.45304     2.86115     2.52429     2.76422     2.52429     0.00008     0.00001     0.00008     0.00001     0.00008    10.67421
   -20.41804     2.86115     2.52429     2.76422     2.52429     0.00008     0.00001     0.00008     0.00001     0.00008    10.67421
   -20.38204     2.86115     2.52429     2.76422     2.52429     0.00008     0.00001     0.00008     0.00001     0.00008    10.67421
   -20.34704     2.86115     2.52429     2.76422     2.52429     0.00008     0.00001     0.00008     0.00001     0.00008    10.67421
   -20.31104     2.86115     2.52429     2.76422     2.52429     0.00008     0.00001     0.00008     0.00001     0.00008    10.67421
   -20.27604     2.86115     2.52429     2.76422     2.52429     0.00008     0.00001     0.00008     0.00001     0.00008    10.67421
   -20.24104     2.86115     2.52429     2.76422     2.52429     0.00008     0.00001     0.00008     0.00001     0.00008    10.67421
   -20.20504     2.86115     2.52429     2.76422     2.52429     0.00008     0.00001     0.00008     0.00001     0.00008    10.67421
   -20.17004     2.86115     2.52429     2.76422     2.52429     0.00008     0.00001     0.00008     0.00001     0.00008    10.67421
   -20.13404     2.86115     2.52429     2.76422     2.52429     0.00008     0.00001     0.00008     0.00001     0.00008    10.67421
   -20.09904     2.86115     2.52429     2.76422     2.52429     0.00008     0.00001     0.00008     0.00001     0.00008    10.67421
   -20.06304     2.86115     2.52429     2.76422     2.52429     0.00008     0.00001     0.00008     0.00001     0.00008    10.67421
   -20.02804     2.86115     2.52429     2.76422     2.52429     0.00008     0.00001     0.00008     0.00001     0.00008    10.67421
   -19.99204     2.86115     2.52429     2.76422     2.52429     0.00008     0.00001     0.00008     0.00001     0.00008    10.67421
   -19.95704     2.86115     2.52429     2.76422     2.52429     0.00008     0.00001     0.00008     0.00001     0.00008    10.67421
   -19.92204     2.86115     2.52429     2.76422     2.52429     0.00008     0.00001     0.00008     0.00001     0.00008    10.67421
   -19.88604     2.86115     2.52429     2.76422     2.52429     0.00008     0.00001     0.00008     0.00001     0.00008    10.67421
   -19.85104     2.86115     2.52429     2.76422     2.52429     0.00008     0.00001     0.00008     0.00001     0.00008    10.67421
   -19.81504     2.86115     2.52429     2.76422     2.52429     0.00008     0.00001     0.00008     0.00001     0.00008    10.67421
   -19.78004     2.86115     2.52429     2.76422     2.52429     0.00008     0.00001     0.00008     0.00001     0.00008    10.67421
   -19.74404     2.86115     2.52429     2.76422     2.52429     0.00008     0.00001     0.00008     0.00001     0.00008    10.67421
   -19.70904     2.86115     2.52429     2.76422     2.52429     0.00008     0.00001     0.00008     0.00001     0.00008    10.67421
   -19.67404     2.86115     2.52429     2.76422     2.52429     0.00008     0.00001     0.00008     0.00001     0.00008    10.67421
   -19.63804     2.86115     2.52429     2.76422     2.52429     0.00008     0.00001     0.00008     0.00001     0.00008    10.67421
   -19.60304     2.86115     2.52429     2.76422     2.52429     0.00008     0.00001     0.00008     0.00001     0.00008    10.67421
   -19.56704     2.86115     2.52429     2.76422     2.52429     0.00008     0.00001     0.00008     0.00001     0.00008    10.67421
   -19.53204     2.86115     2.52429     2.76422     2.52429     0.00008     0.00001     0.00008     0.00001     0.00008    10.67421
   -19.49604     2.86115     2.52429     2.76422     2.52429     0.00008     0.00001     0.00008     0.00001     0.00008    10.67421
   -19.46104     2.86115     2.52429     2.76422     2.52429     0.00008     0.00001     0.00008     0.00001     0.00008    10.67421
   -19.42504     2.86115     2.52429     2.76422     2.52429     0.00008     0.00001     0.00008     0.00001     0.00008    10.67421
   -19.39004     2.86115     2.52429     2.76422     2.52429     0.00008     0.00001     0.00008     0.00001     0.00008    10.67421
   -19.35504     2.86115     2.52429     2.76422     2.52429     0.00008     0.00001     0.00008     0.00001     0.00008    10.67421
   -19.31904     2.86115     2.52429     2.76422     2.52429     0.00008     0.00001     0.00008     0.00001     0.00008    10.67421
   -19.28404     2.86115     2.52429     2.76422     2.52429     0.00008     0.00001     0.00008     0.00001     0.00008    10.67421
   -19.24804     2.86115     2.52429     2.76422     2.52429     0.00008     0.00001     0.00008     0.00001     0.00008    10.67421
   -19.21304     2.86115     2.52429     2.76422     2.52429     0.00008     0.00001     0.00008     0.00001     0.00008    10.67421
   -19.17704     2.86115     2.52429     2.76422     2.52429     0.00008     0.00001     0.00008     0.00001     0.00008    10.67421
   -19.14204     2.86115     2.52429     2.76422     2.52429     0.00008     0.00001     0.00008     0.00001     0.00008    10.67421
   -19.10604     2.86115     2.52429     2.76422     2.52429     0.00008     0.00001     0.00008     0.00001     0.00008    10.67421
   -19.07104     2.86115     2.52429     2.76422     2.52429     0.00008     0.00001     0.00008     0.00001     0.00008    10.67421
   -19.03604     2.86115     2.52429     2.76422     2.52429     0.00008     0.00001     0.00008     0.00001     0.00008    10.67421
   -19.00004     2.86115     2.52429     2.76422     2.52429     0.00008     0.00001     0.00008     0.00001     0.00008    10.67421
   -18.96504     2.86115     2.52429     2.76422     2.52429     0.00008     0.00001     0.00008     0.00001     0.00008    10.67421
   -18.92904     2.86115     2.52429     2.76422     2.52429     0.00008     0.00001     0.00008     0.00001     0.00008    10.67421
   -18.89404     2.86115     2.52429     2.76422     2.52429     0.00008     0.00001     0.00008     0.00001     0.00008    10.67421
   -18.85804     2.86115     2.52429     2.76422     2.52429     0.00008     0.00001     0.00008     0.00001     0.00008    10.67421
   -18.82304     2.86115     2.52429     2.76422     2.52429     0.00008     0.00001     0.00008     0.00001     0.00008    10.67421
   -18.78704     2.86115     2.52429     2.76422     2.52429     0.00008     0.00001     0.00008     0.00001     0.00008    10.67421
   -18.75204     2.86115     2.52429     2.76422     2.52429     0.00008     0.00001     0.00008     0.00001     0.00008    10.67421
   -18.71704     2.86115     2.52429     2.76422     2.52429     0.00008     0.00001     0.00008     0.00001     0.00008    10.67421
   -18.68104     2.86115     2.52429     2.76422     2.52429     0.00008     0.00001     0.00008     0.00001     0.00008    10.67421
   -18.64604     2.86115     2.52429     2.76422     2.52429     0.00008     0.00001     0.00008     0.00001     0.00008    10.67421
   -18.61004     2.86115     2.52429     2.76422     2.52429     0.00008     0.00001     0.00008     0.00001     0.00008    10.67421
   -18.57504     2.86115     2.52429     2.76422     2.52429     0.00008     0.00001     0.00008     0.00001     0.00008    10.67421
   -18.53904     2.86115     2.52429     2.76422     2.52429     0.00008     0.00001     0.00008     0.00001     0.00008    10.67421
   -18.50404     2.86115     2.52429     2.76422     2.52429     0.00008     0.00001     0.00008     0.00001     0.00008    10.67421
   -18.46804     2.86115     2.52429     2.76422     2.52429     0.00008     0.00001     0.00008     0.00001     0.00008    10.67421
   -18.43304     2.86115     2.52429     2.76422     2.52429     0.00008     0.00001     0.00008     0.00001     0.00008    10.67421
   -18.39804     2.86115     2.52429     2.76422     2.52429     0.00008     0.00001     0.00008     0.00001     0.00008    10.67421
   -18.36204     2.86115     2.52429     2.76422     2.52429     0.00008     0.00001     0.00008     0.00001     0.00008    10.67421
   -18.32704     2.86115     2.52429     2.76422     2.52429     0.00008     0.00001     0.00008     0.00001     0.00008    10.67421
   -18.29104     2.86115     2.52429     2.76422     2.52429     0.00008     0.00001     0.00008     0.00001     0.00008    10.67421
   -18.25604     2.86115     2.52429     2.76422     2.52429     0.00008     0.00001     0.00008     0.00001     0.00008    10.67421
   -18.22004     2.86115     2.52429     2.76422     2.52429     0.00008     0.00001     0.00008     0.00001     0.00008    10.67421
   -18.18504     2.86115     2.52429     2.76422     2.52429     0.00008     0.00001     0.00008     0.00001     0.00008    10.67421
   -18.14904     2.86115     2.52429     2.76422     2.52429     0.00008     0.00001     0.00008     0.00001     0.00008    10.67421
   -18.11404     2.86115     2.52429     2.76422     2.52429     0.00008     0.00001     0.00008     0.00001     0.00008    10.67421
   -18.07904     2.86115     2.52429     2.76422     2.52429     0.00008     0.00001     0.00008     0.00001     0.00008    10.67421
   -18.04304     2.86115     2.52429     2.76422     2.52429     0.00008     0.00001     0.00008     0.00001     0.00008    10.67421
   -18.00804     2.86115     2.52429     2.76422     2.52429     0.00008     0.00001     0.00008     0.00001     0.00008    10.67421
   -17.97204     2.86115     2.52429     2.76422     2.52429     0.00008     0.00001     0.00008     0.00001     0.00008    10.67421
   -17.93704     2.86115     2.52429     2.76422     2.52429     0.00008     0.00001     0.00008     0.00001     0.00008    10.67421
   -17.90104     2.86115     2.52429     2.76422     2.52429     0.00008     0.00001     0.00008     0.00001     0.00008    10.67421
   -17.86604     2.86115     2.52429     2.76422     2.52429     0.00008     0.00001     0.00008     0.00001     0.00008    10.67421
   -17.83004     2.86115     2.52429     2.76422     2.52429     0.00008     0.00001     0.00008     0.00001     0.00008    10.67421
   -17.79504     2.86115     2.52429     2.76422     2.52429     0.00008     0.00001     0.00008     0.00001     0.00008    10.67421
   -17.76004     2.86115     2.52429     2.76422     2.52429     0.00008     0.00001     0.00008     0.00001     0.00008    10.67421
   -17.72404     2.86115     2.52429     2.76422     2.52429     0.00008     0.00001     0.00008     0.00001     0.00008    10.67421
   -17.68904     2.86115     2.52429     2.76422     2.52429     0.00008     0.00001     0.00008     0.00001     0.00008    10.67421
   -17.65304     2.86115     2.52429     2.76422     2.52429     0.00008     0.00001     0.00008     0.00001     0.00008    10.67421
   -17.61804     2.86115     2.52429     2.76422     2.52429     0.00008     0.00001     0.00008     0.00001     0.00008    10.67421
   -17.58204     2.86115     2.52429     2.76422     2.52429     0.00008     0.00001     0.00008     0.00001     0.00008    10.67421
   -17.54704     2.86115     2.52429     2.76422     2.52429     0.00008     0.00001     0.00008     0.00001     0.00008    10.67421
   -17.51104     2.86115     2.52429     2.76422     2.52429     0.00008     0.00001     0.00008     0.00001     0.00008    10.67421
   -17.47604     2.86115     2.52429     2.76422     2.52429     0.00008     0.00001     0.00008     0.00001     0.00008    10.67421
   -17.44104     2.86115     2.52429     2.76422     2.52429     0.00008     0.00001     0.00008     0.00001     0.00008    10.67421
   -17.40504     2.86115     2.52429     2.76422     2.52429     0.00008     0.00001     0.00008     0.00001     0.00008    10.67421
   -17.37004     2.86115     2.52429     2.76422     2.52429     0.00008     0.00001     0.00008     0.00001     0.00008    10.67421
   -17.33404     2.86115     2.52429     2.76422     2.52429     0.00008     0.00001     0.00008     0.00001     0.00008    10.67421
   -17.29904     2.86115     2.52429     2.76422     2.52429     0.00008     0.00001     0.00008     0.00001     0.00008    10.67421
   -17.26304     2.86115     2.52429     2.76422     2.52429     0.00008     0.00001     0.00008     0.00001     0.00008    10.67421
   -17.22804     2.86115     2.52429     2.76422     2.52429     0.00008     0.00001     0.00008     0.00001     0.00008    10.67421
   -17.19204     2.86115     2.52429     2.76422     2.52429     0.00008     0.00001     0.00008     0.00001     0.00008    10.67421
   -17.15704     2.86115     2.52429     2.76422     2.52429     0.00008     0.00001     0.00008     0.00001     0.00008    10.67421
   -17.12204     2.86115     2.52429     2.76422     2.52429     0.00008     0.00001     0.00008     0.00001     0.00008    10.67421
   -17.08604     2.86115     2.52429     2.76422     2.52429     0.00008     0.00001     0.00008     0.00001     0.00008    10.67421
   -17.05104     2.86115     2.52429     2.76422     2.52429     0.00008     0.00001     0.00008     0.00001     0.00008    10.67421
   -17.01504     2.86115     2.52429     2.76422     2.52429     0.00008     0.00001     0.00008     0.00001     0.00008    10.67421
   -16.98004     2.86115     2.52429     2.76422     2.52429     0.00008     0.00001     0.00008     0.00001     0.00008    10.67421
   -16.94404     2.86115     2.52429     2.76422     2.52429     0.00008     0.00001     0.00008     0.00001     0.00008    10.67421
   -16.90904     2.86115     2.52429     2.76422     2.52429     0.00008     0.00001     0.00008     0.00001     0.00008    10.67421
   -16.87304     2.86115     2.52429     2.76422     2.52429     0.00008     0.00001     0.00008     0.00001     0.00008    10.67421
   -16.83804     2.86115     2.52429     2.76422     2.52429     0.00008     0.00001     0.00008     0.00001     0.00008    10.67421
   -16.80304     2.86115     2.52429     2.76422     2.52429     0.00008     0.00001     0.00008     0.00001     0.00008    10.67421
   -16.76704     2.86115     2.52429     2.76422     2.52429     0.00008     0.00001     0.00008     0.00001     0.00008    10.67421
   -16.73204     2.86115     2.52429     2.76422     2.52429     0.00008     0.00001     0.00008     0.00001     0.00008    10.67421
   -16.69604     2.86115     2.52429     2.76422     2.52429     0.00008     0.00001     0.00008     0.00001     0.00008    10.67421
   -16.66104     2.86115     2.52429     2.76422     2.52429     0.00008     0.00001     0.00008     0.00001     0.00008    10.67421
   -16.62504     2.86115     2.52429     2.76422     2.52429     0.00008     0.00001     0.00008     0.00001     0.00008    10.67421
   -16.59004     2.86115     2.52429     2.76422     2.52429     0.00008     0.00001     0.00008     0.00001     0.00008    10.67421
   -16.55504     2.86115     2.52429     2.76422     2.52429     0.00008     0.00001     0.00008     0.00001     0.00008    10.67421
   -16.51904     2.86115     2.52429     2.76422     2.52429     0.00008     0.00001     0.00008     0.00001     0.00008    10.67421
   -16.48404     2.86115     2.52429     2.76422     2.52429     0.00008     0.00001     0.00008     0.00001     0.00008    10.67421
   -16.44804     2.86115     2.52429     2.76422     2.52429     0.00008     0.00001     0.00008     0.00001     0.00008    10.67421
   -16.41304     2.86115     2.52429     2.76422     2.52429     0.00008     0.00001     0.00008     0.00001     0.00008    10.67421
   -16.37704     2.86115     2.52429     2.76422     2.52429     0.00008     0.00001     0.00008     0.00001     0.00008    10.67421
   -16.34204     2.86115     2.52429     2.76422     2.52429     0.00008     0.00001     0.00008     0.00001     0.00008    10.67421
   -16.30604     2.86115     2.52429     2.76422     2.52429     0.00008     0.00001     0.00008     0.00001     0.00008    10.67421
   -16.27104     2.86115     2.52429     2.76422     2.52429     0.00008     0.00001     0.00008     0.00001     0.00008    10.67421
   -16.23604     2.86115     2.52429     2.76422     2.52429     0.00008     0.00001     0.00008     0.00001     0.00008    10.67421
   -16.20004     2.86115     2.52429     2.76422     2.52429     0.00008     0.00001     0.00008     0.00001     0.00008    10.67421
   -16.16504     2.86115     2.52429     2.76422     2.52429     0.00008     0.00001     0.00008     0.00001     0.00008    10.67421
   -16.12904     2.86115     2.52429     2.76422     2.52429     0.00008     0.00001     0.00008     0.00001     0.00008    10.67421
   -16.09404     2.86115     2.52429     2.76422     2.52429     0.00008     0.00001     0.00008     0.00001     0.00008    10.67421
   -16.05804     2.86115     2.52429     2.76422     2.52429     0.00008     0.00001     0.00008     0.00001     0.00008    10.67421
   -16.02304     2.86115     2.52429     2.76422     2.52429     0.00008     0.00001     0.00008     0.00001     0.00008    10.67421
   -15.98704     2.86115     2.52429     2.76422     2.52429     0.00008     0.00001     0.00008     0.00001     0.00008    10.67421
   -15.95204     2.86115     2.52429     2.76422     2.52429     0.00008     0.00001     0.00008     0.00001     0.00008    10.67421
   -15.91704     2.86115     2.52429     2.76422     2.52429     0.00008     0.00001     0.00008     0.00001     0.00008    10.67421
   -15.88104     2.86115     2.52429     2.76422     2.52429     0.00008     0.00001     0.00008     0.00001     0.00008    10.67421
   -15.84604     2.86115     2.52429     2.76422     2.52429     0.00008     0.00001     0.00008     0.00001     0.00008    10.67421
   -15.81004     2.86115     2.52429     2.76422     2.52429     0.00008     0.00001     0.00008     0.00001     0.00008    10.67421
   -15.77504     2.86115     2.52429     2.76422     2.52429     0.00008     0.00001     0.00008     0.00001     0.00008    10.67421
   -15.73904     2.86115     2.52429     2.76422     2.52429     0.00008     0.00001     0.00008     0.00001     0.00008    10.67421
   -15.70404     2.86115     2.52429     2.76422     2.52429     0.00008     0.00001     0.00008     0.00001     0.00008    10.67421
   -15.66804     2.86115     2.52429     2.76422     2.52429     0.00008     0.00001     0.00008     0.00001     0.00008    10.67421
   -15.63304     2.86115     2.52429     2.76422     2.52429     0.00008     0.00001     0.00008     0.00001     0.00008    10.67421
   -15.59804     2.86115     2.52429     2.76422     2.52429     0.00008     0.00001     0.00008     0.00001     0.00008    10.67421
   -15.56204     2.86115     2.52429     2.76422     2.52429     0.00008     0.00001     0.00008     0.00001     0.00008    10.67421
   -15.52704     2.86115     2.52429     2.76422     2.52429     0.00008     0.00001     0.00008     0.00001     0.00008    10.67421
   -15.49104     2.86115     2.52429     2.76422     2.52429     0.00008     0.00001     0.00008     0.00001     0.00008    10.67421
   -15.45604     2.86115     2.52429     2.76422     2.52429     0.00008     0.00001     0.00008     0.00001     0.00008    10.67421
   -15.42004     2.86115     2.52429     2.76422     2.52429     0.00008     0.00001     0.00008     0.00001     0.00008    10.67421
   -15.38504     2.86115     2.52429     2.76422     2.52429     0.00008     0.00001     0.00008     0.00001     0.00008    10.67421
   -15.34904     2.86115     2.52429     2.76422     2.52429     0.00008     0.00001     0.00008     0.00001     0.00008    10.67421
   -15.31404     2.86115     2.52429     2.76422     2.52429     0.00008     0.00001     0.00008     0.00001     0.00008    10.67421
   -15.27904     2.86115     2.52429     2.76422     2.52429     0.00008     0.00001     0.00008     0.00001     0.00008    10.67421
   -15.24304     2.86115     2.52429     2.76422     2.52429     0.00008     0.00001     0.00008     0.00001     0.00008    10.67421
   -15.20804     2.86115     2.52429     2.76422     2.52429     0.00008     0.00001     0.00008     0.00001     0.00008    10.67421
   -15.17204     2.86115     2.52429     2.76422     2.52429     0.00008     0.00001     0.00008     0.00001     0.00008    10.67421
   -15.13704     2.86115     2.52429     2.76422     2.52429     0.00008     0.00001     0.00008     0.00001     0.00008    10.67421
   -15.10104     2.86115     2.52429     2.76422     2.52429     0.00008     0.00001     0.00008     0.00001     0.00008    10.67421
   -15.06604     2.86115     2.52429     2.76422     2.52429     0.00008     0.00001     0.00008     0.00001     0.00008    10.67421
   -15.03004     2.86115     2.52429     2.76422     2.52429     0.00008     0.00001     0.00008     0.00001     0.00008    10.67421
   -14.99504     2.86115     2.52429     2.76422     2.52429     0.00008     0.00001     0.00008     0.00001     0.00008    10.67421
   -14.96004     2.86115     2.52429     2.76422     2.52429     0.00008     0.00001     0.00008     0.00001     0.00008    10.67421
   -14.92404     2.86115     2.52429     2.76422     2.52429     0.00008     0.00001     0.00008     0.00001     0.00008    10.67421
   -14.88904     2.86115     2.52429     2.76422     2.52429     0.00008     0.00001     0.00008     0.00001     0.00008    10.67421
   -14.85304     2.86115     2.52429     2.76422     2.52429     0.00008     0.00001     0.00008     0.00001     0.00008    10.67421
   -14.81804     2.86115     2.52429     2.76422     2.52429     0.00008     0.00001     0.00008     0.00001     0.00008    10.67421
   -14.78204     2.86115     2.52429     2.76422     2.52429     0.00008     0.00001     0.00008     0.00001     0.00008    10.67421
   -14.74704     2.86115     2.52429     2.76422     2.52429     0.00008     0.00001     0.00008     0.00001     0.00008    10.67421
   -14.71104     2.86115     2.52429     2.76422     2.52429     0.00008     0.00001     0.00008     0.00001     0.00008    10.67421
   -14.67604     2.86115     2.52429     2.76422     2.52429     0.00008     0.00001     0.00008     0.00001     0.00008    10.67421
   -14.64104     2.86115     2.52429     2.76422     2.52429     0.00008     0.00001     0.00008     0.00001     0.00008    10.67421
   -14.60504     2.86115     2.52429     2.76422     2.52429     0.00008     0.00001     0.00008     0.00001     0.00008    10.67421
   -14.57004     2.86115     2.52429     2.76422     2.52429     0.00008     0.00001     0.00008     0.00001     0.00008    10.67421
   -14.53404     2.86115     2.52429     2.76422     2.52429     0.00008     0.00001     0.00008     0.00001     0.00008    10.67421
   -14.49904     2.86115     2.52429     2.76422     2.52429     0.00008     0.00001     0.00008     0.00001     0.00008    10.67421
   -14.46304     2.86115     2.52429     2.76422     2.52429     0.00008     0.00001     0.00008     0.00001     0.00008    10.67421
   -14.42804     2.86115     2.52429     2.76422     2.52429     0.00008     0.00001     0.00008     0.00001     0.00008    10.67421
   -14.39204     2.86115     2.52429     2.76422     2.52429     0.00008     0.00001     0.00008     0.00001     0.00008    10.67421
   -14.35704     2.86115     2.52429     2.76422     2.52429     0.00008     0.00001     0.00008     0.00001     0.00008    10.67421
   -14.32204     2.86115     2.52429     2.76422     2.52429     0.00008     0.00001     0.00008     0.00001     0.00008    10.67421
   -14.28604     2.86115     2.52429     2.76422     2.52429     0.00008     0.00001     0.00008     0.00001     0.00008    10.67421
   -14.25104     2.86115     2.52429     2.76422     2.52429     0.00008     0.00001     0.00008     0.00001     0.00008    10.67421
   -14.21504     2.86115     2.52429     2.76422     2.52429     0.00008     0.00001     0.00008     0.00001     0.00008    10.67421
   -14.18004     2.86115     2.52429     2.76422     2.52429     0.00008     0.00001     0.00008     0.00001     0.00008    10.67421
   -14.14404     2.86115     2.52429     2.76422     2.52429     0.00008     0.00001     0.00008     0.00001     0.00008    10.67421
   -14.10904     2.86115     2.52429     2.76422     2.52429     0.00008     0.00001     0.00008     0.00001     0.00008    10.67421
   -14.07304     2.86115     2.52429     2.76422     2.52429     0.00008     0.00001     0.00008     0.00001     0.00008    10.67421
   -14.03804     2.86115     2.52429     2.76422     2.52429     0.00008     0.00001     0.00008     0.00001     0.00008    10.67421
   -14.00304     2.86115     2.52429     2.76422     2.52429     0.00008     0.00001     0.00008     0.00001     0.00008    10.67421
   -13.96704     2.86115     2.52429     2.76422     2.52429     0.00008     0.00001     0.00008     0.00001     0.00008    10.67421
   -13.93204     2.86115     2.52429     2.76422     2.52429     0.00008     0.00001     0.00008     0.00001     0.00008    10.67421
   -13.89604     2.86115     2.52429     2.76422     2.52429     0.00008     0.00001     0.00008     0.00001     0.00008    10.67421
   -13.86104     2.86115     2.52429     2.76422     2.52429     0.00008     0.00001     0.00008     0.00001     0.00008    10.67421
   -13.82504     2.86115     2.52429     2.76422     2.52429     0.00008     0.00001     0.00008     0.00001     0.00008    10.67421
   -13.79004     2.86115     2.52429     2.76422     2.52429     0.00008     0.00001     0.00008     0.00001     0.00008    10.67421
   -13.75504     2.86115     2.52429     2.76422     2.52429     0.00008     0.00001     0.00008     0.00001     0.00008    10.67421
   -13.71904     2.86115     2.52429     2.76422     2.52429     0.00008     0.00001     0.00008     0.00001     0.00008    10.67421
   -13.68404     2.86115     2.52429     2.76422     2.52429     0.00008     0.00001     0.00008     0.00001     0.00008    10.67421
   -13.64804     2.86115     2.52429     2.76422     2.52429     0.00008     0.00001     0.00008     0.00001     0.00008    10.67421
   -13.61304     2.86115     2.52429     2.76422     2.52429     0.00008     0.00001     0.00008     0.00001     0.00008    10.67421
   -13.57704     2.86115     2.52429     2.76422     2.52429     0.00008     0.00001     0.00008     0.00001     0.00008    10.67421
   -13.54204     2.86121     2.52429     2.76422     2.52429     0.00008     0.00001     0.00008     0.00001     0.00008    10.67427
   -13.50604     2.86135     2.52429     2.76422     2.52429     0.00008     0.00001     0.00009     0.00001     0.00008    10.67443
   -13.47104     2.86155     2.52429     2.76423     2.52429     0.00008     0.00001     0.00009     0.00001     0.00008    10.67463
   -13.43604     2.86179     2.52429     2.76423     2.52429     0.00008     0.00001     0.00010     0.00001     0.00008    10.67490
   -13.40004     2.86208     2.52430     2.76424     2.52430     0.00008     0.00001     0.00012     0.00001     0.00008    10.67521
   -13.36504     2.86238     2.52430     2.76424     2.52430     0.00008     0.00001     0.00013     0.00001     0.00008    10.67554
   -13.32904     2.86271     2.52431     2.76426     2.52431     0.00008     0.00001     0.00014     0.00001     0.00008    10.67591
   -13.29404     2.86308     2.52431     2.76427     2.52431     0.00008     0.00001     0.00016     0.00001     0.00008    10.67631
   -13.25804     2.86347     2.52432     2.76428     2.52432     0.00008     0.00001     0.00017     0.00001     0.00008    10.67675
   -13.22304     2.86388     2.52433     2.76430     2.52433     0.00008     0.00001     0.00019     0.00001     0.00008    10.67722
   -13.18704     2.86431     2.52434     2.76433     2.52434     0.00008     0.00001     0.00021     0.00001     0.00008    10.67771
   -13.15204     2.86475     2.52435     2.76435     2.52435     0.00008     0.00001     0.00023     0.00001     0.00008    10.67822
   -13.11704     2.86521     2.52436     2.76438     2.52436     0.00008     0.00001     0.00025     0.00001     0.00008    10.67876
   -13.08104     2.86569     2.52438     2.76442     2.52438     0.00008     0.00001     0.00027     0.00001     0.00008    10.67933
   -13.04604     2.86619     2.52439     2.76445     2.52439     0.00009     0.00001     0.00030     0.00001     0.00009    10.67993
   -13.01004     2.86671     2.52441     2.76450     2.52441     0.00009     0.00002     0.00032     0.00002     0.00009    10.68055
   -12.97504     2.86724     2.52443     2.76454     2.52443     0.00009     0.00002     0.00034     0.00002     0.00009    10.68119
   -12.93904     2.86778     2.52445     2.76459     2.52445     0.00009     0.00002     0.00037     0.00002     0.00009    10.68186
   -12.90404     2.86833     2.52447     2.76465     2.52447     0.00009     0.00002     0.00040     0.00002     0.00009    10.68254
   -12.86804     2.86890     2.52450     2.76471     2.52450     0.00009     0.00002     0.00042     0.00002     0.00009    10.68325
   -12.83304     2.86948     2.52453     2.76478     2.52453     0.00009     0.00003     0.00045     0.00003     0.00009    10.68399
   -12.79804     2.87007     2.52455     2.76485     2.52455     0.00009     0.00003     0.00048     0.00003     0.00009    10.68475
   -12.76204     2.87068     2.52458     2.76493     2.52458     0.00009     0.00003     0.00051     0.00003     0.00009    10.68553
   -12.72704     2.87129     2.52462     2.76501     2.52462     0.00009     0.00004     0.00054     0.00004     0.00009    10.68634
   -12.69104     2.87192     2.52465     2.76510     2.52465     0.00009     0.00004     0.00058     0.00004     0.00009    10.68717
   -12.65604     2.87255     2.52469     2.76520     2.52469     0.00010     0.00005     0.00061     0.00005     0.00010    10.68802
   -12.62004     2.87319     2.52473     2.76530     2.52473     0.00010     0.00005     0.00064     0.00005     0.00010    10.68889
   -12.58504     2.87384     2.52477     2.76541     2.52477     0.00010     0.00006     0.00068     0.00006     0.00010    10.68979
   -12.54904     2.87450     2.52481     2.76553     2.52481     0.00010     0.00007     0.00071     0.00007     0.00010    10.69071
   -12.51404     2.87516     2.52486     2.76566     2.52486     0.00010     0.00008     0.00075     0.00008     0.00010    10.69165
   -12.47904     2.87584     2.52491     2.76579     2.52491     0.00011     0.00009     0.00079     0.00009     0.00011    10.69261
   -12.44304     2.87652     2.52496     2.76594     2.52496     0.00011     0.00010     0.00082     0.00010     0.00011    10.69361
   -12.40804     2.87721     2.52501     2.76609     2.52501     0.00011     0.00011     0.00086     0.00011     0.00011    10.69462
   -12.37204     2.87791     2.52506     2.76625     2.52506     0.00012     0.00012     0.00090     0.00012     0.00012    10.69566
   -12.33704     2.87861     2.52512     2.76642     2.52512     0.00012     0.00013     0.00095     0.00013     0.00012    10.69673
   -12.30104     2.87932     2.52518     2.76660     2.52518     0.00012     0.00015     0.00099     0.00015     0.00012    10.69781
   -12.26604     2.88003     2.52524     2.76680     2.52524     0.00013     0.00017     0.00103     0.00017     0.00013    10.69892
   -12.23004     2.88074     2.52531     2.76700     2.52531     0.00013     0.00018     0.00107     0.00018     0.00013    10.70006
   -12.19504     2.88146     2.52537     2.76722     2.52537     0.00014     0.00020     0.00112     0.00020     0.00014    10.70122
   -12.16004     2.88218     2.52544     2.76744     2.52544     0.00014     0.00023     0.00116     0.00023     0.00014    10.70241
   -12.12404     2.88291     2.52551     2.76768     2.52551     0.00015     0.00025     0.00121     0.00025     0.00015    10.70363
   -12.08904     2.88365     2.52559     2.76794     2.52559     0.00015     0.00028     0.00126     0.00028     0.00015    10.70488
   -12.05304     2.88438     2.52567     2.76820     2.52567     0.00016     0.00031     0.00131     0.00031     0.00016    10.70615
   -12.01804     2.88512     2.52574     2.76849     2.52574     0.00017     0.00034     0.00136     0.00034     0.00017    10.70746
   -11.98204     2.88586     2.52583     2.76880     2.52583     0.00017     0.00037     0.00141     0.00037     0.00017    10.70880
   -11.94704     2.88660     2.52591     2.76912     2.52591     0.00018     0.00041     0.00146     0.00041     0.00018    10.71018
   -11.91104     2.88734     2.52600     2.76946     2.52600     0.00019     0.00045     0.00151     0.00045     0.00019    10.71158
   -11.87604     2.88809     2.52609     2.76982     2.52609     0.00020     0.00049     0.00156     0.00049     0.00020    10.71302
   -11.84104     2.88883     2.52618     2.77021     2.52618     0.00020     0.00054     0.00162     0.00054     0.00020    10.71450
   -11.80504     2.88957     2.52628     2.77062     2.52628     0.00021     0.00059     0.00167     0.00059     0.00021    10.71601
   -11.77004     2.89031     2.52638     2.77107     2.52638     0.00022     0.00065     0.00173     0.00065     0.00022    10.71759
   -11.73404     2.89104     2.52648     2.77156     2.52648     0.00023     0.00071     0.00178     0.00071     0.00023    10.71922
   -11.69904     2.89178     2.52658     2.77209     2.52658     0.00024     0.00077     0.00184     0.00077     0.00024    10.72091
   -11.66304     2.89251     2.52669     2.77274     2.52669     0.00025     0.00085     0.00190     0.00085     0.00025    10.72273
   -11.62804     2.89325     2.52679     2.77345     2.52679     0.00027     0.00093     0.00196     0.00093     0.00027    10.72465
   -11.59204     2.89397     2.52691     2.77414     2.52691     0.00028     0.00102     0.00202     0.00102     0.00028    10.72654
   -11.55704     2.89469     2.52702     2.77482     2.52702     0.00029     0.00112     0.00208     0.00112     0.00029    10.72845
   -11.52204     2.89539     2.52713     2.77549     2.52713     0.00030     0.00123     0.00214     0.00123     0.00030    10.73037
   -11.48604     2.89609     2.52725     2.77616     2.52725     0.00032     0.00135     0.00221     0.00135     0.00032    10.73230
   -11.45104     2.89678     2.52737     2.77682     2.52737     0.00033     0.00147     0.00227     0.00147     0.00033    10.73424
   -11.41504     2.89747     2.52750     2.77747     2.52750     0.00035     0.00161     0.00234     0.00161     0.00035    10.73619
   -11.38004     2.89814     2.52762     2.77812     2.52762     0.00037     0.00175     0.00240     0.00175     0.00037    10.73814
   -11.34404     2.89881     2.52775     2.77875     2.52775     0.00038     0.00190     0.00247     0.00190     0.00038    10.74011
   -11.30904     2.89947     2.52788     2.77938     2.52788     0.00040     0.00206     0.00254     0.00206     0.00040    10.74208
   -11.27304     2.90013     2.52802     2.78000     2.52802     0.00042     0.00224     0.00260     0.00224     0.00042    10.74407
   -11.23804     2.90077     2.52815     2.78061     2.52815     0.00044     0.00242     0.00267     0.00242     0.00044    10.74607
   -11.20304     2.90142     2.52829     2.78121     2.52829     0.00046     0.00261     0.00274     0.00261     0.00046    10.74808
   -11.16704     2.90205     2.52843     2.78180     2.52843     0.00048     0.00280     0.00281     0.00280     0.00048    10.75009
   -11.13204     2.90268     2.52857     2.78239     2.52857     0.00050     0.00301     0.00289     0.00301     0.00050    10.75213
   -11.09604     2.90331     2.52872     2.78297     2.52872     0.00052     0.00323     0.00296     0.00323     0.00052    10.75417
   -11.06104     2.90392     2.52886     2.78354     2.52886     0.00054     0.00346     0.00303     0.00346     0.00054    10.75623
   -11.02504     2.90453     2.52901     2.78410     2.52901     0.00057     0.00370     0.00311     0.00370     0.00057    10.75829
   -10.99004     2.90513     2.52916     2.78465     2.52916     0.00059     0.00395     0.00318     0.00395     0.00059    10.76036
   -10.95404     2.90572     2.52932     2.78519     2.52932     0.00062     0.00421     0.00326     0.00421     0.00062    10.76245
   -10.91904     2.90631     2.52947     2.78573     2.52947     0.00064     0.00447     0.00333     0.00447     0.00064    10.76455
   -10.88404     2.90689     2.52963     2.78626     2.52963     0.00067     0.00475     0.00341     0.00475     0.00067    10.76666
   -10.84804     2.90746     2.52979     2.78678     2.52979     0.00070     0.00504     0.00349     0.00504     0.00070    10.76879
   -10.81304     2.90802     2.52995     2.78728     2.52995     0.00073     0.00535     0.00357     0.00535     0.00073    10.77092
   -10.77704     2.90858     2.53012     2.78778     2.53012     0.00076     0.00566     0.00364     0.00566     0.00076    10.77307
   -10.74204     2.90913     2.53028     2.78827     2.53028     0.00079     0.00598     0.00372     0.00598     0.00079    10.77524
   -10.70604     2.90968     2.53045     2.78876     2.53045     0.00082     0.00632     0.00380     0.00632     0.00082    10.77742
   -10.67104     2.91022     2.53062     2.78923     2.53062     0.00085     0.00667     0.00389     0.00667     0.00085    10.77962
   -10.63604     2.91075     2.53079     2.78970     2.53079     0.00089     0.00703     0.00397     0.00703     0.00089    10.78183
   -10.60004     2.91128     2.53097     2.79016     2.53097     0.00092     0.00740     0.00405     0.00740     0.00092    10.78406
   -10.56504     2.91180     2.53115     2.79060     2.53115     0.00095     0.00778     0.00413     0.00778     0.00095    10.78630
   -10.52904     2.91232     2.53133     2.79104     2.53133     0.00099     0.00818     0.00421     0.00818     0.00099    10.78856
   -10.49404     2.91283     2.53151     2.79146     2.53151     0.00103     0.00859     0.00430     0.00859     0.00103    10.79085
   -10.45804     2.91332     2.53169     2.79188     2.53169     0.00107     0.00902     0.00438     0.00902     0.00107    10.79315
   -10.42304     2.91382     2.53188     2.79230     2.53188     0.00111     0.00946     0.00447     0.00946     0.00111    10.79547
   -10.38704     2.91430     2.53207     2.79270     2.53207     0.00115     0.00991     0.00455     0.00991     0.00115    10.79781
   -10.35204     2.91478     2.53226     2.79309     2.53226     0.00119     0.01039     0.00464     0.01039     0.00119    10.80018
   -10.31704     2.91525     2.53245     2.79347     2.53245     0.00123     0.01087     0.00472     0.01087     0.00123    10.80257
   -10.28104     2.91571     2.53265     2.79384     2.53265     0.00128     0.01138     0.00481     0.01138     0.00128    10.80498
   -10.24604     2.91616     2.53285     2.79420     2.53285     0.00132     0.01191     0.00489     0.01191     0.00132    10.80742
   -10.21004     2.91661     2.53305     2.79455     2.53305     0.00137     0.01245     0.00498     0.01245     0.00137    10.80989
   -10.17504     2.91706     2.53326     2.79489     2.53326     0.00142     0.01302     0.00507     0.01302     0.00142    10.81240
   -10.13904     2.91749     2.53347     2.79523     2.53347     0.00147     0.01361     0.00515     0.01361     0.00147    10.81495
   -10.10404     2.91792     2.53368     2.79555     2.53368     0.00152     0.01422     0.00524     0.01422     0.00152    10.81754
   -10.06804     2.91834     2.53389     2.79586     2.53389     0.00157     0.01486     0.00533     0.01486     0.00157    10.82017
   -10.03304     2.91876     2.53411     2.79616     2.53411     0.00162     0.01553     0.00541     0.01553     0.00162    10.82286
    -9.99804     2.91917     2.53433     2.79645     2.53433     0.00167     0.01624     0.00550     0.01624     0.00167    10.82560
    -9.96204     2.91957     2.53456     2.79672     2.53456     0.00172     0.01699     0.00559     0.01699     0.00172    10.82842
    -9.92704     2.91996     2.53479     2.79698     2.53479     0.00178     0.01779     0.00567     0.01779     0.00178    10.83134
    -9.89104     2.92034     2.53503     2.79723     2.53503     0.00184     0.01867     0.00576     0.01867     0.00184    10.83441
    -9.85604     2.92072     2.53528     2.79747     2.53528     0.00190     0.01966     0.00585     0.01966     0.00190    10.83769
    -9.82004     2.92109     2.53553     2.79770     2.53553     0.00196     0.02078     0.00593     0.02078     0.00196    10.84127
    -9.78504     2.92145     2.53580     2.79791     2.53580     0.00202     0.02194     0.00602     0.02194     0.00202    10.84489
    -9.74904     2.92180     2.53608     2.79811     2.53608     0.00208     0.02302     0.00611     0.02302     0.00208    10.84838
    -9.71404     2.92214     2.53637     2.79829     2.53637     0.00215     0.02408     0.00619     0.02408     0.00215    10.85182
    -9.67904     2.92249     2.53668     2.79844     2.53668     0.00222     0.02510     0.00628     0.02510     0.00222    10.85520
    -9.64304     2.92283     2.53700     2.79857     2.53700     0.00229     0.02607     0.00637     0.02607     0.00229    10.85848
    -9.60804     2.92317     2.53733     2.79870     2.53733     0.00236     0.02694     0.00646     0.02694     0.00236    10.86161
    -9.57204     2.92352     2.53766     2.79882     2.53766     0.00244     0.02774     0.00656     0.02774     0.00244    10.86458
    -9.53704     2.92385     2.53799     2.79892     2.53799     0.00252     0.02847     0.00665     0.02847     0.00252    10.86738
    -9.50104     2.92414     2.53829     2.79902     2.53829     0.00259     0.02914     0.00673     0.02914     0.00259    10.86994
    -9.46604     2.92440     2.53855     2.79911     2.53855     0.00265     0.02975     0.00680     0.02975     0.00265    10.87221
    -9.43004     2.92461     2.53878     2.79918     2.53878     0.00271     0.03031     0.00686     0.03031     0.00271    10.87425
    -9.39504     2.92479     2.53900     2.79925     2.53900     0.00276     0.03083     0.00691     0.03083     0.00276    10.87613
    -9.36004     2.92494     2.53920     2.79931     2.53920     0.00281     0.03134     0.00695     0.03134     0.00281    10.87791
    -9.32404     2.92507     2.53941     2.79936     2.53941     0.00286     0.03185     0.00699     0.03185     0.00286    10.87966
    -9.28904     2.92523     2.53967     2.79941     2.53967     0.00292     0.03235     0.00704     0.03235     0.00292    10.88156
    -9.25304     2.92538     2.53994     2.79944     2.53994     0.00299     0.03279     0.00709     0.03279     0.00299    10.88336
    -9.21804     2.92550     2.54015     2.79948     2.54015     0.00304     0.03318     0.00713     0.03318     0.00304    10.88484
    -9.18204     2.92560     2.54032     2.79951     2.54032     0.00310     0.03353     0.00716     0.03353     0.00310    10.88617
    -9.14704     2.92571     2.54049     2.79954     2.54049     0.00315     0.03385     0.00720     0.03385     0.00315    10.88742
    -9.11104     2.92582     2.54065     2.79956     2.54065     0.00321     0.03416     0.00724     0.03416     0.00321    10.88865
    -9.07604     2.92595     2.54081     2.79959     2.54081     0.00327     0.03446     0.00728     0.03446     0.00327    10.88990
    -9.04104     2.92610     2.54098     2.79961     2.54098     0.00334     0.03475     0.00734     0.03475     0.00334    10.89119
    -9.00504     2.92628     2.54115     2.79963     2.54115     0.00342     0.03501     0.00740     0.03501     0.00342    10.89249
    -8.97004     2.92648     2.54132     2.79966     2.54132     0.00351     0.03525     0.00748     0.03525     0.00351    10.89378
    -8.93404     2.92671     2.54149     2.79968     2.54149     0.00362     0.03546     0.00756     0.03546     0.00362    10.89510
    -8.89904     2.92695     2.54167     2.79971     2.54167     0.00373     0.03565     0.00765     0.03565     0.00373    10.89642
    -8.86304     2.92720     2.54189     2.79974     2.54189     0.00386     0.03583     0.00775     0.03583     0.00386    10.89786
    -8.82804     2.92745     2.54210     2.79977     2.54210     0.00400     0.03598     0.00784     0.03598     0.00400    10.89922
    -8.79204     2.92769     2.54223     2.79980     2.54223     0.00411     0.03610     0.00793     0.03610     0.00411    10.90032
    -8.75704     2.92793     2.54236     2.79984     2.54236     0.00423     0.03621     0.00802     0.03621     0.00423    10.90138
    -8.72204     2.92818     2.54247     2.79988     2.54247     0.00435     0.03631     0.00811     0.03631     0.00435    10.90242
    -8.68604     2.92843     2.54259     2.79993     2.54259     0.00447     0.03639     0.00821     0.03639     0.00447    10.90347
    -8.65104     2.92871     2.54270     2.79998     2.54270     0.00460     0.03646     0.00832     0.03646     0.00460    10.90453
    -8.61504     2.92903     2.54283     2.80003     2.54283     0.00475     0.03652     0.00844     0.03652     0.00475    10.90572
    -8.58004     2.92937     2.54297     2.80010     2.54297     0.00491     0.03658     0.00858     0.03658     0.00491    10.90697
    -8.54404     2.92970     2.54310     2.80017     2.54310     0.00507     0.03665     0.00871     0.03665     0.00507    10.90822
    -8.50904     2.93003     2.54323     2.80025     2.54323     0.00524     0.03674     0.00884     0.03674     0.00524    10.90954
    -8.47304     2.93037     2.54336     2.80034     2.54336     0.00542     0.03685     0.00897     0.03685     0.00542    10.91093
    -8.43804     2.93071     2.54350     2.80043     2.54350     0.00560     0.03698     0.00911     0.03698     0.00560    10.91242
    -8.40304     2.93106     2.54365     2.80054     2.54365     0.00580     0.03715     0.00924     0.03715     0.00580    10.91405
    -8.36704     2.93142     2.54383     2.80066     2.54383     0.00602     0.03734     0.00939     0.03734     0.00602    10.91585
    -8.33204     2.93179     2.54404     2.80079     2.54404     0.00627     0.03758     0.00954     0.03758     0.00627    10.91787
    -8.29604     2.93218     2.54428     2.80093     2.54428     0.00654     0.03785     0.00970     0.03785     0.00654    10.92012
    -8.26104     2.93258     2.54455     2.80109     2.54455     0.00684     0.03817     0.00986     0.03817     0.00684    10.92265
    -8.22504     2.93301     2.54487     2.80128     2.54487     0.00719     0.03864     0.01003     0.03864     0.00719    10.92574
    -8.19004     2.93342     2.54516     2.80149     2.54516     0.00753     0.03915     0.01020     0.03915     0.00753    10.92879
    -8.15404     2.93380     2.54538     2.80170     2.54538     0.00781     0.03958     0.01035     0.03958     0.00781    10.93140
    -8.11904     2.93416     2.54560     2.80193     2.54560     0.00810     0.04002     0.01050     0.04002     0.00810    10.93404
    -8.08404     2.93452     2.54582     2.80217     2.54582     0.00839     0.04048     0.01064     0.04048     0.00839    10.93672
    -8.04804     2.93487     2.54604     2.80243     2.54604     0.00869     0.04095     0.01078     0.04095     0.00869    10.93944
    -8.01304     2.93522     2.54626     2.80270     2.54626     0.00899     0.04145     0.01091     0.04145     0.00899    10.94222
    -7.97704     2.93555     2.54647     2.80300     2.54647     0.00928     0.04196     0.01104     0.04196     0.00928    10.94503
    -7.94204     2.93588     2.54668     2.80332     2.54668     0.00958     0.04250     0.01117     0.04250     0.00958    10.94788
    -7.90604     2.93619     2.54688     2.80366     2.54688     0.00988     0.04303     0.01130     0.04303     0.00988    10.95073
    -7.87104     2.93650     2.54708     2.80402     2.54708     0.01017     0.04356     0.01142     0.04356     0.01017    10.95355
    -7.83604     2.93680     2.54727     2.80440     2.54727     0.01046     0.04408     0.01154     0.04408     0.01046    10.95636
    -7.80004     2.93708     2.54745     2.80480     2.54745     0.01075     0.04460     0.01165     0.04460     0.01075    10.95915
    -7.76504     2.93736     2.54763     2.80521     2.54763     0.01104     0.04511     0.01177     0.04511     0.01104    10.96192
    -7.72904     2.93763     2.54781     2.80566     2.54781     0.01134     0.04563     0.01188     0.04563     0.01134    10.96474
    -7.69404     2.93789     2.54799     2.80614     2.54799     0.01163     0.04616     0.01198     0.04616     0.01163    10.96758
    -7.65804     2.93815     2.54817     2.80664     2.54817     0.01192     0.04668     0.01209     0.04668     0.01192    10.97042
    -7.62304     2.93844     2.54835     2.80717     2.54835     0.01222     0.04720     0.01220     0.04720     0.01222    10.97335
    -7.58704     2.93879     2.54853     2.80766     2.54853     0.01251     0.04771     0.01232     0.04771     0.01251    10.97627
    -7.55204     2.93916     2.54870     2.80806     2.54870     0.01280     0.04821     0.01245     0.04821     0.01280    10.97909
    -7.51704     2.93956     2.54888     2.80842     2.54888     0.01310     0.04870     0.01258     0.04870     0.01310    10.98190
    -7.48104     2.93999     2.54904     2.80875     2.54904     0.01338     0.04918     0.01272     0.04918     0.01338    10.98466
    -7.44604     2.94044     2.54920     2.80906     2.54920     0.01367     0.04965     0.01286     0.04965     0.01367    10.98738
    -7.41004     2.94090     2.54936     2.80935     2.54936     0.01395     0.05010     0.01300     0.05010     0.01395    10.99008
    -7.37504     2.94138     2.54952     2.80962     2.54952     0.01424     0.05056     0.01314     0.05056     0.01424    10.99279
    -7.33904     2.94189     2.54968     2.80988     2.54968     0.01453     0.05102     0.01330     0.05102     0.01453    10.99552
    -7.30404     2.94241     2.54984     2.81013     2.54984     0.01482     0.05147     0.01346     0.05147     0.01482    10.99827
    -7.26804     2.94296     2.55000     2.81037     2.55000     0.01512     0.05193     0.01364     0.05193     0.01512    11.00106
    -7.23304     2.94352     2.55016     2.81060     2.55016     0.01542     0.05239     0.01382     0.05239     0.01542    11.00387
    -7.19804     2.94411     2.55032     2.81082     2.55032     0.01571     0.05284     0.01402     0.05284     0.01571    11.00671
    -7.16204     2.94471     2.55048     2.81104     2.55048     0.01601     0.05330     0.01424     0.05330     0.01601    11.00958
    -7.12704     2.94534     2.55064     2.81125     2.55064     0.01632     0.05375     0.01447     0.05375     0.01632    11.01249
    -7.09104     2.94600     2.55080     2.81145     2.55080     0.01662     0.05421     0.01471     0.05421     0.01662    11.01542
    -7.05604     2.94668     2.55096     2.81165     2.55096     0.01692     0.05466     0.01497     0.05466     0.01692    11.01839
    -7.02004     2.94738     2.55113     2.81184     2.55113     0.01722     0.05510     0.01525     0.05510     0.01722    11.02138
    -6.98504     2.94810     2.55129     2.81204     2.55129     0.01753     0.05555     0.01553     0.05555     0.01753    11.02439
    -6.94904     2.94884     2.55145     2.81223     2.55145     0.01783     0.05598     0.01582     0.05598     0.01783    11.02742
    -6.91404     2.94959     2.55161     2.81241     2.55161     0.01814     0.05642     0.01613     0.05642     0.01814    11.03047
    -6.87904     2.95035     2.55178     2.81260     2.55178     0.01845     0.05686     0.01644     0.05686     0.01845    11.03356
    -6.84304     2.95113     2.55195     2.81278     2.55195     0.01876     0.05730     0.01676     0.05730     0.01876    11.03668
    -6.80804     2.95192     2.55212     2.81297     2.55212     0.01908     0.05774     0.01709     0.05774     0.01908    11.03984
    -6.77204     2.95272     2.55229     2.81315     2.55229     0.01940     0.05818     0.01743     0.05818     0.01940    11.04304
    -6.73704     2.95354     2.55246     2.81334     2.55246     0.01972     0.05863     0.01778     0.05863     0.01972    11.04628
    -6.70104     2.95437     2.55264     2.81352     2.55264     0.02005     0.05907     0.01814     0.05907     0.02005    11.04955
    -6.66604     2.95522     2.55281     2.81371     2.55281     0.02038     0.05952     0.01851     0.05952     0.02038    11.05288
    -6.63004     2.95609     2.55299     2.81390     2.55299     0.02071     0.05997     0.01890     0.05997     0.02071    11.05625
    -6.59504     2.95698     2.55318     2.81409     2.55318     0.02104     0.06043     0.01930     0.06043     0.02104    11.05966
    -6.56004     2.95788     2.55336     2.81428     2.55336     0.02137     0.06089     0.01971     0.06089     0.02137    11.06310
    -6.52404     2.95880     2.55354     2.81448     2.55354     0.02170     0.06134     0.02013     0.06134     0.02170    11.06658
    -6.48904     2.95974     2.55373     2.81468     2.55373     0.02204     0.06180     0.02057     0.06180     0.02204    11.07011
    -6.45304     2.96070     2.55391     2.81488     2.55391     0.02238     0.06226     0.02102     0.06226     0.02238    11.07370
    -6.41804     2.96167     2.55411     2.81510     2.55411     0.02272     0.06272     0.02148     0.06272     0.02272    11.07734
    -6.38204     2.96266     2.55431     2.81531     2.55431     0.02307     0.06318     0.02195     0.06318     0.02307    11.08105
    -6.34704     2.96366     2.55451     2.81554     2.55451     0.02342     0.06366     0.02244     0.06366     0.02342    11.08482
    -6.31104     2.96469     2.55471     2.81577     2.55471     0.02378     0.06414     0.02294     0.06414     0.02378    11.08867
    -6.27604     2.96573     2.55493     2.81601     2.55493     0.02414     0.06463     0.02345     0.06463     0.02414    11.09259
    -6.24104     2.96679     2.55514     2.81626     2.55514     0.02451     0.06513     0.02397     0.06513     0.02451    11.09659
    -6.20504     2.96786     2.55536     2.81652     2.55536     0.02489     0.06565     0.02450     0.06565     0.02489    11.10067
    -6.17004     2.96896     2.55558     2.81680     2.55558     0.02526     0.06617     0.02505     0.06617     0.02526    11.10484
    -6.13404     2.97009     2.55581     2.81708     2.55581     0.02564     0.06672     0.02561     0.06672     0.02564    11.10911
    -6.09904     2.97124     2.55604     2.81738     2.55604     0.02603     0.06727     0.02618     0.06727     0.02603    11.11350
    -6.06304     2.97243     2.55629     2.81770     2.55629     0.02642     0.06785     0.02677     0.06785     0.02642    11.11803
    -6.02804     2.97367     2.55654     2.81804     2.55654     0.02682     0.06846     0.02738     0.06846     0.02682    11.12273
    -5.99204     2.97498     2.55680     2.81840     2.55680     0.02724     0.06910     0.02800     0.06910     0.02724    11.12766
    -5.95704     2.97639     2.55708     2.81880     2.55708     0.02766     0.06980     0.02865     0.06980     0.02766    11.13291
    -5.92204     2.97790     2.55737     2.81922     2.55737     0.02811     0.07055     0.02932     0.07055     0.02811    11.13850
    -5.88604     2.97950     2.55769     2.81967     2.55769     0.02857     0.07136     0.03001     0.07136     0.02857    11.14440
    -5.85104     2.98110     2.55800     2.82017     2.55800     0.02903     0.07219     0.03071     0.07219     0.02903    11.15043
    -5.81504     2.98268     2.55832     2.82072     2.55832     0.02949     0.07303     0.03141     0.07303     0.02949    11.15649
    -5.78004     2.98419     2.55863     2.82136     2.55863     0.02995     0.07384     0.03211     0.07384     0.02995    11.16248
    -5.74404     2.98550     2.55890     2.82203     2.55890     0.03039     0.07459     0.03278     0.07459     0.03039    11.16805
    -5.70904     2.98658     2.55912     2.82268     2.55912     0.03081     0.07529     0.03342     0.07529     0.03081    11.17312
    -5.67304     2.98756     2.55933     2.82333     2.55933     0.03122     0.07598     0.03405     0.07598     0.03122    11.17800
    -5.63804     2.98847     2.55953     2.82398     2.55953     0.03163     0.07668     0.03467     0.07668     0.03163    11.18281
    -5.60304     2.98934     2.55972     2.82460     2.55972     0.03204     0.07741     0.03529     0.07741     0.03204    11.18757
    -5.56704     2.99017     2.55991     2.82520     2.55991     0.03244     0.07815     0.03591     0.07815     0.03244    11.19229
    -5.53204     2.99095     2.56009     2.82580     2.56009     0.03284     0.07891     0.03652     0.07891     0.03284    11.19696
    -5.49604     2.99171     2.56027     2.82639     2.56027     0.03324     0.07969     0.03713     0.07969     0.03324    11.20164
    -5.46104     2.99248     2.56046     2.82698     2.56046     0.03364     0.08052     0.03776     0.08052     0.03364    11.20646
    -5.42504     2.99327     2.56067     2.82756     2.56067     0.03405     0.08139     0.03839     0.08139     0.03405    11.21143
    -5.39004     2.99407     2.56088     2.82813     2.56088     0.03446     0.08230     0.03902     0.08230     0.03446    11.21650
    -5.35404     2.99492     2.56111     2.82869     2.56111     0.03487     0.08327     0.03967     0.08327     0.03487    11.22178
    -5.31904     2.99585     2.56139     2.82926     2.56139     0.03530     0.08432     0.04034     0.08432     0.03530    11.22746
    -5.28404     2.99697     2.56173     2.82983     2.56173     0.03575     0.08552     0.04105     0.08552     0.03575    11.23386
    -5.24804     2.99824     2.56212     2.83042     2.56212     0.03624     0.08692     0.04178     0.08692     0.03624    11.24102
    -5.21304     2.99955     2.56252     2.83101     2.56252     0.03675     0.08842     0.04252     0.08842     0.03675    11.24844
    -5.17704     3.00083     2.56291     2.83160     2.56291     0.03725     0.08993     0.04325     0.08993     0.03725    11.25586
    -5.14204     3.00208     2.56330     2.83216     2.56330     0.03776     0.09148     0.04399     0.09148     0.03776    11.26330
    -5.10604     3.00329     2.56369     2.83270     2.56369     0.03826     0.09305     0.04473     0.09305     0.03826    11.27073
    -5.07104     3.00446     2.56408     2.83322     2.56408     0.03877     0.09464     0.04548     0.09464     0.03877    11.27812
    -5.03504     3.00558     2.56447     2.83372     2.56447     0.03927     0.09625     0.04622     0.09625     0.03927    11.28550
    -5.00004     3.00668     2.56487     2.83420     2.56487     0.03977     0.09786     0.04698     0.09786     0.03977    11.29286
    -4.96504     3.00772     2.56526     2.83465     2.56526     0.04027     0.09946     0.04775     0.09946     0.04027    11.30010
    -4.92904     3.00872     2.56564     2.83506     2.56564     0.04077     0.10106     0.04851     0.10106     0.04077    11.30724
    -4.89404     3.00968     2.56603     2.83545     2.56603     0.04128     0.10270     0.04927     0.10270     0.04128    11.31442
    -4.85804     3.01062     2.56642     2.83583     2.56642     0.04179     0.10440     0.05005     0.10440     0.04179    11.32170
    -4.82304     3.01153     2.56680     2.83620     2.56680     0.04230     0.10615     0.05083     0.10615     0.04230    11.32906
    -4.78704     3.01242     2.56720     2.83657     2.56720     0.04283     0.10796     0.05162     0.10796     0.04283    11.33660
    -4.75204     3.01332     2.56761     2.83694     2.56761     0.04339     0.10991     0.05243     0.10991     0.04339    11.34452
    -4.71704     3.01420     2.56804     2.83731     2.56804     0.04396     0.11209     0.05325     0.11209     0.04396    11.35294
    -4.68104     3.01507     2.56849     2.83769     2.56849     0.04453     0.11435     0.05407     0.11435     0.04453    11.36155
    -4.64604     3.01593     2.56895     2.83806     2.56895     0.04511     0.11656     0.05491     0.11656     0.04511    11.37013
    -4.61004     3.01678     2.56942     2.83844     2.56942     0.04571     0.11867     0.05576     0.11867     0.04571    11.37859
    -4.57504     3.01762     2.56992     2.83885     2.56992     0.04632     0.12059     0.05663     0.12059     0.04632    11.38676
    -4.53904     3.01844     2.57043     2.83927     2.57043     0.04695     0.12239     0.05753     0.12239     0.04695    11.39477
    -4.50404     3.01927     2.57096     2.83970     2.57096     0.04760     0.12414     0.05844     0.12414     0.04760    11.40281
    -4.46804     3.02012     2.57152     2.84015     2.57152     0.04830     0.12593     0.05939     0.12593     0.04830    11.41117
    -4.43304     3.02100     2.57211     2.84061     2.57211     0.04905     0.12782     0.06037     0.12782     0.04905    11.41996
    -4.39804     3.02187     2.57273     2.84109     2.57273     0.04983     0.12977     0.06138     0.12977     0.04983    11.42899
    -4.36204     3.02273     2.57335     2.84159     2.57335     0.05063     0.13173     0.06241     0.13173     0.05063    11.43815
    -4.32704     3.02357     2.57400     2.84210     2.57400     0.05145     0.13369     0.06349     0.13369     0.05145    11.44743
    -4.29104     3.02440     2.57467     2.84262     2.57467     0.05230     0.13563     0.06459     0.13563     0.05230    11.45682
    -4.25604     3.02521     2.57535     2.84315     2.57535     0.05318     0.13757     0.06572     0.13757     0.05318    11.46626
    -4.22004     3.02601     2.57605     2.84368     2.57605     0.05408     0.13948     0.06687     0.13948     0.05408    11.47577
    -4.18504     3.02680     2.57678     2.84423     2.57678     0.05502     0.14137     0.06806     0.14137     0.05502    11.48544
    -4.14904     3.02760     2.57753     2.84478     2.57753     0.05601     0.14326     0.06930     0.14326     0.05601    11.49527
    -4.11404     3.02838     2.57830     2.84534     2.57830     0.05704     0.14513     0.07057     0.14513     0.05704    11.50522
    -4.07904     3.02917     2.57910     2.84590     2.57910     0.05811     0.14697     0.07188     0.14697     0.05811    11.51529
    -4.04304     3.02996     2.57992     2.84646     2.57992     0.05922     0.14881     0.07324     0.14881     0.05922    11.52556
    -4.00804     3.03075     2.58077     2.84704     2.58077     0.06040     0.15063     0.07465     0.15063     0.06040    11.53605
    -3.97204     3.03154     2.58164     2.84763     2.58164     0.06165     0.15246     0.07611     0.15246     0.06165    11.54680
    -3.93704     3.03236     2.58254     2.84824     2.58254     0.06302     0.15430     0.07763     0.15430     0.06302    11.55794
    -3.90104     3.03319     2.58346     2.84885     2.58346     0.06449     0.15615     0.07919     0.15615     0.06449    11.56944
    -3.86604     3.03399     2.58441     2.84946     2.58441     0.06600     0.15802     0.08079     0.15802     0.06600    11.58112
    -3.83004     3.03484     2.58540     2.85008     2.58540     0.06775     0.15992     0.08244     0.15992     0.06775    11.59352
    -3.79504     3.03568     2.58641     2.85071     2.58641     0.06956     0.16185     0.08413     0.16185     0.06956    11.60615
    -3.76004     3.03642     2.58744     2.85134     2.58744     0.07119     0.16381     0.08583     0.16381     0.07119    11.61846
    -3.72404     3.03714     2.58848     2.85196     2.58848     0.07283     0.16582     0.08756     0.16582     0.07283    11.63094
    -3.68904     3.03784     2.58955     2.85260     2.58955     0.07449     0.16790     0.08933     0.16790     0.07449    11.64364
    -3.65304     3.03850     2.59064     2.85324     2.59064     0.07614     0.17006     0.09114     0.17006     0.07614    11.65657
    -3.61804     3.03915     2.59176     2.85389     2.59176     0.07783     0.17231     0.09300     0.17231     0.07783    11.66982
    -3.58204     3.03977     2.59291     2.85456     2.59291     0.07958     0.17468     0.09491     0.17468     0.07958    11.68359
    -3.54704     3.04038     2.59410     2.85523     2.59410     0.08141     0.17719     0.09684     0.17719     0.08141    11.69786
    -3.51104     3.04094     2.59532     2.85591     2.59532     0.08325     0.17988     0.09875     0.17988     0.08325    11.71249
    -3.47604     3.04147     2.59656     2.85658     2.59656     0.08508     0.18278     0.10064     0.18278     0.08508    11.72751
    -3.44104     3.04195     2.59784     2.85726     2.59784     0.08690     0.18595     0.10252     0.18595     0.08690    11.74313
    -3.40504     3.04241     2.59916     2.85795     2.59916     0.08871     0.18947     0.10442     0.18947     0.08871    11.75947
    -3.37004     3.04282     2.60053     2.85865     2.60053     0.09051     0.19341     0.10627     0.19341     0.09051    11.77664
    -3.33404     3.04321     2.60201     2.85936     2.60201     0.09240     0.19802     0.10808     0.19802     0.09240    11.79549
    -3.29904     3.04356     2.60365     2.86008     2.60365     0.09432     0.20385     0.10984     0.20385     0.09432    11.81711
    -3.26304     3.04386     2.60540     2.86083     2.60540     0.09617     0.21356     0.11152     0.21356     0.09617    11.84648
    -3.22804     3.04412     2.60732     2.86159     2.60732     0.09831     0.22479     0.11307     0.22479     0.09831    11.87962
    -3.19204     3.04434     2.60950     2.86234     2.60950     0.10113     0.23399     0.11451     0.23399     0.10113    11.91041
    -3.15704     3.04455     2.61159     2.86308     2.61159     0.10427     0.24226     0.11585     0.24226     0.10427    11.93971
    -3.12204     3.04475     2.61329     2.86383     2.61329     0.10740     0.24994     0.11711     0.24994     0.10740    11.96695
    -3.08604     3.04492     2.61478     2.86464     2.61478     0.11066     0.25750     0.11831     0.25750     0.11066    11.99376
    -3.05104     3.04509     2.61611     2.86546     2.61611     0.11407     0.26473     0.11943     0.26473     0.11407    12.01979
    -3.01504     3.04525     2.61730     2.86620     2.61730     0.11760     0.27104     0.12049     0.27104     0.11760    12.04380
    -2.98004     3.04540     2.61838     2.86684     2.61838     0.12131     0.27631     0.12154     0.27631     0.12131    12.06577
    -2.94404     3.04554     2.61936     2.86738     2.61936     0.12519     0.28084     0.12253     0.28084     0.12519    12.08624
    -2.90904     3.04566     2.62026     2.86782     2.62026     0.12918     0.28483     0.12341     0.28483     0.12918    12.10542
    -2.87304     3.04577     2.62109     2.86819     2.62109     0.13328     0.28842     0.12417     0.28842     0.13328    12.12370
    -2.83804     3.04587     2.62185     2.86851     2.62185     0.13751     0.29169     0.12483     0.29169     0.13751    12.14130
    -2.80304     3.04596     2.62255     2.86878     2.62255     0.14182     0.29469     0.12541     0.29469     0.14182    12.15828
    -2.76704     3.04603     2.62320     2.86903     2.62320     0.14623     0.29746     0.12594     0.29746     0.14623    12.17478
    -2.73204     3.04610     2.62382     2.86925     2.62382     0.15085     0.30004     0.12642     0.30004     0.15085    12.19117
    -2.69604     3.04616     2.62439     2.86946     2.62439     0.15559     0.30249     0.12687     0.30249     0.15559    12.20743
    -2.66104     3.04621     2.62492     2.86966     2.62492     0.16037     0.30480     0.12733     0.30480     0.16037    12.22338
    -2.62504     3.04626     2.62541     2.86987     2.62541     0.16509     0.30696     0.12781     0.30696     0.16509    12.23886
    -2.59004     3.04631     2.62587     2.87006     2.62587     0.16965     0.30898     0.12831     0.30898     0.16965    12.25368
    -2.55404     3.04636     2.62630     2.87024     2.62630     0.17409     0.31089     0.12883     0.31089     0.17409    12.26799
    -2.51904     3.04640     2.62670     2.87041     2.62670     0.17849     0.31271     0.12941     0.31271     0.17849    12.28202
    -2.48404     3.04644     2.62708     2.87055     2.62708     0.18286     0.31448     0.13005     0.31448     0.18286    12.29590
    -2.44804     3.04647     2.62744     2.87069     2.62744     0.18723     0.31619     0.13076     0.31619     0.18723    12.30964
    -2.41304     3.04651     2.62777     2.87081     2.62777     0.19158     0.31785     0.13156     0.31785     0.19158    12.32328
    -2.37704     3.04654     2.62809     2.87091     2.62809     0.19599     0.31945     0.13248     0.31945     0.19599    12.33700
    -2.34204     3.04657     2.62839     2.87102     2.62839     0.20051     0.32100     0.13360     0.32100     0.20051    12.35100
    -2.30604     3.04660     2.62867     2.87112     2.62867     0.20519     0.32250     0.13503     0.32250     0.20519    12.36548
    -2.27104     3.04662     2.62894     2.87123     2.62894     0.21000     0.32397     0.13675     0.32397     0.21000    12.38041
    -2.23504     3.04665     2.62919     2.87133     2.62919     0.21485     0.32543     0.13864     0.32543     0.21485    12.39557
    -2.20004     3.04667     2.62944     2.87143     2.62944     0.21974     0.32689     0.14068     0.32689     0.21974    12.41091
    -2.16504     3.04669     2.62967     2.87152     2.62967     0.22465     0.32835     0.14287     0.32835     0.22465    12.42641
    -2.12904     3.04672     2.62988     2.87161     2.62988     0.22955     0.32981     0.14525     0.32981     0.22955    12.44205
    -2.09404     3.04674     2.63009     2.87170     2.63009     0.23442     0.33127     0.14783     0.33127     0.23442    12.45783
    -2.05804     3.04677     2.63029     2.87178     2.63029     0.23928     0.33273     0.15062     0.33273     0.23928    12.47377
    -2.02304     3.04681     2.63048     2.87187     2.63048     0.24412     0.33421     0.15363     0.33421     0.24412    12.48990
    -1.98704     3.04684     2.63066     2.87195     2.63066     0.24892     0.33569     0.15688     0.33569     0.24892    12.50622
    -1.95204     3.04688     2.63083     2.87203     2.63083     0.25369     0.33721     0.16041     0.33721     0.25369    12.52279
    -1.91704     3.04693     2.63101     2.87211     2.63101     0.25844     0.33875     0.16430     0.33875     0.25844    12.53974
    -1.88104     3.04698     2.63118     2.87219     2.63118     0.26319     0.34033     0.16872     0.34033     0.26319    12.55728
    -1.84604     3.04704     2.63135     2.87227     2.63135     0.26793     0.34196     0.17370     0.34196     0.26793    12.57547
    -1.81004     3.04710     2.63151     2.87235     2.63151     0.27265     0.34361     0.17912     0.34361     0.27265    12.59412
    -1.77504     3.04717     2.63167     2.87242     2.63167     0.27734     0.34530     0.18483     0.34530     0.27734    12.61305
    -1.73904     3.04724     2.63182     2.87250     2.63182     0.28198     0.34703     0.19064     0.34703     0.28198    12.63205
    -1.70404     3.04730     2.63197     2.87258     2.63197     0.28656     0.34879     0.19634     0.34879     0.28656    12.65085
    -1.66804     3.04736     2.63210     2.87266     2.63210     0.29108     0.35058     0.20178     0.35058     0.29108    12.66930
    -1.63304     3.04741     2.63222     2.87273     2.63222     0.29553     0.35239     0.20704     0.35239     0.29553    12.68747
    -1.59804     3.04745     2.63234     2.87281     2.63234     0.29992     0.35423     0.21222     0.35423     0.29992    12.70546
    -1.56204     3.04750     2.63245     2.87288     2.63245     0.30425     0.35609     0.21735     0.35609     0.30425    12.72329
    -1.52704     3.04754     2.63255     2.87295     2.63255     0.30853     0.35796     0.22243     0.35796     0.30853    12.74099
    -1.49104     3.04758     2.63265     2.87301     2.63265     0.31276     0.35985     0.22748     0.35985     0.31276    12.75859
    -1.45604     3.04762     2.63274     2.87308     2.63274     0.31693     0.36175     0.23250     0.36175     0.31693    12.77607
    -1.42004     3.04766     2.63283     2.87314     2.63283     0.32105     0.36367     0.23748     0.36367     0.32105    12.79340
    -1.38504     3.04770     2.63291     2.87321     2.63291     0.32510     0.36559     0.24239     0.36559     0.32510    12.81050
    -1.34904     3.04774     2.63298     2.87327     2.63298     0.32908     0.36751     0.24721     0.36751     0.32908    12.82736
    -1.31404     3.04778     2.63305     2.87332     2.63305     0.33299     0.36942     0.25195     0.36942     0.33299    12.84397
    -1.27904     3.04781     2.63312     2.87338     2.63312     0.33683     0.37132     0.25662     0.37132     0.33683    12.86034
    -1.24304     3.04784     2.63318     2.87343     2.63318     0.34060     0.37321     0.26123     0.37321     0.34060    12.87649
    -1.20804     3.04788     2.63324     2.87348     2.63324     0.34430     0.37509     0.26577     0.37509     0.34430    12.89240
    -1.17204     3.04791     2.63329     2.87353     2.63329     0.34794     0.37695     0.27024     0.37695     0.34794    12.90804
    -1.13704     3.04793     2.63334     2.87358     2.63334     0.35151     0.37880     0.27462     0.37880     0.35151    12.92342
    -1.10104     3.04796     2.63338     2.87363     2.63338     0.35501     0.38063     0.27891     0.38063     0.35501    12.93855
    -1.06604     3.04799     2.63342     2.87367     2.63342     0.35844     0.38246     0.28311     0.38246     0.35844    12.95342
    -1.03004     3.04801     2.63346     2.87371     2.63346     0.36180     0.38427     0.28722     0.38427     0.36180    12.96802
    -0.99504     3.04804     2.63350     2.87375     2.63350     0.36510     0.38607     0.29125     0.38607     0.36510    12.98238
    -0.96004     3.04806     2.63353     2.87379     2.63353     0.36832     0.38784     0.29520     0.38784     0.36832    12.99645
    -0.92404     3.04808     2.63356     2.87383     2.63356     0.37147     0.38960     0.29905     0.38960     0.37147    13.01023
    -0.88904     3.04811     2.63359     2.87387     2.63359     0.37453     0.39134     0.30281     0.39134     0.37453    13.02370
    -0.85304     3.04813     2.63362     2.87390     2.63362     0.37751     0.39306     0.30646     0.39306     0.37751    13.03685
    -0.81804     3.04815     2.63364     2.87393     2.63364     0.38040     0.39475     0.31001     0.39475     0.38040    13.04967
    -0.78204     3.04817     2.63366     2.87396     2.63366     0.38320     0.39641     0.31342     0.39641     0.38320    13.06209
    -0.74704     3.04819     2.63368     2.87399     2.63368     0.38591     0.39801     0.31670     0.39801     0.38591    13.07408
    -0.71104     3.04821     2.63370     2.87401     2.63370     0.38853     0.39956     0.31984     0.39956     0.38853    13.08564
    -0.67604     3.04822     2.63372     2.87404     2.63372     0.39107     0.40104     0.32285     0.40104     0.39107    13.09676
    -0.64104     3.04824     2.63373     2.87406     2.63373     0.39350     0.40245     0.32572     0.40245     0.39350    13.10739
    -0.60504     3.04826     2.63374     2.87408     2.63374     0.39580     0.40377     0.32840     0.40377     0.39580    13.11737
    -0.57004     3.04827     2.63376     2.87410     2.63376     0.39795     0.40498     0.33088     0.40498     0.39795    13.12661
    -0.53404     3.04828     2.63377     2.87412     2.63377     0.39997     0.40609     0.33318     0.40609     0.39997    13.13524
    -0.49904     3.04829     2.63378     2.87413     2.63378     0.40189     0.40712     0.33534     0.40712     0.40189    13.14335
    -0.46304     3.04830     2.63379     2.87415     2.63379     0.40365     0.40805     0.33726     0.40805     0.40365    13.15070
    -0.42804     3.04832     2.63379     2.87416     2.63379     0.40525     0.40891     0.33898     0.40891     0.40525    13.15737
    -0.39204     3.04832     2.63380     2.87417     2.63380     0.40673     0.40968     0.34048     0.40968     0.40673    13.16340
    -0.35704     3.04833     2.63381     2.87418     2.63381     0.40808     0.41038     0.34175     0.41038     0.40808    13.16880
    -0.32204     3.04833     2.63381     2.87419     2.63381     0.40938     0.41102     0.34291     0.41102     0.40938    13.17385
    -0.28604     3.04833     2.63382     2.87420     2.63382     0.41063     0.41162     0.34395     0.41162     0.41063    13.17861
    -0.25104     3.04834     2.63382     2.87421     2.63382     0.41185     0.41219     0.34491     0.41219     0.41185    13.18319
    -0.21504     3.04834     2.63382     2.87422     2.63382     0.41306     0.41280     0.34583     0.41280     0.41306    13.18776
    -0.18004     3.04834     2.63383     2.87423     2.63383     0.41426     0.41346     0.34674     0.41346     0.41426    13.19241
    -0.14404     3.04834     2.63383     2.87423     2.63383     0.41542     0.41418     0.34761     0.41418     0.41542    13.19706
    -0.10904     3.04834     2.63383     2.87424     2.63383     0.41658     0.41501     0.34847     0.41501     0.41658    13.20188
    -0.07304     3.04835     2.63384     2.87425     2.63384     0.41783     0.41605     0.34940     0.41605     0.41783    13.20742
    -0.03804     3.04835     2.63384     2.87426     2.63384     0.41935     0.41748     0.35051     0.41748     0.41935    13.21446
    -0.00304     3.04836     2.63384     2.87427     2.63384     0.42122     0.41949     0.35187     0.41949     0.42122    13.22361
     0.03296     3.04837     2.63385     2.87428     2.63385     0.42307     0.42176     0.35355     0.42176     0.42307    13.23357
     0.06796     3.04839     2.63386     2.87429     2.63386     0.42480     0.42406     0.35560     0.42406     0.42480    13.24370
     0.10396     3.04841     2.63387     2.87430     2.63387     0.42657     0.42649     0.35778     0.42649     0.42657    13.25434
     0.13896     3.04842     2.63387     2.87431     2.63387     0.42836     0.42895     0.36002     0.42895     0.42836    13.26511
     0.17496     3.04844     2.63388     2.87432     2.63388     0.43028     0.43157     0.36237     0.43157     0.43028    13.27658
     0.20996     3.04846     2.63389     2.87433     2.63389     0.43248     0.43443     0.36481     0.43443     0.43248    13.28921
     0.24596     3.04848     2.63390     2.87435     2.63390     0.43504     0.43754     0.36744     0.43754     0.43504    13.30323
     0.28096     3.04850     2.63392     2.87436     2.63392     0.43789     0.44084     0.37024     0.44084     0.43789    13.31839
     0.31596     3.04852     2.63393     2.87438     2.63393     0.44091     0.44422     0.37314     0.44422     0.44091    13.33416
     0.35196     3.04854     2.63394     2.87440     2.63394     0.44409     0.44769     0.37613     0.44769     0.44409    13.35051
     0.38696     3.04855     2.63396     2.87442     2.63396     0.44744     0.45126     0.37919     0.45126     0.44744    13.36747
     0.42296     3.04857     2.63398     2.87444     2.63398     0.45107     0.45497     0.38233     0.45497     0.45107    13.38539
     0.45796     3.04859     2.63400     2.87446     2.63400     0.45497     0.45877     0.38556     0.45877     0.45497    13.40407
     0.49396     3.04861     2.63402     2.87448     2.63402     0.45903     0.46263     0.38887     0.46263     0.45903    13.42330
     0.52896     3.04863     2.63404     2.87450     2.63404     0.46326     0.46657     0.39228     0.46657     0.46326    13.44316
     0.56496     3.04865     2.63406     2.87453     2.63406     0.46760     0.47063     0.39580     0.47063     0.46760    13.46357
     0.59996     3.04867     2.63409     2.87455     2.63409     0.47208     0.47482     0.39941     0.47482     0.47208    13.48460
     0.63496     3.04869     2.63412     2.87458     2.63412     0.47665     0.47913     0.40312     0.47913     0.47665    13.50619
     0.67096     3.04871     2.63415     2.87461     2.63415     0.48132     0.48355     0.40692     0.48355     0.48132    13.52828
     0.70596     3.04873     2.63418     2.87464     2.63418     0.48606     0.48809     0.41084     0.48809     0.48606    13.55088
     0.74196     3.04875     2.63422     2.87467     2.63422     0.49087     0.49275     0.41486     0.49275     0.49087    13.57396
     0.77696     3.04877     2.63426     2.87470     2.63426     0.49574     0.49753     0.41896     0.49753     0.49574    13.59748
     0.81296     3.04879     2.63430     2.87474     2.63430     0.50066     0.50246     0.42321     0.50246     0.50066    13.62156
     0.84796     3.04881     2.63434     2.87478     2.63434     0.50564     0.50756     0.42767     0.50756     0.50564    13.64634
     0.88296     3.04883     2.63438     2.87482     2.63438     0.51070     0.51283     0.43236     0.51283     0.51070    13.67182
     0.91896     3.04886     2.63443     2.87486     2.63443     0.51581     0.51824     0.43726     0.51824     0.51581    13.69793
     0.95396     3.04888     2.63448     2.87491     2.63448     0.52096     0.52379     0.44234     0.52379     0.52096    13.72459
     0.98996     3.04891     2.63453     2.87496     2.63453     0.52612     0.52949     0.44766     0.52949     0.52612    13.75180
     1.02496     3.04893     2.63459     2.87501     2.63459     0.53130     0.53533     0.45328     0.53533     0.53130    13.77966
     1.06096     3.04896     2.63464     2.87507     2.63464     0.53652     0.54138     0.45926     0.54138     0.53652    13.80837
     1.09596     3.04899     2.63470     2.87514     2.63470     0.54187     0.54773     0.46568     0.54773     0.54187    13.83840
     1.13196     3.04902     2.63476     2.87521     2.63476     0.54748     0.55445     0.47281     0.55445     0.54748    13.87044
     1.16696     3.04906     2.63483     2.87530     2.63483     0.55342     0.56159     0.48089     0.56159     0.55342    13.90493
     1.20196     3.04910     2.63489     2.87540     2.63489     0.55965     0.56919     0.48992     0.56919     0.55965    13.94189
     1.23796     3.04915     2.63496     2.87550     2.63496     0.56612     0.57732     0.49962     0.57732     0.56612    13.98107
     1.27296     3.04920     2.63504     2.87561     2.63504     0.57275     0.58589     0.50982     0.58589     0.57275    14.02199
     1.30896     3.04926     2.63512     2.87573     2.63512     0.57953     0.59469     0.52059     0.59469     0.57953    14.06426
     1.34396     3.04931     2.63520     2.87585     2.63520     0.58653     0.60344     0.53200     0.60344     0.58653    14.10751
     1.37996     3.04938     2.63529     2.87597     2.63529     0.59389     0.61186     0.54409     0.61186     0.59389    14.15153
     1.41496     3.04945     2.63537     2.87610     2.63537     0.60145     0.61968     0.55694     0.61968     0.60145    14.19550
     1.45096     3.04953     2.63546     2.87623     2.63546     0.60892     0.62680     0.57055     0.62680     0.60892    14.23869
     1.48596     3.04962     2.63556     2.87637     2.63556     0.61635     0.63342     0.58498     0.63342     0.61635    14.28163
     1.52096     3.04972     2.63565     2.87651     2.63565     0.62389     0.63969     0.60045     0.63969     0.62389    14.32514
     1.55696     3.04984     2.63575     2.87666     2.63575     0.63157     0.64568     0.61724     0.64568     0.63157    14.36974
     1.59196     3.04998     2.63584     2.87681     2.63584     0.63940     0.65150     0.63616     0.65150     0.63940    14.41642
     1.62796     3.05014     2.63594     2.87697     2.63594     0.64736     0.65722     0.65640     0.65722     0.64736    14.46456
     1.66296     3.05032     2.63604     2.87714     2.63604     0.65547     0.66287     0.67714     0.66287     0.65547    14.51335
     1.69896     3.05053     2.63615     2.87732     2.63615     0.66371     0.66852     0.69920     0.66852     0.66371    14.56379
     1.73396     3.05080     2.63626     2.87751     2.63626     0.67213     0.67399     0.72327     0.67399     0.67213    14.61632
     1.76996     3.05113     2.63636     2.87772     2.63636     0.68076     0.67901     0.74900     0.67901     0.68076    14.67012
     1.80496     3.05145     2.63646     2.87791     2.63646     0.68962     0.68352     0.77424     0.68352     0.68962    14.72281
     1.83996     3.05173     2.63656     2.87810     2.63656     0.69879     0.68776     0.79859     0.68776     0.69879    14.77462
     1.87596     3.05201     2.63666     2.87828     2.63666     0.70836     0.69199     0.82329     0.69199     0.70836    14.82758
     1.91096     3.05230     2.63675     2.87847     2.63675     0.71839     0.69624     0.84865     0.69624     0.71839    14.88219
     1.94696     3.05263     2.63685     2.87866     2.63685     0.72912     0.70065     0.87465     0.70065     0.72912    14.93918
     1.98196     3.05301     2.63695     2.87888     2.63695     0.74093     0.70534     0.90163     0.70534     0.74093    14.99995
     2.01796     3.05342     2.63705     2.87910     2.63705     0.75336     0.71030     0.92964     0.71030     0.75336    15.06358
     2.05296     3.05379     2.63716     2.87932     2.63716     0.76551     0.71535     0.95836     0.71535     0.76551    15.12750
     2.08896     3.05413     2.63727     2.87953     2.63727     0.77748     0.72050     0.98766     0.72050     0.77748    15.19181
     2.12396     3.05447     2.63738     2.87976     2.63738     0.78964     0.72581     1.01742     0.72581     0.78964    15.25729
     2.15896     3.05479     2.63749     2.87998     2.63749     0.80199     0.73130     1.04773     0.73130     0.80199    15.32407
     2.19496     3.05512     2.63760     2.88021     2.63760     0.81456     0.73702     1.07955     0.73702     0.81456    15.39321
     2.22996     3.05543     2.63771     2.88043     2.63771     0.82722     0.74290     1.11321     0.74290     0.82722    15.46474
     2.26596     3.05574     2.63782     2.88065     2.63782     0.83983     0.74878     1.14843     0.74878     0.83983    15.53768
     2.30096     3.05604     2.63793     2.88085     2.63793     0.85243     0.75456     1.18547     0.75456     0.85243    15.61220
     2.33696     3.05633     2.63804     2.88103     2.63804     0.86503     0.76021     1.22448     0.76021     0.86503    15.68838
     2.37196     3.05661     2.63814     2.88120     2.63814     0.87781     0.76579     1.26667     0.76579     0.87781    15.76794
     2.40796     3.05685     2.63824     2.88135     2.63824     0.89111     0.77147     1.30981     0.77147     0.89111    15.84964
     2.44296     3.05701     2.63833     2.88150     2.63833     0.90548     0.77732     1.33894     0.77732     0.90548    15.91971
     2.47796     3.05711     2.63842     2.88165     2.63842     0.92154     0.78324     1.35224     0.78324     0.92154    15.97742
     2.51396     3.05727     2.63853     2.88181     2.63853     0.94049     0.78928     1.36259     0.78928     0.94049    16.03826
     2.54896     3.05749     2.63865     2.88197     2.63865     0.96222     0.79553     1.37306     0.79553     0.96222    16.10532
     2.58496     3.05771     2.63877     2.88213     2.63877     0.98511     0.80195     1.38335     0.80195     0.98511    16.17486
     2.61996     3.05792     2.63889     2.88228     2.63889     1.00887     0.80859     1.39382     0.80859     1.00887    16.24673
     2.65596     3.05812     2.63902     2.88248     2.63902     1.03708     0.81603     1.40612     0.81603     1.03708    16.33097
     2.69096     3.05833     2.63916     2.88271     2.63916     1.06927     0.82457     1.42090     0.82457     1.06927    16.42794
     2.72696     3.05853     2.63930     2.88297     2.63930     1.10174     0.83412     1.43767     0.83412     1.10174    16.52948
     2.76196     3.05873     2.63945     2.88326     2.63945     1.13474     0.84492     1.45646     0.84492     1.13474    16.63667
     2.79696     3.05894     2.63961     2.88356     2.63961     1.16790     0.85677     1.47564     0.85677     1.16790    16.74668
     2.83296     3.05915     2.63977     2.88386     2.63977     1.20051     0.86942     1.49470     0.86942     1.20051    16.85711
     2.86796     3.05938     2.63994     2.88415     2.63994     1.23082     0.88250     1.51324     0.88250     1.23082    16.96330
     2.90396     3.05963     2.64011     2.88442     2.64011     1.25793     0.89555     1.52973     0.89555     1.25793    17.06096
     2.93896     3.05990     2.64027     2.88466     2.64027     1.28246     0.90866     1.54411     0.90866     1.28246    17.15143
     2.97496     3.06017     2.64043     2.88488     2.64043     1.30445     0.92175     1.55621     0.92175     1.30445    17.23451
     3.00996     3.06037     2.64058     2.88508     2.64058     1.32209     0.93468     1.56378     0.93468     1.32209    17.30392
     3.04596     3.06048     2.64073     2.88527     2.64073     1.33531     0.94753     1.56693     0.94753     1.33531    17.35983
     3.08096     3.06056     2.64088     2.88547     2.64088     1.34711     0.96063     1.56864     0.96063     1.34711    17.41192
     3.11596     3.06067     2.64103     2.88569     2.64103     1.35835     0.97416     1.56991     0.97416     1.35835    17.46334
     3.15196     3.06077     2.64117     2.88592     2.64117     1.36836     0.98775     1.57097     0.98775     1.36836    17.51222
     3.18696     3.06088     2.64130     2.88616     2.64130     1.37705     1.00117     1.57195     1.00117     1.37705    17.55803
     3.22296     3.06100     2.64143     2.88641     2.64143     1.38481     1.01451     1.57289     1.01451     1.38481    17.60178
     3.25796     3.06112     2.64155     2.88667     2.64155     1.39176     1.02768     1.57376     1.02768     1.39176    17.64353
     3.29396     3.06125     2.64166     2.88694     2.64166     1.39804     1.04069     1.57458     1.04069     1.39804    17.68357
     3.32896     3.06139     2.64178     2.88723     2.64178     1.40378     1.05372     1.57535     1.05372     1.40378    17.72251
     3.36496     3.06153     2.64188     2.88754     2.64188     1.40899     1.06698     1.57607     1.06698     1.40899    17.76085
     3.39996     3.06170     2.64199     2.88789     2.64199     1.41375     1.08045     1.57676     1.08045     1.41375    17.79871
     3.43496     3.06188     2.64209     2.88828     2.64209     1.41809     1.09397     1.57744     1.09397     1.41809    17.83588
     3.47096     3.06209     2.64218     2.88873     2.64218     1.42198     1.10743     1.57813     1.10743     1.42198    17.87215
     3.50596     3.06233     2.64227     2.88926     2.64227     1.42550     1.12085     1.57881     1.12085     1.42550    17.90765
     3.54196     3.06261     2.64236     2.88984     2.64236     1.42871     1.13426     1.57951     1.13426     1.42871    17.94262
     3.57696     3.06292     2.64244     2.89046     2.64244     1.43166     1.14771     1.58023     1.14771     1.43166    17.97724
     3.61296     3.06327     2.64252     2.89111     2.64252     1.43441     1.16125     1.58098     1.16125     1.43441    18.01173
     3.64796     3.06365     2.64260     2.89174     2.64260     1.43698     1.17482     1.58173     1.17482     1.43698    18.04592
     3.68396     3.06407     2.64267     2.89235     2.64267     1.43939     1.18820     1.58248     1.18820     1.43939    18.07941
     3.71896     3.06454     2.64274     2.89294     2.64274     1.44167     1.20139     1.58322     1.20139     1.44167    18.11228
     3.75396     3.06504     2.64280     2.89352     2.64280     1.44386     1.21453     1.58397     1.21453     1.44386    18.14491
     3.78996     3.06557     2.64286     2.89410     2.64286     1.44596     1.22764     1.58471     1.22764     1.44596    18.17731
     3.82496     3.06613     2.64292     2.89467     2.64292     1.44797     1.24073     1.58546     1.24073     1.44797    18.20950
     3.86096     3.06673     2.64298     2.89524     2.64298     1.44990     1.25399     1.58621     1.25399     1.44990    18.24191
     3.89596     3.06735     2.64303     2.89581     2.64303     1.45174     1.26716     1.58697     1.26716     1.45174    18.27398
     3.93196     3.06801     2.64307     2.89637     2.64307     1.45349     1.27996     1.58772     1.27996     1.45349    18.30513
     3.96696     3.06873     2.64311     2.89692     2.64311     1.45518     1.29272     1.58849     1.29272     1.45518    18.33615
     4.00196     3.06949     2.64314     2.89747     2.64314     1.45683     1.30474     1.58926     1.30474     1.45683    18.36564
     4.03796     3.07028     2.64318     2.89800     2.64318     1.45844     1.31535     1.59004     1.31535     1.45844    18.39225
     4.07296     3.07109     2.64321     2.89853     2.64321     1.46001     1.32523     1.59084     1.32523     1.46001    18.41736
     4.10896     3.07194     2.64324     2.89904     2.64324     1.46157     1.33505     1.59165     1.33505     1.46157    18.44233
     4.14396     3.07282     2.64327     2.89953     2.64327     1.46317     1.34506     1.59246     1.34506     1.46317    18.46782
     4.17996     3.07377     2.64330     2.90000     2.64330     1.46482     1.35521     1.59327     1.35521     1.46482    18.49369
     4.21496     3.07475     2.64334     2.90046     2.64334     1.46650     1.36537     1.59407     1.36537     1.46650    18.51969
     4.25096     3.07577     2.64337     2.90090     2.64337     1.46820     1.37552     1.59487     1.37552     1.46820    18.54572
     4.28596     3.07680     2.64341     2.90132     2.64341     1.46992     1.38581     1.59567     1.38581     1.46992    18.57207
     4.32096     3.07788     2.64347     2.90173     2.64347     1.47179     1.39836     1.59646     1.39836     1.47179    18.60332
     4.35696     3.07901     2.64354     2.90213     2.64354     1.47385     1.41399     1.59724     1.41399     1.47385    18.64115
     4.39196     3.08020     2.64363     2.90251     2.64363     1.47599     1.43490     1.59802     1.43490     1.47599    18.68978
     4.42796     3.08147     2.64374     2.90288     2.64374     1.47831     1.46156     1.59880     1.46156     1.47831    18.75036
     4.46296     3.08276     2.64386     2.90323     2.64386     1.48066     1.48237     1.59956     1.48237     1.48066    18.79933
     4.49896     3.08400     2.64398     2.90357     2.64398     1.48289     1.49478     1.60030     1.49478     1.48289    18.83117
     4.53396     3.08522     2.64410     2.90389     2.64410     1.48508     1.50533     1.60103     1.50533     1.48508    18.85913
     4.56996     3.08641     2.64422     2.90419     2.64422     1.48721     1.51446     1.60176     1.51446     1.48721    18.88412
     4.60496     3.08756     2.64434     2.90448     2.64434     1.48927     1.52234     1.60248     1.52234     1.48927    18.90644
     4.63996     3.08865     2.64445     2.90477     2.64445     1.49124     1.52928     1.60316     1.52928     1.49124    18.92652
     4.67596     3.08965     2.64456     2.90504     2.64456     1.49306     1.53538     1.60375     1.53538     1.49306    18.94443
     4.71096     3.09052     2.64466     2.90530     2.64466     1.49469     1.54063     1.60422     1.54063     1.49469    18.96000
     4.74696     3.09125     2.64476     2.90556     2.64476     1.49610     1.54513     1.60455     1.54513     1.49610    18.97334
     4.78196     3.09188     2.64486     2.90580     2.64486     1.49736     1.54923     1.60478     1.54923     1.49736    18.98534
     4.81796     3.09247     2.64496     2.90603     2.64496     1.49860     1.55314     1.60503     1.55314     1.49860    18.99692
     4.85296     3.09308     2.64507     2.90625     2.64507     1.49987     1.55689     1.60536     1.55689     1.49987    19.00836
     4.88896     3.09372     2.64519     2.90648     2.64519     1.50123     1.56051     1.60577     1.56051     1.50123    19.01983
     4.92396     3.09441     2.64532     2.90670     2.64532     1.50275     1.56396     1.60630     1.56396     1.50275    19.03149
     4.95896     3.09517     2.64546     2.90692     2.64546     1.50444     1.56728     1.60693     1.56728     1.50444    19.04338
     4.99496     3.09597     2.64562     2.90714     2.64562     1.50627     1.57050     1.60764     1.57050     1.50627    19.05554
     5.02996     3.09681     2.64578     2.90736     2.64578     1.50826     1.57365     1.60840     1.57365     1.50826    19.06796
     5.06596     3.09768     2.64597     2.90758     2.64597     1.51038     1.57673     1.60919     1.57673     1.51038    19.08061
     5.10096     3.09857     2.64617     2.90780     2.64617     1.51266     1.57977     1.61001     1.57977     1.51266    19.09358
     5.13696     3.09953     2.64639     2.90801     2.64639     1.51517     1.58282     1.61088     1.58282     1.51517    19.10717
     5.17196     3.10061     2.64665     2.90823     2.64665     1.51820     1.58598     1.61182     1.58598     1.51820    19.12233
     5.20796     3.10180     2.64696     2.90845     2.64696     1.52174     1.58926     1.61277     1.58926     1.52174    19.13893
     5.24296     3.10299     2.64729     2.90867     2.64729     1.52543     1.59256     1.61370     1.59256     1.52543    19.15592
     5.27796     3.10417     2.64764     2.90889     2.64764     1.52921     1.59586     1.61461     1.59586     1.52921    19.17310
     5.31396     3.10536     2.64799     2.90912     2.64799     1.53301     1.59917     1.61552     1.59917     1.53301    19.19034
     5.34896     3.10654     2.64835     2.90934     2.64835     1.53678     1.60247     1.61644     1.60247     1.53678    19.20751
     5.38496     3.10773     2.64872     2.90956     2.64872     1.54057     1.60577     1.61737     1.60577     1.54057    19.22478
     5.41996     3.10891     2.64910     2.90977     2.64910     1.54436     1.60908     1.61832     1.60908     1.54436    19.24208
     5.45596     3.11008     2.64949     2.90998     2.64949     1.54811     1.61238     1.61928     1.61238     1.54811    19.25929
     5.49096     3.11122     2.64988     2.91019     2.64988     1.55186     1.61566     1.62022     1.61566     1.55186    19.27643
     5.52696     3.11237     2.65028     2.91039     2.65028     1.55563     1.61891     1.62114     1.61891     1.55563    19.29355
     5.56196     3.11345     2.65069     2.91057     2.65069     1.55929     1.62215     1.62205     1.62215     1.55929    19.31033
     5.59696     3.11441     2.65110     2.91075     2.65110     1.56269     1.62539     1.62294     1.62539     1.56269    19.32646
     5.63296     3.11530     2.65152     2.91091     2.65152     1.56593     1.62863     1.62383     1.62863     1.56593    19.34219
     5.66796     3.11613     2.65194     2.91107     2.65194     1.56902     1.63187     1.62471     1.63187     1.56902    19.35756
     5.70396     3.11692     2.65236     2.91123     2.65236     1.57199     1.63509     1.62559     1.63509     1.57199    19.37261
     5.73896     3.11768     2.65278     2.91138     2.65278     1.57488     1.63832     1.62647     1.63832     1.57488    19.38748
     5.77496     3.11839     2.65322     2.91153     2.65322     1.57771     1.64153     1.62736     1.64153     1.57771    19.40219
     5.80996     3.11908     2.65366     2.91167     2.65366     1.58050     1.64477     1.62826     1.64477     1.58050    19.41687
     5.84596     3.11975     2.65412     2.91181     2.65412     1.58325     1.64801     1.62915     1.64801     1.58325    19.43149
     5.88096     3.12038     2.65459     2.91195     2.65459     1.58595     1.65124     1.63003     1.65124     1.58595    19.44590
     5.91596     3.12098     2.65505     2.91208     2.65505     1.58855     1.65445     1.63087     1.65445     1.58855    19.46003
     5.95196     3.12156     2.65551     2.91220     2.65551     1.59108     1.65764     1.63171     1.65764     1.59108    19.47393
     5.98696     3.12212     2.65598     2.91232     2.65598     1.59353     1.66082     1.63253     1.66082     1.59353    19.48765
     6.02296     3.12267     2.65645     2.91244     2.65645     1.59593     1.66402     1.63334     1.66402     1.59593    19.50123
     6.05796     3.12320     2.65692     2.91255     2.65692     1.59828     1.66723     1.63414     1.66723     1.59828    19.51476
     6.09396     3.12371     2.65739     2.91266     2.65739     1.60058     1.67047     1.63494     1.67047     1.60058    19.52820
     6.12896     3.12421     2.65786     2.91277     2.65786     1.60281     1.67371     1.63572     1.67371     1.60281    19.54146
     6.16496     3.12470     2.65834     2.91287     2.65834     1.60497     1.67695     1.63649     1.67695     1.60497    19.55457
     6.19996     3.12518     2.65881     2.91297     2.65881     1.60708     1.68020     1.63725     1.68020     1.60708    19.56758
     6.23496     3.12564     2.65928     2.91307     2.65928     1.60914     1.68346     1.63799     1.68346     1.60914    19.58046
     6.27096     3.12611     2.65975     2.91317     2.65975     1.61114     1.68671     1.63872     1.68671     1.61114    19.59319
     6.30596     3.12656     2.66021     2.91326     2.66021     1.61310     1.68995     1.63941     1.68995     1.61310    19.60575
     6.34196     3.12701     2.66067     2.91335     2.66067     1.61501     1.69317     1.64009     1.69317     1.61501    19.61817
     6.37696     3.12747     2.66113     2.91344     2.66113     1.61688     1.69642     1.64075     1.69642     1.61688    19.63050
     6.41296     3.12792     2.66158     2.91353     2.66158     1.61870     1.69974     1.64138     1.69974     1.61870    19.64287
     6.44796     3.12837     2.66203     2.91362     2.66203     1.62048     1.70317     1.64198     1.70317     1.62048    19.65532
     6.48396     3.12882     2.66248     2.91371     2.66248     1.62223     1.70668     1.64256     1.70668     1.62223    19.66786
     6.51896     3.12928     2.66292     2.91379     2.66292     1.62395     1.71036     1.64311     1.71036     1.62395    19.68064
     6.55396     3.12975     2.66335     2.91388     2.66335     1.62565     1.71427     1.64365     1.71427     1.62565    19.69382
     6.58996     3.13023     2.66378     2.91397     2.66378     1.62732     1.71830     1.64417     1.71830     1.62732    19.70718
     6.62496     3.13073     2.66421     2.91405     2.66421     1.62899     1.72228     1.64467     1.72228     1.62899    19.72041
     6.66096     3.13126     2.66463     2.91414     2.66463     1.63066     1.72607     1.64515     1.72607     1.63066    19.73327
     6.69596     3.13182     2.66505     2.91422     2.66505     1.63234     1.72967     1.64560     1.72967     1.63234    19.74577
     6.73196     3.13243     2.66547     2.91431     2.66547     1.63404     1.73318     1.64603     1.73318     1.63404    19.75814
     6.76696     3.13310     2.66589     2.91439     2.66589     1.63577     1.73664     1.64643     1.73664     1.63577    19.77052
     6.80196     3.13384     2.66632     2.91448     2.66632     1.63755     1.74020     1.64681     1.74020     1.63755    19.78327
     6.83796     3.13464     2.66675     2.91458     2.66675     1.63937     1.74396     1.64717     1.74396     1.63937    19.79654
     6.87296     3.13549     2.66716     2.91467     2.66716     1.64124     1.74771     1.64749     1.74771     1.64124    19.80988
     6.90896     3.13635     2.66756     2.91476     2.66756     1.64315     1.75119     1.64777     1.75119     1.64315    19.82269
     6.94396     3.13718     2.66793     2.91485     2.66793     1.64509     1.75430     1.64802     1.75430     1.64509    19.83470
     6.97996     3.13798     2.66828     2.91492     2.66828     1.64709     1.75697     1.64823     1.75697     1.64709    19.84582
     7.01496     3.13876     2.66861     2.91499     2.66861     1.64917     1.75920     1.64842     1.75920     1.64917    19.85612
     7.05096     3.13949     2.66891     2.91506     2.66891     1.65136     1.76108     1.64858     1.76108     1.65136    19.86582
     7.08596     3.14015     2.66920     2.91512     2.66920     1.65370     1.76266     1.64872     1.76266     1.65370    19.87511
     7.12096     3.14076     2.66950     2.91517     2.66950     1.65630     1.76398     1.64886     1.76398     1.65630    19.88435
     7.15696     3.14133     2.66979     2.91523     2.66979     1.65924     1.76506     1.64898     1.76506     1.65924    19.89372
     7.19196     3.14183     2.67005     2.91527     2.67005     1.66238     1.76591     1.64908     1.76591     1.66238    19.90286
     7.22796     3.14227     2.67028     2.91531     2.67028     1.66573     1.76654     1.64915     1.76654     1.66573    19.91184
     7.26296     3.14264     2.67048     2.91534     2.67048     1.66898     1.76698     1.64920     1.76698     1.66898    19.92005
     7.29896     3.14292     2.67062     2.91535     2.67062     1.67161     1.76726     1.64922     1.76726     1.67161    19.92645
     7.33396     3.14310     2.67070     2.91536     2.67070     1.67318     1.76738     1.64923     1.76738     1.67318    19.93020
     7.36996     3.14317     2.67072     2.91536     2.67072     1.67360     1.76741     1.64923     1.76741     1.67360    19.93121
     7.40496     3.14317     2.67072     2.91536     2.67072     1.67360     1.76741     1.64923     1.76741     1.67360    19.93121
     7.43996     3.14317     2.67072     2.91536     2.67072     1.67360     1.76741     1.64923     1.76741     1.67360    19.93121
     7.47596     3.14317     2.67072     2.91536     2.67072     1.67360     1.76741     1.64923     1.76741     1.67360    19.93121
     7.51096     3.14317     2.67072     2.91536     2.67072     1.67360     1.76741     1.64923     1.76741     1.67360    19.93121
     7.54696     3.14317     2.67072     2.91536     2.67072     1.67360     1.76741     1.64923     1.76741     1.67360    19.93121
     7.58196     3.14317     2.67072     2.91536     2.67072     1.67360     1.76741     1.64923     1.76741     1.67360    19.93121
     7.61796     3.14317     2.67072     2.91536     2.67072     1.67360     1.76741     1.64923     1.76741     1.67360    19.93121
     7.65296     3.14317     2.67072     2.91536     2.67072     1.67360     1.76741     1.64923     1.76741     1.67360    19.93121
     7.68896     3.14317     2.67072     2.91536     2.67072     1.67360     1.76741     1.64923     1.76741     1.67360    19.93121
     7.72396     3.14317     2.67072     2.91536     2.67072     1.67360     1.76741     1.64923     1.76741     1.67360    19.93121
     7.75896     3.14317     2.67072     2.91536     2.67072     1.67360     1.76741     1.64923     1.76741     1.67360    19.93121
     7.79496     3.14317     2.67072     2.91536     2.67072     1.67360     1.76741     1.64923     1.76741     1.67360    19.93121
     7.82996     3.14317     2.67072     2.91536     2.67072     1.67360     1.76741     1.64923     1.76741     1.67360    19.93121
     7.86596     3.14317     2.67072     2.91536     2.67072     1.67360     1.76741     1.64923     1.76741     1.67360    19.93121
     7.90096     3.14317     2.67072     2.91536     2.67072     1.67360     1.76741     1.64923     1.76741     1.67360    19.93121
     7.93696     3.14317     2.67072     2.91536     2.67072     1.67360     1.76741     1.64923     1.76741     1.67360    19.93121
     7.97196     3.14317     2.67072     2.91536     2.67072     1.67360     1.76741     1.64923     1.76741     1.67360    19.93121
     8.00796     3.14317     2.67072     2.91536     2.67072     1.67360     1.76741     1.64923     1.76741     1.67360    19.93121
     8.04296     3.14317     2.67072     2.91536     2.67072     1.67360     1.76741     1.64923     1.76741     1.67360    19.93121
     8.07796     3.14317     2.67072     2.91536     2.67072     1.67360     1.76741     1.64923     1.76741     1.67360    19.93121
     8.11396     3.14317     2.67072     2.91536     2.67072     1.67360     1.76741     1.64923     1.76741     1.67360    19.93121
     8.14896     3.14317     2.67072     2.91536     2.67072     1.67360     1.76741     1.64923     1.76741     1.67360    19.93121
     8.18496     3.14317     2.67072     2.91536     2.67072     1.67360     1.76741     1.64923     1.76741     1.67360    19.93121
     8.21996     3.14317     2.67072     2.91536     2.67072     1.67360     1.76741     1.64923     1.76741     1.67360    19.93121
     8.25596     3.14317     2.67072     2.91536     2.67072     1.67360     1.76741     1.64923     1.76741     1.67360    19.93121
     8.29096     3.14317     2.67072     2.91536     2.67072     1.67360     1.76741     1.64923     1.76741     1.67360    19.93121
     8.32696     3.14317     2.67072     2.91536     2.67072     1.67360     1.76741     1.64923     1.76741     1.67360    19.93121
     8.36196     3.14317     2.67072     2.91536     2.67072     1.67360     1.76741     1.64923     1.76741     1.67360    19.93121
     8.39696     3.14317     2.67072     2.91536     2.67072     1.67360     1.76741     1.64923     1.76741     1.67360    19.93121
     8.43296     3.14317     2.67072     2.91536     2.67072     1.67360     1.76741     1.64923     1.76741     1.67360    19.93121
     8.46796     3.14317     2.67072     2.91536     2.67072     1.67360     1.76741     1.64923     1.76741     1.67360    19.93121
     8.50396     3.14317     2.67072     2.91536     2.67072     1.67360     1.76741     1.64923     1.76741     1.67360    19.93121
     8.53896     3.14317     2.67072     2.91536     2.67072     1.67360     1.76741     1.64923     1.76741     1.67360    19.93121
     8.57496     3.14317     2.67072     2.91536     2.67072     1.67360     1.76741     1.64923     1.76741     1.67360    19.93121
     8.60996     3.14317     2.67072     2.91536     2.67072     1.67360     1.76741     1.64923     1.76741     1.67360    19.93121
     8.64596     3.14317     2.67072     2.91536     2.67072     1.67360     1.76741     1.64923     1.76741     1.67360    19.93121
     8.68096     3.14317     2.67072     2.91536     2.67072     1.67360     1.76741     1.64923     1.76741     1.67360    19.93121
     8.71596     3.14317     2.67072     2.91536     2.67072     1.67360     1.76741     1.64923     1.76741     1.67360    19.93121
     8.75196     3.14317     2.67072     2.91536     2.67072     1.67360     1.76741     1.64923     1.76741     1.67360    19.93121
     8.78696     3.14317     2.67072     2.91536     2.67072     1.67360     1.76741     1.64923     1.76741     1.67360    19.93121
     8.82296     3.14317     2.67072     2.91536     2.67072     1.67360     1.76741     1.64923     1.76741     1.67360    19.93121
     8.85796     3.14317     2.67072     2.91536     2.67072     1.67360     1.76741     1.64923     1.76741     1.67360    19.93121
     8.89396     3.14317     2.67072     2.91536     2.67072     1.67360     1.76741     1.64923     1.76741     1.67360    19.93121
     8.92896     3.14317     2.67072     2.91536     2.67072     1.67360     1.76741     1.64923     1.76741     1.67360    19.93121
     8.96496     3.14317     2.67072     2.91536     2.67072     1.67360     1.76741     1.64923     1.76741     1.67360    19.93121
     8.99996     3.14317     2.67072     2.91536     2.67072     1.67360     1.76741     1.64923     1.76741     1.67360    19.93121
     9.03496     3.14317     2.67072     2.91536     2.67072     1.67360     1.76741     1.64923     1.76741     1.67360    19.93121
     9.07096     3.14317     2.67072     2.91536     2.67072     1.67360     1.76741     1.64923     1.76741     1.67360    19.93121
     9.10596     3.14317     2.67072     2.91536     2.67072     1.67360     1.76741     1.64923     1.76741     1.67360    19.93121
     9.14196     3.14317     2.67072     2.91536     2.67072     1.67360     1.76741     1.64923     1.76741     1.67360    19.93121
     9.17696     3.14317     2.67072     2.91536     2.67072     1.67360     1.76741     1.64923     1.76741     1.67360    19.93121
     9.21296     3.14317     2.67072     2.91536     2.67072     1.67360     1.76741     1.64923     1.76741     1.67360    19.93121
     9.24796     3.14317     2.67072     2.91536     2.67072     1.67360     1.76741     1.64923     1.76741     1.67360    19.93121
     9.28396     3.14317     2.67072     2.91536     2.67072     1.67360     1.76741     1.64923     1.76741     1.67360    19.93121
     9.31896     3.14317     2.67072     2.91536     2.67072     1.67360     1.76741     1.64923     1.76741     1.67360    19.93121
     9.35396     3.14317     2.67072     2.91536     2.67072     1.67360     1.76741     1.64923     1.76741     1.67360    19.93121
     9.38996     3.14317     2.67072     2.91536     2.67072     1.67360     1.76741     1.64923     1.76741     1.67360    19.93121
     9.42496     3.14317     2.67072     2.91536     2.67072     1.67360     1.76741     1.64923     1.76741     1.67360    19.93121
     9.46096     3.14317     2.67072     2.91536     2.67072     1.67360     1.76741     1.64923     1.76741     1.67360    19.93121
     9.49596     3.14317     2.67072     2.91536     2.67072     1.67360     1.76741     1.64923     1.76741     1.67360    19.93121
     9.53196     3.14317     2.67072     2.91536     2.67072     1.67360     1.76741     1.64923     1.76741     1.67360    19.93121
     9.56696     3.14317     2.67072     2.91536     2.67072     1.67360     1.76741     1.64923     1.76741     1.67360    19.93121
     9.60296     3.14317     2.67072     2.91536     2.67072     1.67360     1.76741     1.64923     1.76741     1.67360    19.93121
     9.63796     3.14317     2.67072     2.91536     2.67072     1.67360     1.76741     1.64923     1.76741     1.67360    19.93121
     9.67296     3.14317     2.67072     2.91536     2.67072     1.67360     1.76741     1.64923     1.76741     1.67360    19.93121
     9.70896     3.14317     2.67072     2.91536     2.67072     1.67360     1.76741     1.64923     1.76741     1.67360    19.93121
     9.74396     3.14317     2.67072     2.91536     2.67072     1.67360     1.76741     1.64923     1.76741     1.67360    19.93121
     9.77996     3.14317     2.67072     2.91536     2.67072     1.67360     1.76741     1.64923     1.76741     1.67360    19.93121
     9.81496     3.14317     2.67072     2.91536     2.67072     1.67360     1.76741     1.64923     1.76741     1.67360    19.93121
     9.85096     3.14317     2.67072     2.91536     2.67072     1.67360     1.76741     1.64923     1.76741     1.67360    19.93121
     9.88596     3.14317     2.67072     2.91536     2.67072     1.67360     1.76741     1.64923     1.76741     1.67360    19.93121
     9.92096     3.14317     2.67072     2.91536     2.67072     1.67360     1.76741     1.64923     1.76741     1.67360    19.93121
     9.95696     3.14317     2.67072     2.91536     2.67072     1.67360     1.76741     1.64923     1.76741     1.67360    19.93121
     9.99196     3.14317     2.67072     2.91536     2.67072     1.67360     1.76741     1.64923     1.76741     1.67360    19.93121
    10.02796     3.14317     2.67072     2.91536     2.67072     1.67360     1.76741     1.64923     1.76741     1.67360    19.93121
    10.06296     3.14317     2.67072     2.91536     2.67072     1.67360     1.76741     1.64923     1.76741     1.67360    19.93121
    10.09896     3.14317     2.67072     2.91536     2.67072     1.67360     1.76741     1.64923     1.76741     1.67360    19.93121
    10.13396     3.14317     2.67072     2.91536     2.67072     1.67360     1.76741     1.64923     1.76741     1.67360    19.93121
    10.16996     3.14317     2.67072     2.91536     2.67072     1.67360     1.76741     1.64923     1.76741     1.67360    19.93121
    10.20496     3.14317     2.67072     2.91536     2.67072     1.67360     1.76741     1.64923     1.76741     1.67360    19.93121
    10.23996     3.14317     2.67072     2.91536     2.67072     1.67360     1.76741     1.64923     1.76741     1.67360    19.93121
    10.27596     3.14317     2.67072     2.91536     2.67072     1.67360     1.76741     1.64923     1.76741     1.67360    19.93121
    10.31096     3.14317     2.67072     2.91536     2.67072     1.67360     1.76741     1.64923     1.76741     1.67360    19.93121
    10.34696     3.14317     2.67072     2.91536     2.67072     1.67360     1.76741     1.64923     1.76741     1.67360    19.93121
    10.38196     3.14317     2.67072     2.91536     2.67072     1.67360     1.76741     1.64923     1.76741     1.67360    19.93121
    10.41796     3.14317     2.67072     2.91536     2.67072     1.67360     1.76741     1.64923     1.76741     1.67360    19.93121
    10.45296     3.14317     2.67072     2.91536     2.67072     1.67360     1.76741     1.64923     1.76741     1.67360    19.93121
    10.48896     3.14317     2.67072     2.91536     2.67072     1.67360     1.76741     1.64923     1.76741     1.67360    19.93121
    10.52396     3.14317     2.67072     2.91536     2.67072     1.67360     1.76741     1.64923     1.76741     1.67360    19.93121
    10.55896     3.14317     2.67072     2.91536     2.67072     1.67360     1.76741     1.64923     1.76741     1.67360    19.93121
    10.59496     3.14317     2.67072     2.91536     2.67072     1.67360     1.76741     1.64923     1.76741     1.67360    19.93121
