     #Energy           s          py          pz          px         dxy         dyz         dz2         dxz      dx2-y2       tot  
   -60.25604     0.00000     0.00000     0.00000     0.00000     0.00000     0.00000     0.00000     0.00000     0.00000     0.00000
   -60.22004     0.00000     0.00000     0.00000     0.00000     0.00000     0.00000     0.00000     0.00000     0.00000     0.00000
   -60.18504     0.00000     0.00000     0.00000     0.00000     0.00000     0.00000     0.00000     0.00000     0.00000     0.00000
   -60.15004     0.00000     0.00000     0.00000     0.00000     0.00000     0.00000     0.00000     0.00000     0.00000     0.00000
   -60.11404     0.00000     0.00000     0.00000     0.00000     0.00000     0.00000     0.00000     0.00000     0.00000     0.00000
   -60.07904     0.00000     0.00000     0.00000     0.00000     0.00000     0.00000     0.00000     0.00000     0.00000     0.00000
   -60.04304     0.00000     0.00000     0.00000     0.00000     0.00000     0.00000     0.00000     0.00000     0.00000     0.00000
   -60.00804     0.00000     0.00000     0.00000     0.00000     0.00000     0.00000     0.00000     0.00000     0.00000     0.00000
   -59.97204     0.00000     0.00000     0.00000     0.00000     0.00000     0.00000     0.00000     0.00000     0.00000     0.00000
   -59.93704     0.00000     0.00000     0.00000     0.00000     0.00000     0.00000     0.00000     0.00000     0.00000     0.00000
   -59.90104     0.00000     0.00000     0.00000     0.00000     0.00000     0.00000     0.00000     0.00000     0.00000     0.00000
   -59.86604     0.00000     0.00000     0.00000     0.00000     0.00000     0.00000     0.00000     0.00000     0.00000     0.00000
   -59.83104     0.00000     0.00000     0.00000     0.00000     0.00000     0.00000     0.00000     0.00000     0.00000     0.00000
   -59.79504     0.00000     0.00000     0.00000     0.00000     0.00000     0.00000     0.00000     0.00000     0.00000     0.00000
   -59.76004     0.00000     0.00000     0.00000     0.00000     0.00000     0.00000     0.00000     0.00000     0.00000     0.00000
   -59.72404     0.00000     0.00000     0.00000     0.00000     0.00000     0.00000     0.00000     0.00000     0.00000     0.00000
   -59.68904     0.00000     0.00000     0.00000     0.00000     0.00000     0.00000     0.00000     0.00000     0.00000     0.00000
   -59.65304     0.00000     0.00000     0.00000     0.00000     0.00000     0.00000     0.00000     0.00000     0.00000     0.00000
   -59.61804     0.00000     0.00000     0.00000     0.00000     0.00000     0.00000     0.00000     0.00000     0.00000     0.00000
   -59.58204     0.00000     0.00000     0.00000     0.00000     0.00000     0.00000     0.00000     0.00000     0.00000     0.00000
   -59.54704     0.00000     0.00000     0.00000     0.00000     0.00000     0.00000     0.00000     0.00000     0.00000     0.00000
   -59.51204     0.00000     0.00000     0.00000     0.00000     0.00000     0.00000     0.00000     0.00000     0.00000     0.00000
   -59.47604     0.00000     0.00000     0.00000     0.00000     0.00000     0.00000     0.00000     0.00000     0.00000     0.00000
   -59.44104     0.00000     0.00000     0.00000     0.00000     0.00000     0.00000     0.00000     0.00000     0.00000     0.00000
   -59.40504     0.00000     0.00000     0.00000     0.00000     0.00000     0.00000     0.00000     0.00000     0.00000     0.00000
   -59.37004     0.00000     0.00000     0.00000     0.00000     0.00000     0.00000     0.00000     0.00000     0.00000     0.00000
   -59.33404     0.00000     0.00000     0.00000     0.00000     0.00000     0.00000     0.00000     0.00000     0.00000     0.00000
   -59.29904     0.00000     0.00000     0.00000     0.00000     0.00000     0.00000     0.00000     0.00000     0.00000     0.00000
   -59.26304     0.00000     0.00000     0.00000     0.00000     0.00000     0.00000     0.00000     0.00000     0.00000     0.00000
   -59.22804     0.00000     0.00000     0.00000     0.00000     0.00000     0.00000     0.00000     0.00000     0.00000     0.00000
   -59.19304     0.00000     0.00000     0.00000     0.00000     0.00000     0.00000     0.00000     0.00000     0.00000     0.00000
   -59.15704     0.00000     0.00000     0.00000     0.00000     0.00000     0.00000     0.00000     0.00000     0.00000     0.00000
   -59.12204     0.00000     0.00000     0.00000     0.00000     0.00000     0.00000     0.00000     0.00000     0.00000     0.00000
   -59.08604     0.00000     0.00000     0.00000     0.00000     0.00000     0.00000     0.00000     0.00000     0.00000     0.00000
   -59.05104     0.00000     0.00000     0.00000     0.00000     0.00000     0.00000     0.00000     0.00000     0.00000     0.00000
   -59.01504     0.00000     0.00000     0.00000     0.00000     0.00000     0.00000     0.00000     0.00000     0.00000     0.00000
   -58.98004     0.00000     0.00000     0.00000     0.00000     0.00000     0.00000     0.00000     0.00000     0.00000     0.00000
   -58.94404     0.00000     0.00000     0.00000     0.00000     0.00000     0.00000     0.00000     0.00000     0.00000     0.00000
   -58.90904     0.00000     0.00000     0.00000     0.00000     0.00000     0.00000     0.00000     0.00000     0.00000     0.00000
   -58.87404     0.00000     0.00000     0.00000     0.00000     0.00000     0.00000     0.00000     0.00000     0.00000     0.00000
   -58.83804     0.00000     0.00000     0.00000     0.00000     0.00000     0.00000     0.00000     0.00000     0.00000     0.00000
   -58.80304     0.00000     0.00000     0.00000     0.00000     0.00000     0.00000     0.00000     0.00000     0.00000     0.00000
   -58.76704     0.00000     0.00000     0.00000     0.00000     0.00000     0.00000     0.00000     0.00000     0.00000     0.00000
   -58.73204     0.00000     0.00000     0.00000     0.00000     0.00000     0.00000     0.00000     0.00000     0.00000     0.00000
   -58.69604     0.00000     0.00000     0.00000     0.00000     0.00000     0.00000     0.00000     0.00000     0.00000     0.00000
   -58.66104     0.00000     0.00000     0.00000     0.00000     0.00000     0.00000     0.00000     0.00000     0.00000     0.00000
   -58.62504     0.00000     0.00000     0.00000     0.00000     0.00000     0.00000     0.00000     0.00000     0.00000     0.00000
   -58.59004     0.00000     0.00000     0.00000     0.00000     0.00000     0.00000     0.00000     0.00000     0.00000     0.00000
   -58.55504     0.00000     0.00000     0.00000     0.00000     0.00000     0.00000     0.00000     0.00000     0.00000     0.00000
   -58.51904     0.00000     0.00000     0.00000     0.00000     0.00000     0.00000     0.00000     0.00000     0.00000     0.00000
   -58.48404     0.00000     0.00000     0.00000     0.00000     0.00000     0.00000     0.00000     0.00000     0.00000     0.00000
   -58.44804     0.00000     0.00000     0.00000     0.00000     0.00000     0.00000     0.00000     0.00000     0.00000     0.00000
   -58.41304     0.00000     0.00000     0.00000     0.00000     0.00000     0.00000     0.00000     0.00000     0.00000     0.00000
   -58.37704     0.00000     0.00000     0.00000     0.00000     0.00000     0.00000     0.00000     0.00000     0.00000     0.00000
   -58.34204     0.00000     0.00000     0.00000     0.00000     0.00000     0.00000     0.00000     0.00000     0.00000     0.00000
   -58.30604     0.00000     0.00000     0.00000     0.00000     0.00000     0.00000     0.00000     0.00000     0.00000     0.00000
   -58.27104     0.00000     0.00000     0.00000     0.00000     0.00000     0.00000     0.00000     0.00000     0.00000     0.00000
   -58.23604     0.00000     0.00000     0.00000     0.00000     0.00000     0.00000     0.00000     0.00000     0.00000     0.00000
   -58.20004     0.00000     0.00000     0.00000     0.00000     0.00000     0.00000     0.00000     0.00000     0.00000     0.00000
   -58.16504     0.00000     0.00000     0.00000     0.00000     0.00000     0.00000     0.00000     0.00000     0.00000     0.00000
   -58.12904     0.00000     0.00000     0.00000     0.00000     0.00000     0.00000     0.00000     0.00000     0.00000     0.00000
   -58.09404     0.00000     0.00000     0.00000     0.00000     0.00000     0.00000     0.00000     0.00000     0.00000     0.00000
   -58.05804     0.00000     0.00000     0.00000     0.00000     0.00000     0.00000     0.00000     0.00000     0.00000     0.00000
   -58.02304     0.00000     0.00000     0.00000     0.00000     0.00000     0.00000     0.00000     0.00000     0.00000     0.00000
   -57.98804     0.00000     0.00000     0.00000     0.00000     0.00000     0.00000     0.00000     0.00000     0.00000     0.00000
   -57.95204     0.00000     0.00000     0.00000     0.00000     0.00000     0.00000     0.00000     0.00000     0.00000     0.00000
   -57.91704     0.00000     0.00000     0.00000     0.00000     0.00000     0.00000     0.00000     0.00000     0.00000     0.00000
   -57.88104     0.00000     0.00000     0.00000     0.00000     0.00000     0.00000     0.00000     0.00000     0.00000     0.00000
   -57.84604     0.00000     0.00000     0.00000     0.00000     0.00000     0.00000     0.00000     0.00000     0.00000     0.00000
   -57.81004     0.00000     0.00000     0.00000     0.00000     0.00000     0.00000     0.00000     0.00000     0.00000     0.00000
   -57.77504     0.00000     0.00000     0.00000     0.00000     0.00000     0.00000     0.00000     0.00000     0.00000     0.00000
   -57.73904     0.00000     0.00000     0.00000     0.00000     0.00000     0.00000     0.00000     0.00000     0.00000     0.00000
   -57.70404     0.00000     0.00000     0.00000     0.00000     0.00000     0.00000     0.00000     0.00000     0.00000     0.00000
   -57.66904     0.00000     0.00000     0.00000     0.00000     0.00000     0.00000     0.00000     0.00000     0.00000     0.00000
   -57.63304     0.00000     0.00000     0.00000     0.00000     0.00000     0.00000     0.00000     0.00000     0.00000     0.00000
   -57.59804     0.00000     0.00000     0.00000     0.00000     0.00000     0.00000     0.00000     0.00000     0.00000     0.00000
   -57.56204     0.00000     0.00000     0.00000     0.00000     0.00000     0.00000     0.00000     0.00000     0.00000     0.00000
   -57.52704     0.00000     0.00000     0.00000     0.00000     0.00000     0.00000     0.00000     0.00000     0.00000     0.00000
   -57.49104     0.00000     0.00000     0.00000     0.00000     0.00000     0.00000     0.00000     0.00000     0.00000     0.00000
   -57.45604     0.00000     0.00000     0.00000     0.00000     0.00000     0.00000     0.00000     0.00000     0.00000     0.00000
   -57.42004     0.00000     0.00000     0.00000     0.00000     0.00000     0.00000     0.00000     0.00000     0.00000     0.00000
   -57.38504     0.00000     0.00000     0.00000     0.00000     0.00000     0.00000     0.00000     0.00000     0.00000     0.00000
   -57.35004     0.00000     0.00000     0.00000     0.00000     0.00000     0.00000     0.00000     0.00000     0.00000     0.00000
   -57.31404     0.00000     0.00000     0.00000     0.00000     0.00000     0.00000     0.00000     0.00000     0.00000     0.00000
   -57.27904     0.00000     0.00000     0.00000     0.00000     0.00000     0.00000     0.00000     0.00000     0.00000     0.00000
   -57.24304     0.00000     0.00000     0.00000     0.00000     0.00000     0.00000     0.00000     0.00000     0.00000     0.00000
   -57.20804     0.00000     0.00000     0.00000     0.00000     0.00000     0.00000     0.00000     0.00000     0.00000     0.00000
   -57.17204     0.00000     0.00000     0.00000     0.00000     0.00000     0.00000     0.00000     0.00000     0.00000     0.00000
   -57.13704     0.00000     0.00000     0.00000     0.00000     0.00000     0.00000     0.00000     0.00000     0.00000     0.00000
   -57.10104     0.00000     0.00000     0.00000     0.00000     0.00000     0.00000     0.00000     0.00000     0.00000     0.00000
   -57.06604     0.00000     0.00000     0.00000     0.00000     0.00000     0.00000     0.00000     0.00000     0.00000     0.00000
   -57.03104     0.00003     0.00000     0.00000     0.00000     0.00000     0.00000     0.00000     0.00000     0.00000     0.00003
   -56.99504     0.00012     0.00002     0.00005     0.00002     0.00000     0.00000     0.00000     0.00000     0.00000     0.00020
   -56.96004     0.00019     0.00005     0.00011     0.00005     0.00000     0.00000     0.00000     0.00000     0.00000     0.00041
   -56.92404     0.00021     0.00007     0.00013     0.00007     0.00000     0.00000     0.00000     0.00000     0.00000     0.00048
   -56.88904     0.00021     0.00007     0.00013     0.00007     0.00000     0.00000     0.00000     0.00000     0.00000     0.00048
   -56.85304     0.00021     0.00007     0.00013     0.00007     0.00000     0.00000     0.00000     0.00000     0.00000     0.00048
   -56.81804     0.00021     0.00007     0.00013     0.00007     0.00000     0.00000     0.00000     0.00000     0.00000     0.00048
   -56.78204     0.00021     0.00007     0.00013     0.00007     0.00000     0.00000     0.00000     0.00000     0.00000     0.00048
   -56.74704     0.00021     0.00007     0.00013     0.00007     0.00000     0.00000     0.00000     0.00000     0.00000     0.00048
   -56.71204     0.00021     0.00007     0.00013     0.00007     0.00000     0.00000     0.00000     0.00000     0.00000     0.00048
   -56.67604     0.00021     0.00007     0.00013     0.00007     0.00000     0.00000     0.00000     0.00000     0.00000     0.00048
   -56.64104     0.00021     0.00007     0.00013     0.00007     0.00000     0.00000     0.00000     0.00000     0.00000     0.00048
   -56.60504     0.00021     0.00007     0.00013     0.00007     0.00000     0.00000     0.00000     0.00000     0.00000     0.00048
   -56.57004     0.00021     0.00007     0.00013     0.00007     0.00000     0.00000     0.00000     0.00000     0.00000     0.00048
   -56.53404     0.00021     0.00007     0.00013     0.00007     0.00000     0.00000     0.00000     0.00000     0.00000     0.00048
   -56.49904     0.00021     0.00007     0.00013     0.00007     0.00000     0.00000     0.00000     0.00000     0.00000     0.00048
   -56.46304     0.00021     0.00007     0.00013     0.00007     0.00000     0.00000     0.00000     0.00000     0.00000     0.00048
   -56.42804     0.00021     0.00007     0.00013     0.00007     0.00000     0.00000     0.00000     0.00000     0.00000     0.00048
   -56.39304     0.00021     0.00007     0.00013     0.00007     0.00000     0.00000     0.00000     0.00000     0.00000     0.00048
   -56.35704     0.00021     0.00007     0.00013     0.00007     0.00000     0.00000     0.00000     0.00000     0.00000     0.00048
   -56.32204     0.00021     0.00007     0.00013     0.00007     0.00000     0.00000     0.00000     0.00000     0.00000     0.00048
   -56.28604     0.00021     0.00007     0.00013     0.00007     0.00000     0.00000     0.00000     0.00000     0.00000     0.00048
   -56.25104     0.00021     0.00007     0.00013     0.00007     0.00000     0.00000     0.00000     0.00000     0.00000     0.00048
   -56.21504     0.00021     0.00007     0.00013     0.00007     0.00000     0.00000     0.00000     0.00000     0.00000     0.00048
   -56.18004     0.00021     0.00007     0.00013     0.00007     0.00000     0.00000     0.00000     0.00000     0.00000     0.00048
   -56.14404     0.00021     0.00007     0.00013     0.00007     0.00000     0.00000     0.00000     0.00000     0.00000     0.00048
   -56.10904     0.00021     0.00007     0.00013     0.00007     0.00000     0.00000     0.00000     0.00000     0.00000     0.00048
   -56.07404     0.00021     0.00007     0.00013     0.00007     0.00000     0.00000     0.00000     0.00000     0.00000     0.00048
   -56.03804     0.00021     0.00007     0.00013     0.00007     0.00000     0.00000     0.00000     0.00000     0.00000     0.00048
   -56.00304     0.00021     0.00007     0.00013     0.00007     0.00000     0.00000     0.00000     0.00000     0.00000     0.00048
   -55.96704     0.00021     0.00007     0.00013     0.00007     0.00000     0.00000     0.00000     0.00000     0.00000     0.00048
   -55.93204     0.00021     0.00007     0.00013     0.00007     0.00000     0.00000     0.00000     0.00000     0.00000     0.00048
   -55.89604     0.00021     0.00007     0.00013     0.00007     0.00000     0.00000     0.00000     0.00000     0.00000     0.00048
   -55.86104     0.00021     0.00007     0.00013     0.00007     0.00000     0.00000     0.00000     0.00000     0.00000     0.00048
   -55.82504     0.00021     0.00007     0.00013     0.00007     0.00000     0.00000     0.00000     0.00000     0.00000     0.00048
   -55.79004     0.00021     0.00007     0.00013     0.00007     0.00000     0.00000     0.00000     0.00000     0.00000     0.00048
   -55.75504     0.00021     0.00007     0.00013     0.00007     0.00000     0.00000     0.00000     0.00000     0.00000     0.00048
   -55.71904     0.00021     0.00007     0.00013     0.00007     0.00000     0.00000     0.00000     0.00000     0.00000     0.00048
   -55.68404     0.00021     0.00007     0.00013     0.00007     0.00000     0.00000     0.00000     0.00000     0.00000     0.00048
   -55.64804     0.00021     0.00007     0.00013     0.00007     0.00000     0.00000     0.00000     0.00000     0.00000     0.00048
   -55.61304     0.00021     0.00007     0.00013     0.00007     0.00000     0.00000     0.00000     0.00000     0.00000     0.00048
   -55.57704     0.00021     0.00007     0.00013     0.00007     0.00000     0.00000     0.00000     0.00000     0.00000     0.00048
   -55.54204     0.00021     0.00007     0.00013     0.00007     0.00000     0.00000     0.00000     0.00000     0.00000     0.00048
   -55.50604     0.00021     0.00007     0.00013     0.00007     0.00000     0.00000     0.00000     0.00000     0.00000     0.00048
   -55.47104     0.00021     0.00007     0.00013     0.00007     0.00000     0.00000     0.00000     0.00000     0.00000     0.00048
   -55.43604     0.00021     0.00007     0.00013     0.00007     0.00000     0.00000     0.00000     0.00000     0.00000     0.00048
   -55.40004     0.00021     0.00007     0.00013     0.00007     0.00000     0.00000     0.00000     0.00000     0.00000     0.00048
   -55.36504     0.00021     0.00007     0.00013     0.00007     0.00000     0.00000     0.00000     0.00000     0.00000     0.00048
   -55.32904     0.00021     0.00007     0.00013     0.00007     0.00000     0.00000     0.00000     0.00000     0.00000     0.00048
   -55.29404     0.00021     0.00007     0.00013     0.00007     0.00000     0.00000     0.00000     0.00000     0.00000     0.00048
   -55.25804     0.00021     0.00007     0.00013     0.00007     0.00000     0.00000     0.00000     0.00000     0.00000     0.00048
   -55.22304     0.00021     0.00007     0.00013     0.00007     0.00000     0.00000     0.00000     0.00000     0.00000     0.00048
   -55.18804     0.00021     0.00007     0.00013     0.00007     0.00000     0.00000     0.00000     0.00000     0.00000     0.00048
   -55.15204     0.00021     0.00007     0.00013     0.00007     0.00000     0.00000     0.00000     0.00000     0.00000     0.00048
   -55.11704     0.00021     0.00007     0.00013     0.00007     0.00000     0.00000     0.00000     0.00000     0.00000     0.00048
   -55.08104     0.00021     0.00007     0.00013     0.00007     0.00000     0.00000     0.00000     0.00000     0.00000     0.00048
   -55.04604     0.00021     0.00007     0.00013     0.00007     0.00000     0.00000     0.00000     0.00000     0.00000     0.00048
   -55.01004     0.00021     0.00007     0.00013     0.00007     0.00000     0.00000     0.00000     0.00000     0.00000     0.00048
   -54.97504     0.00021     0.00007     0.00013     0.00007     0.00000     0.00000     0.00000     0.00000     0.00000     0.00048
   -54.93904     0.00021     0.00007     0.00013     0.00007     0.00000     0.00000     0.00000     0.00000     0.00000     0.00048
   -54.90404     0.00021     0.00007     0.00013     0.00007     0.00000     0.00000     0.00000     0.00000     0.00000     0.00048
   -54.86904     0.00021     0.00007     0.00013     0.00007     0.00000     0.00000     0.00000     0.00000     0.00000     0.00048
   -54.83304     0.00021     0.00007     0.00013     0.00007     0.00000     0.00000     0.00000     0.00000     0.00000     0.00048
   -54.79804     0.00021     0.00007     0.00013     0.00007     0.00000     0.00000     0.00000     0.00000     0.00000     0.00048
   -54.76204     0.00021     0.00007     0.00013     0.00007     0.00000     0.00000     0.00000     0.00000     0.00000     0.00048
   -54.72704     0.00021     0.00007     0.00013     0.00007     0.00000     0.00000     0.00000     0.00000     0.00000     0.00048
   -54.69104     0.00021     0.00007     0.00013     0.00007     0.00000     0.00000     0.00000     0.00000     0.00000     0.00048
   -54.65604     0.00021     0.00007     0.00013     0.00007     0.00000     0.00000     0.00000     0.00000     0.00000     0.00048
   -54.62004     0.00021     0.00007     0.00013     0.00007     0.00000     0.00000     0.00000     0.00000     0.00000     0.00048
   -54.58504     0.00021     0.00007     0.00013     0.00007     0.00000     0.00000     0.00000     0.00000     0.00000     0.00048
   -54.55004     0.00021     0.00007     0.00013     0.00007     0.00000     0.00000     0.00000     0.00000     0.00000     0.00048
   -54.51404     0.00021     0.00007     0.00013     0.00007     0.00000     0.00000     0.00000     0.00000     0.00000     0.00048
   -54.47904     0.00021     0.00007     0.00013     0.00007     0.00000     0.00000     0.00000     0.00000     0.00000     0.00048
   -54.44304     0.00021     0.00007     0.00013     0.00007     0.00000     0.00000     0.00000     0.00000     0.00000     0.00048
   -54.40804     0.00021     0.00007     0.00013     0.00007     0.00000     0.00000     0.00000     0.00000     0.00000     0.00048
   -54.37204     0.00021     0.00007     0.00013     0.00007     0.00000     0.00000     0.00000     0.00000     0.00000     0.00048
   -54.33704     0.00021     0.00007     0.00013     0.00007     0.00000     0.00000     0.00000     0.00000     0.00000     0.00048
   -54.30104     0.00021     0.00007     0.00013     0.00007     0.00000     0.00000     0.00000     0.00000     0.00000     0.00048
   -54.26604     0.00021     0.00007     0.00013     0.00007     0.00000     0.00000     0.00000     0.00000     0.00000     0.00048
   -54.23104     0.00021     0.00007     0.00013     0.00007     0.00000     0.00000     0.00000     0.00000     0.00000     0.00048
   -54.19504     0.00021     0.00007     0.00013     0.00007     0.00000     0.00000     0.00000     0.00000     0.00000     0.00048
   -54.16004     0.00021     0.00007     0.00013     0.00007     0.00000     0.00000     0.00000     0.00000     0.00000     0.00048
   -54.12404     0.00021     0.00007     0.00013     0.00007     0.00000     0.00000     0.00000     0.00000     0.00000     0.00048
   -54.08904     0.00021     0.00007     0.00013     0.00007     0.00000     0.00000     0.00000     0.00000     0.00000     0.00048
   -54.05304     0.00021     0.00007     0.00013     0.00007     0.00000     0.00000     0.00000     0.00000     0.00000     0.00048
   -54.01804     0.00021     0.00007     0.00013     0.00007     0.00000     0.00000     0.00000     0.00000     0.00000     0.00048
   -53.98204     0.00021     0.00007     0.00013     0.00007     0.00000     0.00000     0.00000     0.00000     0.00000     0.00048
   -53.94704     0.00021     0.00007     0.00013     0.00007     0.00000     0.00000     0.00000     0.00000     0.00000     0.00048
   -53.91204     0.00021     0.00007     0.00013     0.00007     0.00000     0.00000     0.00000     0.00000     0.00000     0.00048
   -53.87604     0.00021     0.00007     0.00013     0.00007     0.00000     0.00000     0.00000     0.00000     0.00000     0.00048
   -53.84104     0.00021     0.00007     0.00013     0.00007     0.00000     0.00000     0.00000     0.00000     0.00000     0.00048
   -53.80504     0.00021     0.00007     0.00013     0.00007     0.00000     0.00000     0.00000     0.00000     0.00000     0.00048
   -53.77004     0.00021     0.00007     0.00013     0.00007     0.00000     0.00000     0.00000     0.00000     0.00000     0.00048
   -53.73404     0.00021     0.00007     0.00013     0.00007     0.00000     0.00000     0.00000     0.00000     0.00000     0.00048
   -53.69904     0.00021     0.00007     0.00013     0.00007     0.00000     0.00000     0.00000     0.00000     0.00000     0.00048
   -53.66304     0.00021     0.00007     0.00013     0.00007     0.00000     0.00000     0.00000     0.00000     0.00000     0.00048
   -53.62804     0.00021     0.00007     0.00013     0.00007     0.00000     0.00000     0.00000     0.00000     0.00000     0.00048
   -53.59304     0.00021     0.00007     0.00013     0.00007     0.00000     0.00000     0.00000     0.00000     0.00000     0.00048
   -53.55704     0.00021     0.00007     0.00013     0.00007     0.00000     0.00000     0.00000     0.00000     0.00000     0.00048
   -53.52204     0.00021     0.00007     0.00013     0.00007     0.00000     0.00000     0.00000     0.00000     0.00000     0.00048
   -53.48604     0.00021     0.00007     0.00013     0.00007     0.00000     0.00000     0.00000     0.00000     0.00000     0.00048
   -53.45104     0.00021     0.00007     0.00013     0.00007     0.00000     0.00000     0.00000     0.00000     0.00000     0.00048
   -53.41504     0.00021     0.00007     0.00013     0.00007     0.00000     0.00000     0.00000     0.00000     0.00000     0.00048
   -53.38004     0.00021     0.00007     0.00013     0.00007     0.00000     0.00000     0.00000     0.00000     0.00000     0.00048
   -53.34404     0.00021     0.00007     0.00013     0.00007     0.00000     0.00000     0.00000     0.00000     0.00000     0.00048
   -53.30904     0.00021     0.00007     0.00013     0.00007     0.00000     0.00000     0.00000     0.00000     0.00000     0.00048
   -53.27404     0.00021     0.00007     0.00013     0.00007     0.00000     0.00000     0.00000     0.00000     0.00000     0.00048
   -53.23804     0.00021     0.00007     0.00013     0.00007     0.00000     0.00000     0.00000     0.00000     0.00000     0.00048
   -53.20304     0.00021     0.00007     0.00013     0.00007     0.00000     0.00000     0.00000     0.00000     0.00000     0.00048
   -53.16704     0.00021     0.00007     0.00013     0.00007     0.00000     0.00000     0.00000     0.00000     0.00000     0.00048
   -53.13204     0.00021     0.00007     0.00013     0.00007     0.00000     0.00000     0.00000     0.00000     0.00000     0.00048
   -53.09604     0.00021     0.00007     0.00013     0.00007     0.00000     0.00000     0.00000     0.00000     0.00000     0.00048
   -53.06104     0.00021     0.00007     0.00013     0.00007     0.00000     0.00000     0.00000     0.00000     0.00000     0.00048
   -53.02504     0.00021     0.00007     0.00013     0.00007     0.00000     0.00000     0.00000     0.00000     0.00000     0.00048
   -52.99004     0.00021     0.00007     0.00013     0.00007     0.00000     0.00000     0.00000     0.00000     0.00000     0.00048
   -52.95504     0.00021     0.00007     0.00013     0.00007     0.00000     0.00000     0.00000     0.00000     0.00000     0.00048
   -52.91904     0.00021     0.00007     0.00013     0.00007     0.00000     0.00000     0.00000     0.00000     0.00000     0.00048
   -52.88404     0.00021     0.00007     0.00013     0.00007     0.00000     0.00000     0.00000     0.00000     0.00000     0.00048
   -52.84804     0.00021     0.00007     0.00013     0.00007     0.00000     0.00000     0.00000     0.00000     0.00000     0.00048
   -52.81304     0.00021     0.00007     0.00013     0.00007     0.00000     0.00000     0.00000     0.00000     0.00000     0.00048
   -52.77704     0.00021     0.00007     0.00013     0.00007     0.00000     0.00000     0.00000     0.00000     0.00000     0.00048
   -52.74204     0.00021     0.00007     0.00013     0.00007     0.00000     0.00000     0.00000     0.00000     0.00000     0.00048
   -52.70604     0.00021     0.00007     0.00013     0.00007     0.00000     0.00000     0.00000     0.00000     0.00000     0.00048
   -52.67104     0.00021     0.00007     0.00013     0.00007     0.00000     0.00000     0.00000     0.00000     0.00000     0.00048
   -52.63604     0.00021     0.00007     0.00013     0.00007     0.00000     0.00000     0.00000     0.00000     0.00000     0.00048
   -52.60004     0.00021     0.00007     0.00013     0.00007     0.00000     0.00000     0.00000     0.00000     0.00000     0.00048
   -52.56504     0.00021     0.00007     0.00013     0.00007     0.00000     0.00000     0.00000     0.00000     0.00000     0.00048
   -52.52904     0.00021     0.00007     0.00013     0.00007     0.00000     0.00000     0.00000     0.00000     0.00000     0.00048
   -52.49404     0.00021     0.00007     0.00013     0.00007     0.00000     0.00000     0.00000     0.00000     0.00000     0.00048
   -52.45804     0.00021     0.00007     0.00013     0.00007     0.00000     0.00000     0.00000     0.00000     0.00000     0.00048
   -52.42304     0.00021     0.00007     0.00013     0.00007     0.00000     0.00000     0.00000     0.00000     0.00000     0.00048
   -52.38704     0.00021     0.00007     0.00013     0.00007     0.00000     0.00000     0.00000     0.00000     0.00000     0.00048
   -52.35204     0.00021     0.00007     0.00013     0.00007     0.00000     0.00000     0.00000     0.00000     0.00000     0.00048
   -52.31704     0.00021     0.00007     0.00013     0.00007     0.00000     0.00000     0.00000     0.00000     0.00000     0.00048
   -52.28104     0.00021     0.00007     0.00013     0.00007     0.00000     0.00000     0.00000     0.00000     0.00000     0.00048
   -52.24604     0.00021     0.00007     0.00013     0.00007     0.00000     0.00000     0.00000     0.00000     0.00000     0.00048
   -52.21004     0.00021     0.00007     0.00013     0.00007     0.00000     0.00000     0.00000     0.00000     0.00000     0.00048
   -52.17504     0.00021     0.00007     0.00013     0.00007     0.00000     0.00000     0.00000     0.00000     0.00000     0.00048
   -52.13904     0.00021     0.00007     0.00013     0.00007     0.00000     0.00000     0.00000     0.00000     0.00000     0.00048
   -52.10404     0.00021     0.00007     0.00013     0.00007     0.00000     0.00000     0.00000     0.00000     0.00000     0.00048
   -52.06904     0.00021     0.00007     0.00013     0.00007     0.00000     0.00000     0.00000     0.00000     0.00000     0.00048
   -52.03304     0.00021     0.00007     0.00013     0.00007     0.00000     0.00000     0.00000     0.00000     0.00000     0.00048
   -51.99804     0.00021     0.00007     0.00013     0.00007     0.00000     0.00000     0.00000     0.00000     0.00000     0.00048
   -51.96204     0.00021     0.00007     0.00013     0.00007     0.00000     0.00000     0.00000     0.00000     0.00000     0.00048
   -51.92704     0.00021     0.00007     0.00013     0.00007     0.00000     0.00000     0.00000     0.00000     0.00000     0.00048
   -51.89104     0.00021     0.00007     0.00013     0.00007     0.00000     0.00000     0.00000     0.00000     0.00000     0.00048
   -51.85604     0.00021     0.00007     0.00013     0.00007     0.00000     0.00000     0.00000     0.00000     0.00000     0.00048
   -51.82004     0.00021     0.00007     0.00013     0.00007     0.00000     0.00000     0.00000     0.00000     0.00000     0.00048
   -51.78504     0.00021     0.00007     0.00013     0.00007     0.00000     0.00000     0.00000     0.00000     0.00000     0.00048
   -51.75004     0.00021     0.00007     0.00013     0.00007     0.00000     0.00000     0.00000     0.00000     0.00000     0.00048
   -51.71404     0.00021     0.00007     0.00013     0.00007     0.00000     0.00000     0.00000     0.00000     0.00000     0.00048
   -51.67904     0.00021     0.00007     0.00013     0.00007     0.00000     0.00000     0.00000     0.00000     0.00000     0.00048
   -51.64304     0.00021     0.00007     0.00013     0.00007     0.00000     0.00000     0.00000     0.00000     0.00000     0.00048
   -51.60804     0.00021     0.00007     0.00013     0.00007     0.00000     0.00000     0.00000     0.00000     0.00000     0.00048
   -51.57204     0.00021     0.00007     0.00013     0.00007     0.00000     0.00000     0.00000     0.00000     0.00000     0.00048
   -51.53704     0.00021     0.00007     0.00013     0.00007     0.00000     0.00000     0.00000     0.00000     0.00000     0.00048
   -51.50104     0.00021     0.00007     0.00013     0.00007     0.00000     0.00000     0.00000     0.00000     0.00000     0.00048
   -51.46604     0.00021     0.00007     0.00013     0.00007     0.00000     0.00000     0.00000     0.00000     0.00000     0.00048
   -51.43104     0.00021     0.00007     0.00013     0.00007     0.00000     0.00000     0.00000     0.00000     0.00000     0.00048
   -51.39504     0.00021     0.00007     0.00013     0.00007     0.00000     0.00000     0.00000     0.00000     0.00000     0.00048
   -51.36004     0.00021     0.00007     0.00013     0.00007     0.00000     0.00000     0.00000     0.00000     0.00000     0.00048
   -51.32404     0.00021     0.00007     0.00013     0.00007     0.00000     0.00000     0.00000     0.00000     0.00000     0.00048
   -51.28904     0.00021     0.00007     0.00013     0.00007     0.00000     0.00000     0.00000     0.00000     0.00000     0.00048
   -51.25304     0.00021     0.00007     0.00013     0.00007     0.00000     0.00000     0.00000     0.00000     0.00000     0.00048
   -51.21804     0.00021     0.00007     0.00013     0.00007     0.00000     0.00000     0.00000     0.00000     0.00000     0.00048
   -51.18204     0.00021     0.00007     0.00013     0.00007     0.00000     0.00000     0.00000     0.00000     0.00000     0.00048
   -51.14704     0.00021     0.00007     0.00013     0.00007     0.00000     0.00000     0.00000     0.00000     0.00000     0.00048
   -51.11204     0.00021     0.00007     0.00013     0.00007     0.00000     0.00000     0.00000     0.00000     0.00000     0.00048
   -51.07604     0.00021     0.00007     0.00013     0.00007     0.00000     0.00000     0.00000     0.00000     0.00000     0.00048
   -51.04104     0.00021     0.00007     0.00013     0.00007     0.00000     0.00000     0.00000     0.00000     0.00000     0.00048
   -51.00504     0.00021     0.00007     0.00013     0.00007     0.00000     0.00000     0.00000     0.00000     0.00000     0.00048
   -50.97004     0.00021     0.00007     0.00013     0.00007     0.00000     0.00000     0.00000     0.00000     0.00000     0.00048
   -50.93404     0.00021     0.00007     0.00013     0.00007     0.00000     0.00000     0.00000     0.00000     0.00000     0.00048
   -50.89904     0.00021     0.00007     0.00013     0.00007     0.00000     0.00000     0.00000     0.00000     0.00000     0.00048
   -50.86304     0.00021     0.00007     0.00013     0.00007     0.00000     0.00000     0.00000     0.00000     0.00000     0.00048
   -50.82804     0.00021     0.00007     0.00013     0.00007     0.00000     0.00000     0.00000     0.00000     0.00000     0.00048
   -50.79304     0.00021     0.00007     0.00013     0.00007     0.00000     0.00000     0.00000     0.00000     0.00000     0.00048
   -50.75704     0.00021     0.00007     0.00013     0.00007     0.00000     0.00000     0.00000     0.00000     0.00000     0.00048
   -50.72204     0.00021     0.00007     0.00013     0.00007     0.00000     0.00000     0.00000     0.00000     0.00000     0.00048
   -50.68604     0.00021     0.00007     0.00013     0.00007     0.00000     0.00000     0.00000     0.00000     0.00000     0.00048
   -50.65104     0.00021     0.00007     0.00013     0.00007     0.00000     0.00000     0.00000     0.00000     0.00000     0.00048
   -50.61504     0.00021     0.00007     0.00013     0.00007     0.00000     0.00000     0.00000     0.00000     0.00000     0.00048
   -50.58004     0.00021     0.00007     0.00013     0.00007     0.00000     0.00000     0.00000     0.00000     0.00000     0.00048
   -50.54404     0.00021     0.00007     0.00013     0.00007     0.00000     0.00000     0.00000     0.00000     0.00000     0.00048
   -50.50904     0.00021     0.00007     0.00013     0.00007     0.00000     0.00000     0.00000     0.00000     0.00000     0.00048
   -50.47404     0.00021     0.00007     0.00013     0.00007     0.00000     0.00000     0.00000     0.00000     0.00000     0.00048
   -50.43804     0.00021     0.00007     0.00013     0.00007     0.00000     0.00000     0.00000     0.00000     0.00000     0.00048
   -50.40304     0.00021     0.00007     0.00013     0.00007     0.00000     0.00000     0.00000     0.00000     0.00000     0.00048
   -50.36704     0.00021     0.00007     0.00013     0.00007     0.00000     0.00000     0.00000     0.00000     0.00000     0.00048
   -50.33204     0.00021     0.00007     0.00013     0.00007     0.00000     0.00000     0.00000     0.00000     0.00000     0.00048
   -50.29604     0.00021     0.00007     0.00013     0.00007     0.00000     0.00000     0.00000     0.00000     0.00000     0.00048
   -50.26104     0.00021     0.00007     0.00013     0.00007     0.00000     0.00000     0.00000     0.00000     0.00000     0.00048
   -50.22504     0.00021     0.00007     0.00013     0.00007     0.00000     0.00000     0.00000     0.00000     0.00000     0.00048
   -50.19004     0.00021     0.00007     0.00013     0.00007     0.00000     0.00000     0.00000     0.00000     0.00000     0.00048
   -50.15504     0.00021     0.00007     0.00013     0.00007     0.00000     0.00000     0.00000     0.00000     0.00000     0.00048
   -50.11904     0.00021     0.00007     0.00013     0.00007     0.00000     0.00000     0.00000     0.00000     0.00000     0.00048
   -50.08404     0.00021     0.00007     0.00013     0.00007     0.00000     0.00000     0.00000     0.00000     0.00000     0.00048
   -50.04804     0.00021     0.00007     0.00013     0.00007     0.00000     0.00000     0.00000     0.00000     0.00000     0.00048
   -50.01304     0.00021     0.00007     0.00013     0.00007     0.00000     0.00000     0.00000     0.00000     0.00000     0.00048
   -49.97704     0.00021     0.00007     0.00013     0.00007     0.00000     0.00000     0.00000     0.00000     0.00000     0.00048
   -49.94204     0.00021     0.00007     0.00013     0.00007     0.00000     0.00000     0.00000     0.00000     0.00000     0.00048
   -49.90604     0.00021     0.00007     0.00013     0.00007     0.00000     0.00000     0.00000     0.00000     0.00000     0.00048
   -49.87104     0.00021     0.00007     0.00013     0.00007     0.00000     0.00000     0.00000     0.00000     0.00000     0.00048
   -49.83604     0.00021     0.00007     0.00013     0.00007     0.00000     0.00000     0.00000     0.00000     0.00000     0.00048
   -49.80004     0.00021     0.00007     0.00013     0.00007     0.00000     0.00000     0.00000     0.00000     0.00000     0.00048
   -49.76504     0.00021     0.00007     0.00013     0.00007     0.00000     0.00000     0.00000     0.00000     0.00000     0.00048
   -49.72904     0.00021     0.00007     0.00013     0.00007     0.00000     0.00000     0.00000     0.00000     0.00000     0.00048
   -49.69404     0.00021     0.00007     0.00013     0.00007     0.00000     0.00000     0.00000     0.00000     0.00000     0.00048
   -49.65804     0.00021     0.00007     0.00013     0.00007     0.00000     0.00000     0.00000     0.00000     0.00000     0.00048
   -49.62304     0.00021     0.00007     0.00013     0.00007     0.00000     0.00000     0.00000     0.00000     0.00000     0.00048
   -49.58704     0.00021     0.00007     0.00013     0.00007     0.00000     0.00000     0.00000     0.00000     0.00000     0.00048
   -49.55204     0.00021     0.00007     0.00013     0.00007     0.00000     0.00000     0.00000     0.00000     0.00000     0.00048
   -49.51704     0.00021     0.00007     0.00013     0.00007     0.00000     0.00000     0.00000     0.00000     0.00000     0.00048
   -49.48104     0.00021     0.00007     0.00013     0.00007     0.00000     0.00000     0.00000     0.00000     0.00000     0.00048
   -49.44604     0.00021     0.00007     0.00013     0.00007     0.00000     0.00000     0.00000     0.00000     0.00000     0.00048
   -49.41004     0.00021     0.00007     0.00013     0.00007     0.00000     0.00000     0.00000     0.00000     0.00000     0.00048
   -49.37504     0.00021     0.00007     0.00013     0.00007     0.00000     0.00000     0.00000     0.00000     0.00000     0.00048
   -49.33904     0.00021     0.00007     0.00013     0.00007     0.00000     0.00000     0.00000     0.00000     0.00000     0.00048
   -49.30404     0.00021     0.00007     0.00013     0.00007     0.00000     0.00000     0.00000     0.00000     0.00000     0.00048
   -49.26904     0.00021     0.00007     0.00013     0.00007     0.00000     0.00000     0.00000     0.00000     0.00000     0.00048
   -49.23304     0.00021     0.00007     0.00013     0.00007     0.00000     0.00000     0.00000     0.00000     0.00000     0.00048
   -49.19804     0.00021     0.00007     0.00013     0.00007     0.00000     0.00000     0.00000     0.00000     0.00000     0.00048
   -49.16204     0.00021     0.00007     0.00013     0.00007     0.00000     0.00000     0.00000     0.00000     0.00000     0.00048
   -49.12704     0.00021     0.00007     0.00013     0.00007     0.00000     0.00000     0.00000     0.00000     0.00000     0.00048
   -49.09104     0.00021     0.00007     0.00013     0.00007     0.00000     0.00000     0.00000     0.00000     0.00000     0.00048
   -49.05604     0.00021     0.00007     0.00013     0.00007     0.00000     0.00000     0.00000     0.00000     0.00000     0.00048
   -49.02004     0.00021     0.00007     0.00013     0.00007     0.00000     0.00000     0.00000     0.00000     0.00000     0.00048
   -48.98504     0.00021     0.00007     0.00013     0.00007     0.00000     0.00000     0.00000     0.00000     0.00000     0.00048
   -48.95004     0.00021     0.00007     0.00013     0.00007     0.00000     0.00000     0.00000     0.00000     0.00000     0.00048
   -48.91404     0.00021     0.00007     0.00013     0.00007     0.00000     0.00000     0.00000     0.00000     0.00000     0.00048
   -48.87904     0.00021     0.00007     0.00013     0.00007     0.00000     0.00000     0.00000     0.00000     0.00000     0.00048
   -48.84304     0.00021     0.00007     0.00013     0.00007     0.00000     0.00000     0.00000     0.00000     0.00000     0.00048
   -48.80804     0.00021     0.00007     0.00013     0.00007     0.00000     0.00000     0.00000     0.00000     0.00000     0.00048
   -48.77204     0.00021     0.00007     0.00013     0.00007     0.00000     0.00000     0.00000     0.00000     0.00000     0.00048
   -48.73704     0.00021     0.00007     0.00013     0.00007     0.00000     0.00000     0.00000     0.00000     0.00000     0.00048
   -48.70104     0.00021     0.00007     0.00013     0.00007     0.00000     0.00000     0.00000     0.00000     0.00000     0.00048
   -48.66604     0.00021     0.00007     0.00013     0.00007     0.00000     0.00000     0.00000     0.00000     0.00000     0.00048
   -48.63104     0.00021     0.00007     0.00013     0.00007     0.00000     0.00000     0.00000     0.00000     0.00000     0.00048
   -48.59504     0.00021     0.00007     0.00013     0.00007     0.00000     0.00000     0.00000     0.00000     0.00000     0.00048
   -48.56004     0.00021     0.00007     0.00013     0.00007     0.00000     0.00000     0.00000     0.00000     0.00000     0.00048
   -48.52404     0.00021     0.00007     0.00013     0.00007     0.00000     0.00000     0.00000     0.00000     0.00000     0.00048
   -48.48904     0.00021     0.00007     0.00013     0.00007     0.00000     0.00000     0.00000     0.00000     0.00000     0.00048
   -48.45304     0.00021     0.00007     0.00013     0.00007     0.00000     0.00000     0.00000     0.00000     0.00000     0.00048
   -48.41804     0.00021     0.00007     0.00013     0.00007     0.00000     0.00000     0.00000     0.00000     0.00000     0.00048
   -48.38204     0.00021     0.00007     0.00013     0.00007     0.00000     0.00000     0.00000     0.00000     0.00000     0.00048
   -48.34704     0.00021     0.00007     0.00013     0.00007     0.00000     0.00000     0.00000     0.00000     0.00000     0.00048
   -48.31204     0.00021     0.00007     0.00013     0.00007     0.00000     0.00000     0.00000     0.00000     0.00000     0.00048
   -48.27604     0.00021     0.00007     0.00013     0.00007     0.00000     0.00000     0.00000     0.00000     0.00000     0.00048
   -48.24104     0.00021     0.00007     0.00013     0.00007     0.00000     0.00000     0.00000     0.00000     0.00000     0.00048
   -48.20504     0.00021     0.00007     0.00013     0.00007     0.00000     0.00000     0.00000     0.00000     0.00000     0.00048
   -48.17004     0.00021     0.00007     0.00013     0.00007     0.00000     0.00000     0.00000     0.00000     0.00000     0.00048
   -48.13404     0.00021     0.00007     0.00013     0.00007     0.00000     0.00000     0.00000     0.00000     0.00000     0.00048
   -48.09904     0.00021     0.00007     0.00013     0.00007     0.00000     0.00000     0.00000     0.00000     0.00000     0.00048
   -48.06304     0.00021     0.00007     0.00013     0.00007     0.00000     0.00000     0.00000     0.00000     0.00000     0.00048
   -48.02804     0.00021     0.00007     0.00013     0.00007     0.00000     0.00000     0.00000     0.00000     0.00000     0.00048
   -47.99304     0.00021     0.00007     0.00013     0.00007     0.00000     0.00000     0.00000     0.00000     0.00000     0.00048
   -47.95704     0.00021     0.00007     0.00013     0.00007     0.00000     0.00000     0.00000     0.00000     0.00000     0.00048
   -47.92204     0.00021     0.00007     0.00013     0.00007     0.00000     0.00000     0.00000     0.00000     0.00000     0.00048
   -47.88604     0.00021     0.00007     0.00013     0.00007     0.00000     0.00000     0.00000     0.00000     0.00000     0.00048
   -47.85104     0.00021     0.00007     0.00013     0.00007     0.00000     0.00000     0.00000     0.00000     0.00000     0.00048
   -47.81504     0.00021     0.00007     0.00013     0.00007     0.00000     0.00000     0.00000     0.00000     0.00000     0.00048
   -47.78004     0.00021     0.00007     0.00013     0.00007     0.00000     0.00000     0.00000     0.00000     0.00000     0.00048
   -47.74404     0.00021     0.00007     0.00013     0.00007     0.00000     0.00000     0.00000     0.00000     0.00000     0.00048
   -47.70904     0.00021     0.00007     0.00013     0.00007     0.00000     0.00000     0.00000     0.00000     0.00000     0.00048
   -47.67404     0.00021     0.00007     0.00013     0.00007     0.00000     0.00000     0.00000     0.00000     0.00000     0.00048
   -47.63804     0.00021     0.00007     0.00013     0.00007     0.00000     0.00000     0.00000     0.00000     0.00000     0.00048
   -47.60304     0.00021     0.00007     0.00013     0.00007     0.00000     0.00000     0.00000     0.00000     0.00000     0.00048
   -47.56704     0.00021     0.00007     0.00013     0.00007     0.00000     0.00000     0.00000     0.00000     0.00000     0.00048
   -47.53204     0.00021     0.00007     0.00013     0.00007     0.00000     0.00000     0.00000     0.00000     0.00000     0.00048
   -47.49604     0.00021     0.00007     0.00013     0.00007     0.00000     0.00000     0.00000     0.00000     0.00000     0.00048
   -47.46104     0.00021     0.00007     0.00013     0.00007     0.00000     0.00000     0.00000     0.00000     0.00000     0.00048
   -47.42504     0.00021     0.00007     0.00013     0.00007     0.00000     0.00000     0.00000     0.00000     0.00000     0.00048
   -47.39004     0.00021     0.00007     0.00013     0.00007     0.00000     0.00000     0.00000     0.00000     0.00000     0.00048
   -47.35504     0.00021     0.00007     0.00013     0.00007     0.00000     0.00000     0.00000     0.00000     0.00000     0.00048
   -47.31904     0.00021     0.00007     0.00013     0.00007     0.00000     0.00000     0.00000     0.00000     0.00000     0.00048
   -47.28404     0.00021     0.00007     0.00013     0.00007     0.00000     0.00000     0.00000     0.00000     0.00000     0.00048
   -47.24804     0.00021     0.00007     0.00013     0.00007     0.00000     0.00000     0.00000     0.00000     0.00000     0.00048
   -47.21304     0.00021     0.00007     0.00013     0.00007     0.00000     0.00000     0.00000     0.00000     0.00000     0.00048
   -47.17704     0.00021     0.00007     0.00013     0.00007     0.00000     0.00000     0.00000     0.00000     0.00000     0.00048
   -47.14204     0.00021     0.00007     0.00013     0.00007     0.00000     0.00000     0.00000     0.00000     0.00000     0.00048
   -47.10604     0.00021     0.00007     0.00013     0.00007     0.00000     0.00000     0.00000     0.00000     0.00000     0.00048
   -47.07104     0.00021     0.00007     0.00013     0.00007     0.00000     0.00000     0.00000     0.00000     0.00000     0.00048
   -47.03604     0.00021     0.00007     0.00013     0.00007     0.00000     0.00000     0.00000     0.00000     0.00000     0.00048
   -47.00004     0.00021     0.00007     0.00013     0.00007     0.00000     0.00000     0.00000     0.00000     0.00000     0.00048
   -46.96504     0.00021     0.00007     0.00013     0.00007     0.00000     0.00000     0.00000     0.00000     0.00000     0.00048
   -46.92904     0.00021     0.00007     0.00013     0.00007     0.00000     0.00000     0.00000     0.00000     0.00000     0.00048
   -46.89404     0.00021     0.00007     0.00013     0.00007     0.00000     0.00000     0.00000     0.00000     0.00000     0.00048
   -46.85804     0.00021     0.00007     0.00013     0.00007     0.00000     0.00000     0.00000     0.00000     0.00000     0.00048
   -46.82304     0.00021     0.00007     0.00013     0.00007     0.00000     0.00000     0.00000     0.00000     0.00000     0.00048
   -46.78704     0.00021     0.00007     0.00013     0.00007     0.00000     0.00000     0.00000     0.00000     0.00000     0.00048
   -46.75204     0.00021     0.00007     0.00013     0.00007     0.00000     0.00000     0.00000     0.00000     0.00000     0.00048
   -46.71704     0.00021     0.00007     0.00013     0.00007     0.00000     0.00000     0.00000     0.00000     0.00000     0.00048
   -46.68104     0.00021     0.00007     0.00013     0.00007     0.00000     0.00000     0.00000     0.00000     0.00000     0.00048
   -46.64604     0.00021     0.00007     0.00013     0.00007     0.00000     0.00000     0.00000     0.00000     0.00000     0.00048
   -46.61004     0.00021     0.00007     0.00013     0.00007     0.00000     0.00000     0.00000     0.00000     0.00000     0.00048
   -46.57504     0.00021     0.00007     0.00013     0.00007     0.00000     0.00000     0.00000     0.00000     0.00000     0.00048
   -46.53904     0.00021     0.00007     0.00013     0.00007     0.00000     0.00000     0.00000     0.00000     0.00000     0.00048
   -46.50404     0.00021     0.00007     0.00013     0.00007     0.00000     0.00000     0.00000     0.00000     0.00000     0.00048
   -46.46804     0.00021     0.00007     0.00013     0.00007     0.00000     0.00000     0.00000     0.00000     0.00000     0.00048
   -46.43304     0.00021     0.00007     0.00013     0.00007     0.00000     0.00000     0.00000     0.00000     0.00000     0.00048
   -46.39804     0.00021     0.00007     0.00013     0.00007     0.00000     0.00000     0.00000     0.00000     0.00000     0.00048
   -46.36204     0.00021     0.00007     0.00013     0.00007     0.00000     0.00000     0.00000     0.00000     0.00000     0.00048
   -46.32704     0.00021     0.00007     0.00013     0.00007     0.00000     0.00000     0.00000     0.00000     0.00000     0.00048
   -46.29104     0.00021     0.00007     0.00013     0.00007     0.00000     0.00000     0.00000     0.00000     0.00000     0.00048
   -46.25604     0.00021     0.00007     0.00013     0.00007     0.00000     0.00000     0.00000     0.00000     0.00000     0.00048
   -46.22004     0.00021     0.00007     0.00013     0.00007     0.00000     0.00000     0.00000     0.00000     0.00000     0.00048
   -46.18504     0.00021     0.00007     0.00013     0.00007     0.00000     0.00000     0.00000     0.00000     0.00000     0.00048
   -46.15004     0.00021     0.00007     0.00013     0.00007     0.00000     0.00000     0.00000     0.00000     0.00000     0.00048
   -46.11404     0.00021     0.00007     0.00013     0.00007     0.00000     0.00000     0.00000     0.00000     0.00000     0.00048
   -46.07904     0.00021     0.00007     0.00013     0.00007     0.00000     0.00000     0.00000     0.00000     0.00000     0.00048
   -46.04304     0.00021     0.00007     0.00013     0.00007     0.00000     0.00000     0.00000     0.00000     0.00000     0.00048
   -46.00804     0.00021     0.00007     0.00013     0.00007     0.00000     0.00000     0.00000     0.00000     0.00000     0.00048
   -45.97204     0.00021     0.00007     0.00013     0.00007     0.00000     0.00000     0.00000     0.00000     0.00000     0.00048
   -45.93704     0.00021     0.00007     0.00013     0.00007     0.00000     0.00000     0.00000     0.00000     0.00000     0.00048
   -45.90104     0.00021     0.00007     0.00013     0.00007     0.00000     0.00000     0.00000     0.00000     0.00000     0.00048
   -45.86604     0.00021     0.00007     0.00013     0.00007     0.00000     0.00000     0.00000     0.00000     0.00000     0.00048
   -45.83104     0.00021     0.00007     0.00013     0.00007     0.00000     0.00000     0.00000     0.00000     0.00000     0.00048
   -45.79504     0.00021     0.00007     0.00013     0.00007     0.00000     0.00000     0.00000     0.00000     0.00000     0.00048
   -45.76004     0.00021     0.00007     0.00013     0.00007     0.00000     0.00000     0.00000     0.00000     0.00000     0.00048
   -45.72404     0.00021     0.00007     0.00013     0.00007     0.00000     0.00000     0.00000     0.00000     0.00000     0.00048
   -45.68904     0.00021     0.00007     0.00013     0.00007     0.00000     0.00000     0.00000     0.00000     0.00000     0.00048
   -45.65304     0.00021     0.00007     0.00013     0.00007     0.00000     0.00000     0.00000     0.00000     0.00000     0.00048
   -45.61804     0.00021     0.00007     0.00013     0.00007     0.00000     0.00000     0.00000     0.00000     0.00000     0.00048
   -45.58204     0.00021     0.00007     0.00013     0.00007     0.00000     0.00000     0.00000     0.00000     0.00000     0.00048
   -45.54704     0.00021     0.00007     0.00013     0.00007     0.00000     0.00000     0.00000     0.00000     0.00000     0.00048
   -45.51204     0.00021     0.00007     0.00013     0.00007     0.00000     0.00000     0.00000     0.00000     0.00000     0.00048
   -45.47604     0.00021     0.00007     0.00013     0.00007     0.00000     0.00000     0.00000     0.00000     0.00000     0.00048
   -45.44104     0.00021     0.00007     0.00013     0.00007     0.00000     0.00000     0.00000     0.00000     0.00000     0.00048
   -45.40504     0.00021     0.00007     0.00013     0.00007     0.00000     0.00000     0.00000     0.00000     0.00000     0.00048
   -45.37004     0.00021     0.00007     0.00013     0.00007     0.00000     0.00000     0.00000     0.00000     0.00000     0.00048
   -45.33404     0.00021     0.00007     0.00013     0.00007     0.00000     0.00000     0.00000     0.00000     0.00000     0.00048
   -45.29904     0.00021     0.00007     0.00013     0.00007     0.00000     0.00000     0.00000     0.00000     0.00000     0.00048
   -45.26304     0.00021     0.00007     0.00013     0.00007     0.00000     0.00000     0.00000     0.00000     0.00000     0.00048
   -45.22804     0.00021     0.00007     0.00013     0.00007     0.00000     0.00000     0.00000     0.00000     0.00000     0.00048
   -45.19304     0.00021     0.00007     0.00013     0.00007     0.00000     0.00000     0.00000     0.00000     0.00000     0.00048
   -45.15704     0.00021     0.00007     0.00013     0.00007     0.00000     0.00000     0.00000     0.00000     0.00000     0.00048
   -45.12204     0.00021     0.00007     0.00013     0.00007     0.00000     0.00000     0.00000     0.00000     0.00000     0.00048
   -45.08604     0.00021     0.00007     0.00013     0.00007     0.00000     0.00000     0.00000     0.00000     0.00000     0.00048
   -45.05104     0.00021     0.00007     0.00013     0.00007     0.00000     0.00000     0.00000     0.00000     0.00000     0.00048
   -45.01504     0.00021     0.00007     0.00013     0.00007     0.00000     0.00000     0.00000     0.00000     0.00000     0.00048
   -44.98004     0.00021     0.00007     0.00013     0.00007     0.00000     0.00000     0.00000     0.00000     0.00000     0.00048
   -44.94404     0.00021     0.00007     0.00013     0.00007     0.00000     0.00000     0.00000     0.00000     0.00000     0.00048
   -44.90904     0.00021     0.00007     0.00013     0.00007     0.00000     0.00000     0.00000     0.00000     0.00000     0.00048
   -44.87404     0.00021     0.00007     0.00013     0.00007     0.00000     0.00000     0.00000     0.00000     0.00000     0.00048
   -44.83804     0.00021     0.00007     0.00013     0.00007     0.00000     0.00000     0.00000     0.00000     0.00000     0.00048
   -44.80304     0.00021     0.00007     0.00013     0.00007     0.00000     0.00000     0.00000     0.00000     0.00000     0.00048
   -44.76704     0.00021     0.00007     0.00013     0.00007     0.00000     0.00000     0.00000     0.00000     0.00000     0.00048
   -44.73204     0.00021     0.00007     0.00013     0.00007     0.00000     0.00000     0.00000     0.00000     0.00000     0.00048
   -44.69604     0.00021     0.00007     0.00013     0.00007     0.00000     0.00000     0.00000     0.00000     0.00000     0.00048
   -44.66104     0.00021     0.00007     0.00013     0.00007     0.00000     0.00000     0.00000     0.00000     0.00000     0.00048
   -44.62504     0.00021     0.00007     0.00013     0.00007     0.00000     0.00000     0.00000     0.00000     0.00000     0.00048
   -44.59004     0.00021     0.00007     0.00013     0.00007     0.00000     0.00000     0.00000     0.00000     0.00000     0.00048
   -44.55504     0.00021     0.00007     0.00013     0.00007     0.00000     0.00000     0.00000     0.00000     0.00000     0.00048
   -44.51904     0.00021     0.00007     0.00013     0.00007     0.00000     0.00000     0.00000     0.00000     0.00000     0.00048
   -44.48404     0.00021     0.00007     0.00013     0.00007     0.00000     0.00000     0.00000     0.00000     0.00000     0.00048
   -44.44804     0.00021     0.00007     0.00013     0.00007     0.00000     0.00000     0.00000     0.00000     0.00000     0.00048
   -44.41304     0.00021     0.00007     0.00013     0.00007     0.00000     0.00000     0.00000     0.00000     0.00000     0.00048
   -44.37704     0.00021     0.00007     0.00013     0.00007     0.00000     0.00000     0.00000     0.00000     0.00000     0.00048
   -44.34204     0.00021     0.00007     0.00013     0.00007     0.00000     0.00000     0.00000     0.00000     0.00000     0.00048
   -44.30604     0.00021     0.00007     0.00013     0.00007     0.00000     0.00000     0.00000     0.00000     0.00000     0.00048
   -44.27104     0.00021     0.00007     0.00013     0.00007     0.00000     0.00000     0.00000     0.00000     0.00000     0.00048
   -44.23604     0.00021     0.00007     0.00013     0.00007     0.00000     0.00000     0.00000     0.00000     0.00000     0.00048
   -44.20004     0.00021     0.00007     0.00013     0.00007     0.00000     0.00000     0.00000     0.00000     0.00000     0.00048
   -44.16504     0.00021     0.00007     0.00013     0.00007     0.00000     0.00000     0.00000     0.00000     0.00000     0.00048
   -44.12904     0.00021     0.00007     0.00013     0.00007     0.00000     0.00000     0.00000     0.00000     0.00000     0.00048
   -44.09404     0.00021     0.00007     0.00013     0.00007     0.00000     0.00000     0.00000     0.00000     0.00000     0.00048
   -44.05804     0.00021     0.00007     0.00013     0.00007     0.00000     0.00000     0.00000     0.00000     0.00000     0.00048
   -44.02304     0.00021     0.00007     0.00013     0.00007     0.00000     0.00000     0.00000     0.00000     0.00000     0.00048
   -43.98704     0.00021     0.00007     0.00013     0.00007     0.00000     0.00000     0.00000     0.00000     0.00000     0.00048
   -43.95204     0.00021     0.00007     0.00013     0.00007     0.00000     0.00000     0.00000     0.00000     0.00000     0.00048
   -43.91704     0.00021     0.00007     0.00013     0.00007     0.00000     0.00000     0.00000     0.00000     0.00000     0.00048
   -43.88104     0.00021     0.00007     0.00013     0.00007     0.00000     0.00000     0.00000     0.00000     0.00000     0.00048
   -43.84604     0.00021     0.00007     0.00013     0.00007     0.00000     0.00000     0.00000     0.00000     0.00000     0.00048
   -43.81004     0.00021     0.00007     0.00013     0.00007     0.00000     0.00000     0.00000     0.00000     0.00000     0.00048
   -43.77504     0.00021     0.00007     0.00013     0.00007     0.00000     0.00000     0.00000     0.00000     0.00000     0.00048
   -43.73904     0.00021     0.00007     0.00013     0.00007     0.00000     0.00000     0.00000     0.00000     0.00000     0.00048
   -43.70404     0.00021     0.00007     0.00013     0.00007     0.00000     0.00000     0.00000     0.00000     0.00000     0.00048
   -43.66804     0.00021     0.00007     0.00013     0.00007     0.00000     0.00000     0.00000     0.00000     0.00000     0.00048
   -43.63304     0.00021     0.00007     0.00013     0.00007     0.00000     0.00000     0.00000     0.00000     0.00000     0.00048
   -43.59804     0.00021     0.00007     0.00013     0.00007     0.00000     0.00000     0.00000     0.00000     0.00000     0.00048
   -43.56204     0.00021     0.00007     0.00013     0.00007     0.00000     0.00000     0.00000     0.00000     0.00000     0.00048
   -43.52704     0.00021     0.00007     0.00013     0.00007     0.00000     0.00000     0.00000     0.00000     0.00000     0.00048
   -43.49104     0.00021     0.00007     0.00013     0.00007     0.00000     0.00000     0.00000     0.00000     0.00000     0.00048
   -43.45604     0.00021     0.00007     0.00013     0.00007     0.00000     0.00000     0.00000     0.00000     0.00000     0.00048
   -43.42004     0.00021     0.00007     0.00013     0.00007     0.00000     0.00000     0.00000     0.00000     0.00000     0.00048
   -43.38504     0.00021     0.00007     0.00013     0.00007     0.00000     0.00000     0.00000     0.00000     0.00000     0.00048
   -43.35004     0.00021     0.00007     0.00013     0.00007     0.00000     0.00000     0.00000     0.00000     0.00000     0.00048
   -43.31404     0.00021     0.00007     0.00013     0.00007     0.00000     0.00000     0.00000     0.00000     0.00000     0.00048
   -43.27904     0.00021     0.00007     0.00013     0.00007     0.00000     0.00000     0.00000     0.00000     0.00000     0.00048
   -43.24304     0.00021     0.00007     0.00013     0.00007     0.00000     0.00000     0.00000     0.00000     0.00000     0.00048
   -43.20804     0.00021     0.00007     0.00013     0.00007     0.00000     0.00000     0.00000     0.00000     0.00000     0.00048
   -43.17204     0.00021     0.00007     0.00013     0.00007     0.00000     0.00000     0.00000     0.00000     0.00000     0.00048
   -43.13704     0.00021     0.00007     0.00013     0.00007     0.00000     0.00000     0.00000     0.00000     0.00000     0.00048
   -43.10104     0.00021     0.00007     0.00013     0.00007     0.00000     0.00000     0.00000     0.00000     0.00000     0.00048
   -43.06604     0.00021     0.00007     0.00013     0.00007     0.00000     0.00000     0.00000     0.00000     0.00000     0.00048
   -43.03104     0.00021     0.00007     0.00013     0.00007     0.00000     0.00000     0.00000     0.00000     0.00000     0.00048
   -42.99504     0.00021     0.00007     0.00013     0.00007     0.00000     0.00000     0.00000     0.00000     0.00000     0.00048
   -42.96004     0.00021     0.00007     0.00013     0.00007     0.00000     0.00000     0.00000     0.00000     0.00000     0.00048
   -42.92404     0.00021     0.00007     0.00013     0.00007     0.00000     0.00000     0.00000     0.00000     0.00000     0.00048
   -42.88904     0.00021     0.00007     0.00013     0.00007     0.00000     0.00000     0.00000     0.00000     0.00000     0.00048
   -42.85304     0.00021     0.00007     0.00013     0.00007     0.00000     0.00000     0.00000     0.00000     0.00000     0.00048
   -42.81804     0.00021     0.00007     0.00013     0.00007     0.00000     0.00000     0.00000     0.00000     0.00000     0.00048
   -42.78204     0.00021     0.00007     0.00013     0.00007     0.00000     0.00000     0.00000     0.00000     0.00000     0.00048
   -42.74704     0.00021     0.00007     0.00013     0.00007     0.00000     0.00000     0.00000     0.00000     0.00000     0.00048
   -42.71204     0.00021     0.00007     0.00013     0.00007     0.00000     0.00000     0.00000     0.00000     0.00000     0.00048
   -42.67604     0.00021     0.00007     0.00013     0.00007     0.00000     0.00000     0.00000     0.00000     0.00000     0.00048
   -42.64104     0.00021     0.00007     0.00013     0.00007     0.00000     0.00000     0.00000     0.00000     0.00000     0.00048
   -42.60504     0.00021     0.00007     0.00013     0.00007     0.00000     0.00000     0.00000     0.00000     0.00000     0.00048
   -42.57004     0.00021     0.00007     0.00013     0.00007     0.00000     0.00000     0.00000     0.00000     0.00000     0.00048
   -42.53404     0.00021     0.00007     0.00013     0.00007     0.00000     0.00000     0.00000     0.00000     0.00000     0.00048
   -42.49904     0.00021     0.00007     0.00013     0.00007     0.00000     0.00000     0.00000     0.00000     0.00000     0.00048
   -42.46304     0.00021     0.00007     0.00013     0.00007     0.00000     0.00000     0.00000     0.00000     0.00000     0.00048
   -42.42804     0.00021     0.00007     0.00013     0.00007     0.00000     0.00000     0.00000     0.00000     0.00000     0.00048
   -42.39304     0.00021     0.00007     0.00013     0.00007     0.00000     0.00000     0.00000     0.00000     0.00000     0.00048
   -42.35704     0.00021     0.00007     0.00013     0.00007     0.00000     0.00000     0.00000     0.00000     0.00000     0.00048
   -42.32204     0.00021     0.00007     0.00013     0.00007     0.00000     0.00000     0.00000     0.00000     0.00000     0.00048
   -42.28604     0.00021     0.00007     0.00013     0.00007     0.00000     0.00000     0.00000     0.00000     0.00000     0.00048
   -42.25104     0.00021     0.00007     0.00013     0.00007     0.00000     0.00000     0.00000     0.00000     0.00000     0.00048
   -42.21504     0.00021     0.00007     0.00013     0.00007     0.00000     0.00000     0.00000     0.00000     0.00000     0.00048
   -42.18004     0.00021     0.00007     0.00013     0.00007     0.00000     0.00000     0.00000     0.00000     0.00000     0.00048
   -42.14404     0.00021     0.00007     0.00013     0.00007     0.00000     0.00000     0.00000     0.00000     0.00000     0.00048
   -42.10904     0.00021     0.00007     0.00013     0.00007     0.00000     0.00000     0.00000     0.00000     0.00000     0.00048
   -42.07404     0.00021     0.00007     0.00013     0.00007     0.00000     0.00000     0.00000     0.00000     0.00000     0.00048
   -42.03804     0.00021     0.00007     0.00013     0.00007     0.00000     0.00000     0.00000     0.00000     0.00000     0.00048
   -42.00304     0.00021     0.00007     0.00013     0.00007     0.00000     0.00000     0.00000     0.00000     0.00000     0.00048
   -41.96704     0.00021     0.00007     0.00013     0.00007     0.00000     0.00000     0.00000     0.00000     0.00000     0.00048
   -41.93204     0.00021     0.00007     0.00013     0.00007     0.00000     0.00000     0.00000     0.00000     0.00000     0.00048
   -41.89604     0.00021     0.00007     0.00013     0.00007     0.00000     0.00000     0.00000     0.00000     0.00000     0.00048
   -41.86104     0.00021     0.00007     0.00013     0.00007     0.00000     0.00000     0.00000     0.00000     0.00000     0.00048
   -41.82504     0.00021     0.00007     0.00013     0.00007     0.00000     0.00000     0.00000     0.00000     0.00000     0.00048
   -41.79004     0.00021     0.00007     0.00013     0.00007     0.00000     0.00000     0.00000     0.00000     0.00000     0.00048
   -41.75504     0.00021     0.00007     0.00013     0.00007     0.00000     0.00000     0.00000     0.00000     0.00000     0.00048
   -41.71904     0.00021     0.00007     0.00013     0.00007     0.00000     0.00000     0.00000     0.00000     0.00000     0.00048
   -41.68404     0.00021     0.00007     0.00013     0.00007     0.00000     0.00000     0.00000     0.00000     0.00000     0.00048
   -41.64804     0.00021     0.00007     0.00013     0.00007     0.00000     0.00000     0.00000     0.00000     0.00000     0.00048
   -41.61304     0.00021     0.00007     0.00013     0.00007     0.00000     0.00000     0.00000     0.00000     0.00000     0.00048
   -41.57704     0.00021     0.00007     0.00013     0.00007     0.00000     0.00000     0.00000     0.00000     0.00000     0.00048
   -41.54204     0.00021     0.00007     0.00013     0.00007     0.00000     0.00000     0.00000     0.00000     0.00000     0.00048
   -41.50604     0.00021     0.00007     0.00013     0.00007     0.00000     0.00000     0.00000     0.00000     0.00000     0.00048
   -41.47104     0.00021     0.00007     0.00013     0.00007     0.00000     0.00000     0.00000     0.00000     0.00000     0.00048
   -41.43604     0.00021     0.00007     0.00013     0.00007     0.00000     0.00000     0.00000     0.00000     0.00000     0.00048
   -41.40004     0.00021     0.00007     0.00013     0.00007     0.00000     0.00000     0.00000     0.00000     0.00000     0.00048
   -41.36504     0.00021     0.00007     0.00013     0.00007     0.00000     0.00000     0.00000     0.00000     0.00000     0.00048
   -41.32904     0.00021     0.00007     0.00013     0.00007     0.00000     0.00000     0.00000     0.00000     0.00000     0.00048
   -41.29404     0.00021     0.00007     0.00013     0.00007     0.00000     0.00000     0.00000     0.00000     0.00000     0.00048
   -41.25804     0.00021     0.00007     0.00013     0.00007     0.00000     0.00000     0.00000     0.00000     0.00000     0.00048
   -41.22304     0.00021     0.00007     0.00013     0.00007     0.00000     0.00000     0.00000     0.00000     0.00000     0.00048
   -41.18704     0.00021     0.00007     0.00013     0.00007     0.00000     0.00000     0.00000     0.00000     0.00000     0.00048
   -41.15204     0.00021     0.00007     0.00013     0.00007     0.00000     0.00000     0.00000     0.00000     0.00000     0.00048
   -41.11704     0.00021     0.00007     0.00013     0.00007     0.00000     0.00000     0.00000     0.00000     0.00000     0.00048
   -41.08104     0.00021     0.00007     0.00013     0.00007     0.00000     0.00000     0.00000     0.00000     0.00000     0.00048
   -41.04604     0.00021     0.00007     0.00013     0.00007     0.00000     0.00000     0.00000     0.00000     0.00000     0.00048
   -41.01004     0.00021     0.00007     0.00013     0.00007     0.00000     0.00000     0.00000     0.00000     0.00000     0.00048
   -40.97504     0.00021     0.00007     0.00013     0.00007     0.00000     0.00000     0.00000     0.00000     0.00000     0.00048
   -40.93904     0.00021     0.00007     0.00013     0.00007     0.00000     0.00000     0.00000     0.00000     0.00000     0.00048
   -40.90404     0.00021     0.00007     0.00013     0.00007     0.00000     0.00000     0.00000     0.00000     0.00000     0.00048
   -40.86804     0.00021     0.00007     0.00013     0.00007     0.00000     0.00000     0.00000     0.00000     0.00000     0.00048
   -40.83304     0.00021     0.00007     0.00013     0.00007     0.00000     0.00000     0.00000     0.00000     0.00000     0.00048
   -40.79804     0.00021     0.00007     0.00013     0.00007     0.00000     0.00000     0.00000     0.00000     0.00000     0.00048
   -40.76204     0.00021     0.00007     0.00013     0.00007     0.00000     0.00000     0.00000     0.00000     0.00000     0.00048
   -40.72704     0.00021     0.00007     0.00013     0.00007     0.00000     0.00000     0.00000     0.00000     0.00000     0.00048
   -40.69104     0.00021     0.00007     0.00013     0.00007     0.00000     0.00000     0.00000     0.00000     0.00000     0.00048
   -40.65604     0.00021     0.00007     0.00013     0.00007     0.00000     0.00000     0.00000     0.00000     0.00000     0.00048
   -40.62004     0.00021     0.00007     0.00013     0.00007     0.00000     0.00000     0.00000     0.00000     0.00000     0.00048
   -40.58504     0.00021     0.00007     0.00013     0.00007     0.00000     0.00000     0.00000     0.00000     0.00000     0.00048
   -40.54904     0.00021     0.00007     0.00013     0.00007     0.00000     0.00000     0.00000     0.00000     0.00000     0.00048
   -40.51404     0.00021     0.00007     0.00013     0.00007     0.00000     0.00000     0.00000     0.00000     0.00000     0.00048
   -40.47904     0.00021     0.00007     0.00013     0.00007     0.00000     0.00000     0.00000     0.00000     0.00000     0.00048
   -40.44304     0.00021     0.00007     0.00013     0.00007     0.00000     0.00000     0.00000     0.00000     0.00000     0.00048
   -40.40804     0.00021     0.00007     0.00013     0.00007     0.00000     0.00000     0.00000     0.00000     0.00000     0.00048
   -40.37204     0.00021     0.00007     0.00013     0.00007     0.00000     0.00000     0.00000     0.00000     0.00000     0.00048
   -40.33704     0.00021     0.00007     0.00013     0.00007     0.00000     0.00000     0.00000     0.00000     0.00000     0.00048
   -40.30104     0.00021     0.00007     0.00013     0.00007     0.00000     0.00000     0.00000     0.00000     0.00000     0.00048
   -40.26604     0.00021     0.00007     0.00013     0.00007     0.00000     0.00000     0.00000     0.00000     0.00000     0.00048
   -40.23104     0.00021     0.00007     0.00013     0.00007     0.00000     0.00000     0.00000     0.00000     0.00000     0.00048
   -40.19504     0.00021     0.00007     0.00013     0.00007     0.00000     0.00000     0.00000     0.00000     0.00000     0.00048
   -40.16004     0.00021     0.00007     0.00013     0.00007     0.00000     0.00000     0.00000     0.00000     0.00000     0.00048
   -40.12404     0.00021     0.00007     0.00013     0.00007     0.00000     0.00000     0.00000     0.00000     0.00000     0.00048
   -40.08904     0.00021     0.00007     0.00013     0.00007     0.00000     0.00000     0.00000     0.00000     0.00000     0.00048
   -40.05304     0.00021     0.00007     0.00013     0.00007     0.00000     0.00000     0.00000     0.00000     0.00000     0.00048
   -40.01804     0.00021     0.00007     0.00013     0.00007     0.00000     0.00000     0.00000     0.00000     0.00000     0.00048
   -39.98204     0.00021     0.00007     0.00013     0.00007     0.00000     0.00000     0.00000     0.00000     0.00000     0.00048
   -39.94704     0.00021     0.00007     0.00013     0.00007     0.00000     0.00000     0.00000     0.00000     0.00000     0.00048
   -39.91204     0.00021     0.00007     0.00013     0.00007     0.00000     0.00000     0.00000     0.00000     0.00000     0.00048
   -39.87604     0.00021     0.00007     0.00013     0.00007     0.00000     0.00000     0.00000     0.00000     0.00000     0.00048
   -39.84104     0.00021     0.00007     0.00013     0.00007     0.00000     0.00000     0.00000     0.00000     0.00000     0.00048
   -39.80504     0.00021     0.00007     0.00013     0.00007     0.00000     0.00000     0.00000     0.00000     0.00000     0.00048
   -39.77004     0.00021     0.00007     0.00013     0.00007     0.00000     0.00000     0.00000     0.00000     0.00000     0.00048
   -39.73404     0.00021     0.00007     0.00013     0.00007     0.00000     0.00000     0.00000     0.00000     0.00000     0.00048
   -39.69904     0.00021     0.00007     0.00013     0.00007     0.00000     0.00000     0.00000     0.00000     0.00000     0.00048
   -39.66304     0.00021     0.00007     0.00013     0.00007     0.00000     0.00000     0.00000     0.00000     0.00000     0.00048
   -39.62804     0.00021     0.00007     0.00013     0.00007     0.00000     0.00000     0.00000     0.00000     0.00000     0.00048
   -39.59304     0.00021     0.00007     0.00013     0.00007     0.00000     0.00000     0.00000     0.00000     0.00000     0.00048
   -39.55704     0.00021     0.00007     0.00013     0.00007     0.00000     0.00000     0.00000     0.00000     0.00000     0.00048
   -39.52204     0.00021     0.00007     0.00013     0.00007     0.00000     0.00000     0.00000     0.00000     0.00000     0.00048
   -39.48604     0.00021     0.00007     0.00013     0.00007     0.00000     0.00000     0.00000     0.00000     0.00000     0.00048
   -39.45104     0.00021     0.00007     0.00013     0.00007     0.00000     0.00000     0.00000     0.00000     0.00000     0.00048
   -39.41504     0.00021     0.00007     0.00013     0.00007     0.00000     0.00000     0.00000     0.00000     0.00000     0.00048
   -39.38004     0.00021     0.00007     0.00013     0.00007     0.00000     0.00000     0.00000     0.00000     0.00000     0.00048
   -39.34404     0.00021     0.00007     0.00013     0.00007     0.00000     0.00000     0.00000     0.00000     0.00000     0.00048
   -39.30904     0.00021     0.00007     0.00013     0.00007     0.00000     0.00000     0.00000     0.00000     0.00000     0.00048
   -39.27404     0.00021     0.00007     0.00013     0.00007     0.00000     0.00000     0.00000     0.00000     0.00000     0.00048
   -39.23804     0.00021     0.00007     0.00013     0.00007     0.00000     0.00000     0.00000     0.00000     0.00000     0.00048
   -39.20304     0.00021     0.00007     0.00013     0.00007     0.00000     0.00000     0.00000     0.00000     0.00000     0.00048
   -39.16704     0.00021     0.00007     0.00013     0.00007     0.00000     0.00000     0.00000     0.00000     0.00000     0.00048
   -39.13204     0.00021     0.00007     0.00013     0.00007     0.00000     0.00000     0.00000     0.00000     0.00000     0.00048
   -39.09604     0.00021     0.00007     0.00013     0.00007     0.00000     0.00000     0.00000     0.00000     0.00000     0.00048
   -39.06104     0.00021     0.00007     0.00013     0.00007     0.00000     0.00000     0.00000     0.00000     0.00000     0.00048
   -39.02504     0.00021     0.00007     0.00013     0.00007     0.00000     0.00000     0.00000     0.00000     0.00000     0.00048
   -38.99004     0.00021     0.00007     0.00013     0.00007     0.00000     0.00000     0.00000     0.00000     0.00000     0.00048
   -38.95504     0.00021     0.00007     0.00013     0.00007     0.00000     0.00000     0.00000     0.00000     0.00000     0.00048
   -38.91904     0.00021     0.00007     0.00013     0.00007     0.00000     0.00000     0.00000     0.00000     0.00000     0.00048
   -38.88404     0.00021     0.00007     0.00013     0.00007     0.00000     0.00000     0.00000     0.00000     0.00000     0.00048
   -38.84804     0.00021     0.00007     0.00013     0.00007     0.00000     0.00000     0.00000     0.00000     0.00000     0.00048
   -38.81304     0.00021     0.00007     0.00013     0.00007     0.00000     0.00000     0.00000     0.00000     0.00000     0.00048
   -38.77704     0.00021     0.00007     0.00013     0.00007     0.00000     0.00000     0.00000     0.00000     0.00000     0.00048
   -38.74204     0.00021     0.00007     0.00013     0.00007     0.00000     0.00000     0.00000     0.00000     0.00000     0.00048
   -38.70604     0.00021     0.00007     0.00013     0.00007     0.00000     0.00000     0.00000     0.00000     0.00000     0.00048
   -38.67104     0.00021     0.00007     0.00013     0.00007     0.00000     0.00000     0.00000     0.00000     0.00000     0.00048
   -38.63604     0.00021     0.00007     0.00013     0.00007     0.00000     0.00000     0.00000     0.00000     0.00000     0.00048
   -38.60004     0.00021     0.00007     0.00013     0.00007     0.00000     0.00000     0.00000     0.00000     0.00000     0.00048
   -38.56504     0.00021     0.00007     0.00013     0.00007     0.00000     0.00000     0.00000     0.00000     0.00000     0.00048
   -38.52904     0.00021     0.00007     0.00013     0.00007     0.00000     0.00000     0.00000     0.00000     0.00000     0.00048
   -38.49404     0.00021     0.00007     0.00013     0.00007     0.00000     0.00000     0.00000     0.00000     0.00000     0.00048
   -38.45804     0.00021     0.00007     0.00013     0.00007     0.00000     0.00000     0.00000     0.00000     0.00000     0.00048
   -38.42304     0.00021     0.00007     0.00013     0.00007     0.00000     0.00000     0.00000     0.00000     0.00000     0.00048
   -38.38704     0.00021     0.00007     0.00013     0.00007     0.00000     0.00000     0.00000     0.00000     0.00000     0.00048
   -38.35204     0.00021     0.00007     0.00013     0.00007     0.00000     0.00000     0.00000     0.00000     0.00000     0.00048
   -38.31704     0.00021     0.00007     0.00013     0.00007     0.00000     0.00000     0.00000     0.00000     0.00000     0.00048
   -38.28104     0.00021     0.00007     0.00013     0.00007     0.00000     0.00000     0.00000     0.00000     0.00000     0.00048
   -38.24604     0.00021     0.00007     0.00013     0.00007     0.00000     0.00000     0.00000     0.00000     0.00000     0.00048
   -38.21004     0.00021     0.00007     0.00013     0.00007     0.00000     0.00000     0.00000     0.00000     0.00000     0.00048
   -38.17504     0.00021     0.00007     0.00013     0.00007     0.00000     0.00000     0.00000     0.00000     0.00000     0.00048
   -38.13904     0.00021     0.00007     0.00013     0.00007     0.00000     0.00000     0.00000     0.00000     0.00000     0.00048
   -38.10404     0.00021     0.00007     0.00013     0.00007     0.00000     0.00000     0.00000     0.00000     0.00000     0.00048
   -38.06804     0.00021     0.00007     0.00013     0.00007     0.00000     0.00000     0.00000     0.00000     0.00000     0.00048
   -38.03304     0.00021     0.00007     0.00013     0.00007     0.00000     0.00000     0.00000     0.00000     0.00000     0.00048
   -37.99804     0.00021     0.00007     0.00013     0.00007     0.00000     0.00000     0.00000     0.00000     0.00000     0.00048
   -37.96204     0.00021     0.00007     0.00013     0.00007     0.00000     0.00000     0.00000     0.00000     0.00000     0.00048
   -37.92704     0.00021     0.00007     0.00013     0.00007     0.00000     0.00000     0.00000     0.00000     0.00000     0.00048
   -37.89104     0.00021     0.00007     0.00013     0.00007     0.00000     0.00000     0.00000     0.00000     0.00000     0.00048
   -37.85604     0.00021     0.00007     0.00013     0.00007     0.00000     0.00000     0.00000     0.00000     0.00000     0.00048
   -37.82004     0.00021     0.00007     0.00013     0.00007     0.00000     0.00000     0.00000     0.00000     0.00000     0.00048
   -37.78504     0.00021     0.00007     0.00013     0.00007     0.00000     0.00000     0.00000     0.00000     0.00000     0.00048
   -37.74904     0.00021     0.00007     0.00013     0.00007     0.00000     0.00000     0.00000     0.00000     0.00000     0.00048
   -37.71404     0.00021     0.00007     0.00013     0.00007     0.00000     0.00000     0.00000     0.00000     0.00000     0.00048
   -37.67904     0.00021     0.00007     0.00013     0.00007     0.00000     0.00000     0.00000     0.00000     0.00000     0.00048
   -37.64304     0.00021     0.00007     0.00013     0.00007     0.00000     0.00000     0.00000     0.00000     0.00000     0.00048
   -37.60804     0.00021     0.00007     0.00013     0.00007     0.00000     0.00000     0.00000     0.00000     0.00000     0.00048
   -37.57204     0.00021     0.00007     0.00013     0.00007     0.00000     0.00000     0.00000     0.00000     0.00000     0.00048
   -37.53704     0.00021     0.00007     0.00013     0.00007     0.00000     0.00000     0.00000     0.00000     0.00000     0.00048
   -37.50104     0.00021     0.00007     0.00013     0.00007     0.00000     0.00000     0.00000     0.00000     0.00000     0.00048
   -37.46604     0.00021     0.00007     0.00013     0.00007     0.00000     0.00000     0.00000     0.00000     0.00000     0.00048
   -37.43104     0.00021     0.00007     0.00013     0.00007     0.00000     0.00000     0.00000     0.00000     0.00000     0.00048
   -37.39504     0.00021     0.00007     0.00013     0.00007     0.00000     0.00000     0.00000     0.00000     0.00000     0.00048
   -37.36004     0.00021     0.00007     0.00013     0.00007     0.00000     0.00000     0.00000     0.00000     0.00000     0.00048
   -37.32404     0.00021     0.00007     0.00013     0.00007     0.00000     0.00000     0.00000     0.00000     0.00000     0.00048
   -37.28904     0.00021     0.00007     0.00013     0.00007     0.00000     0.00000     0.00000     0.00000     0.00000     0.00048
   -37.25304     0.00021     0.00007     0.00013     0.00007     0.00000     0.00000     0.00000     0.00000     0.00000     0.00048
   -37.21804     0.00021     0.00007     0.00013     0.00007     0.00000     0.00000     0.00000     0.00000     0.00000     0.00048
   -37.18204     0.00021     0.00007     0.00013     0.00007     0.00000     0.00000     0.00000     0.00000     0.00000     0.00048
   -37.14704     0.00021     0.00007     0.00013     0.00007     0.00000     0.00000     0.00000     0.00000     0.00000     0.00048
   -37.11204     0.00021     0.00007     0.00013     0.00007     0.00000     0.00000     0.00000     0.00000     0.00000     0.00048
   -37.07604     0.00021     0.00007     0.00013     0.00007     0.00000     0.00000     0.00000     0.00000     0.00000     0.00048
   -37.04104     0.00021     0.00007     0.00013     0.00007     0.00000     0.00000     0.00000     0.00000     0.00000     0.00048
   -37.00504     0.00021     0.00007     0.00013     0.00007     0.00000     0.00000     0.00000     0.00000     0.00000     0.00048
   -36.97004     0.00021     0.00007     0.00013     0.00007     0.00000     0.00000     0.00000     0.00000     0.00000     0.00048
   -36.93404     0.00021     0.00007     0.00013     0.00007     0.00000     0.00000     0.00000     0.00000     0.00000     0.00048
   -36.89904     0.00021     0.00007     0.00013     0.00007     0.00000     0.00000     0.00000     0.00000     0.00000     0.00048
   -36.86304     0.00021     0.00007     0.00013     0.00007     0.00000     0.00000     0.00000     0.00000     0.00000     0.00048
   -36.82804     0.00021     0.00007     0.00013     0.00007     0.00000     0.00000     0.00000     0.00000     0.00000     0.00048
   -36.79304     0.00021     0.00007     0.00013     0.00007     0.00000     0.00000     0.00000     0.00000     0.00000     0.00048
   -36.75704     0.00021     0.00007     0.00013     0.00007     0.00000     0.00000     0.00000     0.00000     0.00000     0.00048
   -36.72204     0.00021     0.00007     0.00013     0.00007     0.00000     0.00000     0.00000     0.00000     0.00000     0.00048
   -36.68604     0.00021     0.00007     0.00013     0.00007     0.00000     0.00000     0.00000     0.00000     0.00000     0.00048
   -36.65104     0.00021     0.00007     0.00013     0.00007     0.00000     0.00000     0.00000     0.00000     0.00000     0.00048
   -36.61504     0.00021     0.00007     0.00013     0.00007     0.00000     0.00000     0.00000     0.00000     0.00000     0.00048
   -36.58004     0.00021     0.00007     0.00013     0.00007     0.00000     0.00000     0.00000     0.00000     0.00000     0.00048
   -36.54404     0.00021     0.00007     0.00013     0.00007     0.00000     0.00000     0.00000     0.00000     0.00000     0.00048
   -36.50904     0.00021     0.00007     0.00013     0.00007     0.00000     0.00000     0.00000     0.00000     0.00000     0.00048
   -36.47404     0.00021     0.00007     0.00013     0.00007     0.00000     0.00000     0.00000     0.00000     0.00000     0.00048
   -36.43804     0.00021     0.00007     0.00013     0.00007     0.00000     0.00000     0.00000     0.00000     0.00000     0.00048
   -36.40304     0.00021     0.00007     0.00013     0.00007     0.00000     0.00000     0.00000     0.00000     0.00000     0.00048
   -36.36704     0.00021     0.00007     0.00013     0.00007     0.00000     0.00000     0.00000     0.00000     0.00000     0.00048
   -36.33204     0.00021     0.00007     0.00013     0.00007     0.00000     0.00000     0.00000     0.00000     0.00000     0.00048
   -36.29604     0.00021     0.00007     0.00013     0.00007     0.00000     0.00000     0.00000     0.00000     0.00000     0.00048
   -36.26104     0.00021     0.00007     0.00013     0.00007     0.00000     0.00000     0.00000     0.00000     0.00000     0.00048
   -36.22504     0.00021     0.00007     0.00013     0.00007     0.00000     0.00000     0.00000     0.00000     0.00000     0.00048
   -36.19004     0.00021     0.00007     0.00013     0.00007     0.00000     0.00000     0.00000     0.00000     0.00000     0.00048
   -36.15504     0.00021     0.00007     0.00013     0.00007     0.00000     0.00000     0.00000     0.00000     0.00000     0.00048
   -36.11904     0.00021     0.00007     0.00013     0.00007     0.00000     0.00000     0.00000     0.00000     0.00000     0.00048
   -36.08404     0.00021     0.00007     0.00013     0.00007     0.00000     0.00000     0.00000     0.00000     0.00000     0.00048
   -36.04804     0.00021     0.00007     0.00013     0.00007     0.00000     0.00000     0.00000     0.00000     0.00000     0.00048
   -36.01304     0.00021     0.00007     0.00013     0.00007     0.00000     0.00000     0.00000     0.00000     0.00000     0.00048
   -35.97704     0.00021     0.00007     0.00013     0.00007     0.00000     0.00000     0.00000     0.00000     0.00000     0.00048
   -35.94204     0.00021     0.00007     0.00013     0.00007     0.00000     0.00000     0.00000     0.00000     0.00000     0.00048
   -35.90604     0.00021     0.00007     0.00013     0.00007     0.00000     0.00000     0.00000     0.00000     0.00000     0.00048
   -35.87104     0.00021     0.00007     0.00013     0.00007     0.00000     0.00000     0.00000     0.00000     0.00000     0.00048
   -35.83604     0.00021     0.00007     0.00013     0.00007     0.00000     0.00000     0.00000     0.00000     0.00000     0.00048
   -35.80004     0.00021     0.00007     0.00013     0.00007     0.00000     0.00000     0.00000     0.00000     0.00000     0.00048
   -35.76504     0.00021     0.00007     0.00013     0.00007     0.00000     0.00000     0.00000     0.00000     0.00000     0.00048
   -35.72904     0.00021     0.00007     0.00013     0.00007     0.00000     0.00000     0.00000     0.00000     0.00000     0.00048
   -35.69404     0.00021     0.00007     0.00013     0.00007     0.00000     0.00000     0.00000     0.00000     0.00000     0.00048
   -35.65804     0.00021     0.00007     0.00013     0.00007     0.00000     0.00000     0.00000     0.00000     0.00000     0.00048
   -35.62304     0.00021     0.00007     0.00013     0.00007     0.00000     0.00000     0.00000     0.00000     0.00000     0.00048
   -35.58704     0.00021     0.00007     0.00013     0.00007     0.00000     0.00000     0.00000     0.00000     0.00000     0.00048
   -35.55204     0.00021     0.00007     0.00013     0.00007     0.00000     0.00000     0.00000     0.00000     0.00000     0.00048
   -35.51704     0.00021     0.00007     0.00013     0.00007     0.00000     0.00000     0.00000     0.00000     0.00000     0.00048
   -35.48104     0.00021     0.00007     0.00013     0.00007     0.00000     0.00000     0.00000     0.00000     0.00000     0.00048
   -35.44604     0.00021     0.00007     0.00013     0.00007     0.00000     0.00000     0.00000     0.00000     0.00000     0.00048
   -35.41004     0.00021     0.00007     0.00013     0.00007     0.00000     0.00000     0.00000     0.00000     0.00000     0.00048
   -35.37504     0.00021     0.00007     0.00013     0.00007     0.00000     0.00000     0.00000     0.00000     0.00000     0.00048
   -35.33904     0.00021     0.00007     0.00013     0.00007     0.00000     0.00000     0.00000     0.00000     0.00000     0.00048
   -35.30404     0.00021     0.00007     0.00013     0.00007     0.00000     0.00000     0.00000     0.00000     0.00000     0.00048
   -35.26804     0.00021     0.00007     0.00013     0.00007     0.00000     0.00000     0.00000     0.00000     0.00000     0.00048
   -35.23304     0.00021     0.00007     0.00013     0.00007     0.00000     0.00000     0.00000     0.00000     0.00000     0.00048
   -35.19804     0.00021     0.00007     0.00013     0.00007     0.00000     0.00000     0.00000     0.00000     0.00000     0.00048
   -35.16204     0.00021     0.00007     0.00013     0.00007     0.00000     0.00000     0.00000     0.00000     0.00000     0.00048
   -35.12704     0.00021     0.00007     0.00013     0.00007     0.00000     0.00000     0.00000     0.00000     0.00000     0.00048
   -35.09104     0.00021     0.00007     0.00013     0.00007     0.00000     0.00000     0.00000     0.00000     0.00000     0.00048
   -35.05604     0.00021     0.00007     0.00013     0.00007     0.00000     0.00000     0.00000     0.00000     0.00000     0.00048
   -35.02004     0.00021     0.00007     0.00013     0.00007     0.00000     0.00000     0.00000     0.00000     0.00000     0.00048
   -34.98504     0.00021     0.00007     0.00013     0.00007     0.00000     0.00000     0.00000     0.00000     0.00000     0.00048
   -34.94904     0.00021     0.00007     0.00013     0.00007     0.00000     0.00000     0.00000     0.00000     0.00000     0.00048
   -34.91404     0.00021     0.00007     0.00013     0.00007     0.00000     0.00000     0.00000     0.00000     0.00000     0.00048
   -34.87904     0.00021     0.00007     0.00013     0.00007     0.00000     0.00000     0.00000     0.00000     0.00000     0.00048
   -34.84304     0.00021     0.00007     0.00013     0.00007     0.00000     0.00000     0.00000     0.00000     0.00000     0.00048
   -34.80804     0.00021     0.00007     0.00013     0.00007     0.00000     0.00000     0.00000     0.00000     0.00000     0.00048
   -34.77204     0.00021     0.00007     0.00013     0.00007     0.00000     0.00000     0.00000     0.00000     0.00000     0.00048
   -34.73704     0.00021     0.00007     0.00013     0.00007     0.00000     0.00000     0.00000     0.00000     0.00000     0.00048
   -34.70104     0.00021     0.00007     0.00013     0.00007     0.00000     0.00000     0.00000     0.00000     0.00000     0.00048
   -34.66604     0.00021     0.00007     0.00013     0.00007     0.00000     0.00000     0.00000     0.00000     0.00000     0.00048
   -34.63004     0.00021     0.00007     0.00013     0.00007     0.00000     0.00000     0.00000     0.00000     0.00000     0.00048
   -34.59504     0.00021     0.00007     0.00013     0.00007     0.00000     0.00000     0.00000     0.00000     0.00000     0.00048
   -34.56004     0.00021     0.00007     0.00013     0.00007     0.00000     0.00000     0.00000     0.00000     0.00000     0.00048
   -34.52404     0.00021     0.00007     0.00013     0.00007     0.00000     0.00000     0.00000     0.00000     0.00000     0.00048
   -34.48904     0.00021     0.00007     0.00013     0.00007     0.00000     0.00000     0.00000     0.00000     0.00000     0.00048
   -34.45304     0.00021     0.00007     0.00013     0.00007     0.00000     0.00000     0.00000     0.00000     0.00000     0.00048
   -34.41804     0.00021     0.00007     0.00013     0.00007     0.00000     0.00000     0.00000     0.00000     0.00000     0.00048
   -34.38204     0.00021     0.00007     0.00013     0.00007     0.00000     0.00000     0.00000     0.00000     0.00000     0.00048
   -34.34704     0.00021     0.00007     0.00013     0.00007     0.00000     0.00000     0.00000     0.00000     0.00000     0.00048
   -34.31204     0.00021     0.00007     0.00013     0.00007     0.00000     0.00000     0.00000     0.00000     0.00000     0.00048
   -34.27604     0.00021     0.00007     0.00013     0.00007     0.00000     0.00000     0.00000     0.00000     0.00000     0.00048
   -34.24104     0.00021     0.00007     0.00013     0.00007     0.00000     0.00000     0.00000     0.00000     0.00000     0.00048
   -34.20504     0.00021     0.00007     0.00013     0.00007     0.00000     0.00000     0.00000     0.00000     0.00000     0.00048
   -34.17004     0.00021     0.00007     0.00013     0.00007     0.00000     0.00000     0.00000     0.00000     0.00000     0.00048
   -34.13404     0.00021     0.00007     0.00013     0.00007     0.00000     0.00000     0.00000     0.00000     0.00000     0.00048
   -34.09904     0.00021     0.00007     0.00013     0.00007     0.00000     0.00000     0.00000     0.00000     0.00000     0.00048
   -34.06304     0.00021     0.00007     0.00013     0.00007     0.00000     0.00000     0.00000     0.00000     0.00000     0.00048
   -34.02804     0.00021     0.00007     0.00013     0.00007     0.00000     0.00000     0.00000     0.00000     0.00000     0.00048
   -33.99304     0.00021     0.00007     0.00013     0.00007     0.00000     0.00000     0.00000     0.00000     0.00000     0.00048
   -33.95704     0.00021     0.00007     0.00013     0.00007     0.00000     0.00000     0.00000     0.00000     0.00000     0.00048
   -33.92204     0.00021     0.00007     0.00013     0.00007     0.00000     0.00000     0.00000     0.00000     0.00000     0.00048
   -33.88604     0.00021     0.00007     0.00013     0.00007     0.00000     0.00000     0.00000     0.00000     0.00000     0.00048
   -33.85104     0.00021     0.00007     0.00013     0.00007     0.00000     0.00000     0.00000     0.00000     0.00000     0.00048
   -33.81504     0.00021     0.00007     0.00013     0.00007     0.00000     0.00000     0.00000     0.00000     0.00000     0.00048
   -33.78004     0.00021     0.00007     0.00013     0.00007     0.00000     0.00000     0.00000     0.00000     0.00000     0.00048
   -33.74404     0.00021     0.00007     0.00013     0.00007     0.00000     0.00000     0.00000     0.00000     0.00000     0.00048
   -33.70904     0.00021     0.00007     0.00013     0.00007     0.00000     0.00000     0.00000     0.00000     0.00000     0.00048
   -33.67404     0.00021     0.00007     0.00013     0.00007     0.00000     0.00000     0.00000     0.00000     0.00000     0.00048
   -33.63804     0.00021     0.00007     0.00013     0.00007     0.00000     0.00000     0.00000     0.00000     0.00000     0.00048
   -33.60304     0.00021     0.00007     0.00013     0.00007     0.00000     0.00000     0.00000     0.00000     0.00000     0.00048
   -33.56704     0.00037     0.00007     0.00013     0.00007     0.00000     0.00000     0.00000     0.00000     0.00000     0.00065
   -33.53204     0.00085     0.00011     0.00014     0.00011     0.00000     0.00000     0.00000     0.00000     0.00000     0.00121
   -33.49604     0.00151     0.00029     0.00017     0.00029     0.00000     0.00000     0.00000     0.00000     0.00000     0.00227
   -33.46104     0.00226     0.00064     0.00025     0.00064     0.00000     0.00000     0.00000     0.00000     0.00000     0.00380
   -33.42504     0.00309     0.00096     0.00055     0.00096     0.00000     0.00000     0.00000     0.00000     0.00000     0.00557
   -33.39004     0.00394     0.00115     0.00112     0.00115     0.00000     0.00000     0.00000     0.00000     0.00000     0.00736
   -33.35504     0.00452     0.00129     0.00176     0.00129     0.00000     0.00000     0.00000     0.00000     0.00000     0.00886
   -33.31904     0.00477     0.00137     0.00221     0.00137     0.00000     0.00000     0.00000     0.00000     0.00000     0.00972
   -33.28404     0.00493     0.00141     0.00240     0.00141     0.00000     0.00000     0.00000     0.00000     0.00000     0.01016
   -33.24804     0.00506     0.00146     0.00250     0.00146     0.00000     0.00000     0.00000     0.00000     0.00000     0.01048
   -33.21304     0.00518     0.00151     0.00259     0.00151     0.00000     0.00000     0.00000     0.00000     0.00000     0.01079
   -33.17704     0.00527     0.00161     0.00266     0.00161     0.00000     0.00000     0.00000     0.00000     0.00000     0.01115
   -33.14204     0.00534     0.00176     0.00271     0.00176     0.00000     0.00000     0.00000     0.00000     0.00000     0.01157
   -33.10604     0.00537     0.00189     0.00274     0.00189     0.00000     0.00000     0.00000     0.00000     0.00000     0.01189
   -33.07104     0.00538     0.00196     0.00275     0.00196     0.00000     0.00000     0.00000     0.00000     0.00000     0.01205
   -33.03604     0.00538     0.00198     0.00275     0.00198     0.00000     0.00000     0.00000     0.00000     0.00000     0.01209
   -33.00004     0.00538     0.00198     0.00275     0.00198     0.00000     0.00000     0.00000     0.00000     0.00000     0.01209
   -32.96504     0.00538     0.00198     0.00275     0.00198     0.00000     0.00000     0.00000     0.00000     0.00000     0.01209
   -32.92904     0.00538     0.00198     0.00275     0.00198     0.00000     0.00000     0.00000     0.00000     0.00000     0.01209
   -32.89404     0.00538     0.00198     0.00275     0.00198     0.00000     0.00000     0.00000     0.00000     0.00000     0.01209
   -32.85804     0.00538     0.00198     0.00275     0.00198     0.00000     0.00000     0.00000     0.00000     0.00000     0.01209
   -32.82304     0.00538     0.00198     0.00275     0.00198     0.00000     0.00000     0.00000     0.00000     0.00000     0.01209
   -32.78704     0.00538     0.00198     0.00275     0.00198     0.00000     0.00000     0.00000     0.00000     0.00000     0.01209
   -32.75204     0.00538     0.00198     0.00275     0.00198     0.00000     0.00000     0.00000     0.00000     0.00000     0.01209
   -32.71704     0.00538     0.00198     0.00275     0.00198     0.00000     0.00000     0.00000     0.00000     0.00000     0.01209
   -32.68104     0.00538     0.00198     0.00275     0.00198     0.00000     0.00000     0.00000     0.00000     0.00000     0.01209
   -32.64604     0.00538     0.00198     0.00275     0.00198     0.00000     0.00000     0.00000     0.00000     0.00000     0.01209
   -32.61004     0.00538     0.00198     0.00275     0.00198     0.00000     0.00000     0.00000     0.00000     0.00000     0.01209
   -32.57504     0.00538     0.00198     0.00275     0.00198     0.00000     0.00000     0.00000     0.00000     0.00000     0.01209
   -32.53904     0.00538     0.00198     0.00275     0.00198     0.00000     0.00000     0.00000     0.00000     0.00000     0.01209
   -32.50404     0.00538     0.00198     0.00275     0.00198     0.00000     0.00000     0.00000     0.00000     0.00000     0.01209
   -32.46804     0.00538     0.00198     0.00275     0.00198     0.00000     0.00000     0.00000     0.00000     0.00000     0.01209
   -32.43304     0.00538     0.00198     0.00275     0.00198     0.00000     0.00000     0.00000     0.00000     0.00000     0.01209
   -32.39804     0.00538     0.00198     0.00275     0.00198     0.00000     0.00000     0.00000     0.00000     0.00000     0.01209
   -32.36204     0.00538     0.00198     0.00275     0.00198     0.00000     0.00000     0.00000     0.00000     0.00000     0.01209
   -32.32704     0.00538     0.00198     0.00275     0.00198     0.00000     0.00000     0.00000     0.00000     0.00000     0.01209
   -32.29104     0.00538     0.00198     0.00275     0.00198     0.00000     0.00000     0.00000     0.00000     0.00000     0.01209
   -32.25604     0.00538     0.00198     0.00275     0.00198     0.00000     0.00000     0.00000     0.00000     0.00000     0.01209
   -32.22004     0.00538     0.00198     0.00275     0.00198     0.00000     0.00000     0.00000     0.00000     0.00000     0.01209
   -32.18504     0.00538     0.00198     0.00275     0.00198     0.00000     0.00000     0.00000     0.00000     0.00000     0.01209
   -32.14904     0.00538     0.00198     0.00275     0.00198     0.00000     0.00000     0.00000     0.00000     0.00000     0.01209
   -32.11404     0.00538     0.00198     0.00275     0.00198     0.00000     0.00000     0.00000     0.00000     0.00000     0.01209
   -32.07904     0.00538     0.00198     0.00275     0.00198     0.00000     0.00000     0.00000     0.00000     0.00000     0.01209
   -32.04304     0.00538     0.00198     0.00275     0.00198     0.00000     0.00000     0.00000     0.00000     0.00000     0.01209
   -32.00804     0.00538     0.00198     0.00275     0.00198     0.00000     0.00000     0.00000     0.00000     0.00000     0.01209
   -31.97204     0.00538     0.00198     0.00275     0.00198     0.00000     0.00000     0.00000     0.00000     0.00000     0.01209
   -31.93704     0.00538     0.00198     0.00275     0.00198     0.00000     0.00000     0.00000     0.00000     0.00000     0.01209
   -31.90104     0.00538     0.00198     0.00275     0.00198     0.00000     0.00000     0.00000     0.00000     0.00000     0.01209
   -31.86604     0.00538     0.00198     0.00275     0.00198     0.00000     0.00000     0.00000     0.00000     0.00000     0.01209
   -31.83004     0.00538     0.00198     0.00275     0.00198     0.00000     0.00000     0.00000     0.00000     0.00000     0.01209
   -31.79504     0.00538     0.00198     0.00275     0.00198     0.00000     0.00000     0.00000     0.00000     0.00000     0.01209
   -31.76004     0.00538     0.00198     0.00275     0.00198     0.00000     0.00000     0.00000     0.00000     0.00000     0.01209
   -31.72404     0.00538     0.00198     0.00275     0.00198     0.00000     0.00000     0.00000     0.00000     0.00000     0.01209
   -31.68904     0.00538     0.00198     0.00275     0.00198     0.00000     0.00000     0.00000     0.00000     0.00000     0.01209
   -31.65304     0.00538     0.00198     0.00275     0.00198     0.00000     0.00000     0.00000     0.00000     0.00000     0.01209
   -31.61804     0.00538     0.00198     0.00275     0.00198     0.00000     0.00000     0.00000     0.00000     0.00000     0.01209
   -31.58204     0.00538     0.00198     0.00275     0.00198     0.00000     0.00000     0.00000     0.00000     0.00000     0.01209
   -31.54704     0.00538     0.00198     0.00275     0.00198     0.00000     0.00000     0.00000     0.00000     0.00000     0.01209
   -31.51204     0.00538     0.00198     0.00275     0.00198     0.00000     0.00000     0.00000     0.00000     0.00000     0.01209
   -31.47604     0.00538     0.00198     0.00275     0.00198     0.00000     0.00000     0.00000     0.00000     0.00000     0.01209
   -31.44104     0.00538     0.00198     0.00275     0.00198     0.00000     0.00000     0.00000     0.00000     0.00000     0.01209
   -31.40504     0.00538     0.00198     0.00275     0.00198     0.00000     0.00000     0.00000     0.00000     0.00000     0.01209
   -31.37004     0.00538     0.00198     0.00275     0.00198     0.00000     0.00000     0.00000     0.00000     0.00000     0.01209
   -31.33404     0.00538     0.00198     0.00275     0.00198     0.00000     0.00000     0.00000     0.00000     0.00000     0.01209
   -31.29904     0.00538     0.00198     0.00275     0.00198     0.00000     0.00000     0.00000     0.00000     0.00000     0.01209
   -31.26304     0.00538     0.00198     0.00275     0.00198     0.00000     0.00000     0.00000     0.00000     0.00000     0.01209
   -31.22804     0.00538     0.00198     0.00275     0.00198     0.00000     0.00000     0.00000     0.00000     0.00000     0.01209
   -31.19304     0.00538     0.00198     0.00275     0.00198     0.00000     0.00000     0.00000     0.00000     0.00000     0.01209
   -31.15704     0.00538     0.00198     0.00275     0.00198     0.00000     0.00000     0.00000     0.00000     0.00000     0.01209
   -31.12204     0.00538     0.00198     0.00275     0.00198     0.00000     0.00000     0.00000     0.00000     0.00000     0.01209
   -31.08604     0.00538     0.00198     0.00275     0.00198     0.00000     0.00000     0.00000     0.00000     0.00000     0.01209
   -31.05104     0.00538     0.00198     0.00275     0.00198     0.00000     0.00000     0.00000     0.00000     0.00000     0.01209
   -31.01504     0.00538     0.00198     0.00275     0.00198     0.00000     0.00000     0.00000     0.00000     0.00000     0.01209
   -30.98004     0.00538     0.00198     0.00275     0.00198     0.00000     0.00000     0.00000     0.00000     0.00000     0.01209
   -30.94404     0.00538     0.00198     0.00275     0.00198     0.00000     0.00000     0.00000     0.00000     0.00000     0.01209
   -30.90904     0.00538     0.00198     0.00275     0.00198     0.00000     0.00000     0.00000     0.00000     0.00000     0.01209
   -30.87404     0.00538     0.00198     0.00275     0.00198     0.00000     0.00000     0.00000     0.00000     0.00000     0.01209
   -30.83804     0.00538     0.00198     0.00275     0.00198     0.00000     0.00000     0.00000     0.00000     0.00000     0.01209
   -30.80304     0.00538     0.00198     0.00275     0.00198     0.00000     0.00000     0.00000     0.00000     0.00000     0.01209
   -30.76704     0.00538     0.00198     0.00275     0.00198     0.00000     0.00000     0.00000     0.00000     0.00000     0.01209
   -30.73204     0.00538     0.00198     0.00275     0.00198     0.00000     0.00000     0.00000     0.00000     0.00000     0.01209
   -30.69604     0.00538     0.00198     0.00275     0.00198     0.00000     0.00000     0.00000     0.00000     0.00000     0.01209
   -30.66104     0.00538     0.00198     0.00275     0.00198     0.00000     0.00000     0.00000     0.00000     0.00000     0.01209
   -30.62504     0.00538     0.00198     0.00275     0.00198     0.00000     0.00000     0.00000     0.00000     0.00000     0.01209
   -30.59004     0.00538     0.00198     0.00275     0.00198     0.00000     0.00000     0.00000     0.00000     0.00000     0.01209
   -30.55504     0.00538     0.00198     0.00275     0.00198     0.00000     0.00000     0.00000     0.00000     0.00000     0.01209
   -30.51904     0.00538     0.00198     0.00275     0.00198     0.00000     0.00000     0.00000     0.00000     0.00000     0.01209
   -30.48404     0.00538     0.00198     0.00275     0.00198     0.00000     0.00000     0.00000     0.00000     0.00000     0.01209
   -30.44804     0.00538     0.00198     0.00275     0.00198     0.00000     0.00000     0.00000     0.00000     0.00000     0.01209
   -30.41304     0.00538     0.00198     0.00275     0.00198     0.00000     0.00000     0.00000     0.00000     0.00000     0.01209
   -30.37704     0.00538     0.00198     0.00275     0.00198     0.00000     0.00000     0.00000     0.00000     0.00000     0.01209
   -30.34204     0.00538     0.00198     0.00275     0.00198     0.00000     0.00000     0.00000     0.00000     0.00000     0.01209
   -30.30604     0.00538     0.00198     0.00275     0.00198     0.00000     0.00000     0.00000     0.00000     0.00000     0.01209
   -30.27104     0.00538     0.00198     0.00275     0.00198     0.00000     0.00000     0.00000     0.00000     0.00000     0.01209
   -30.23604     0.00538     0.00198     0.00275     0.00198     0.00000     0.00000     0.00000     0.00000     0.00000     0.01209
   -30.20004     0.00538     0.00198     0.00275     0.00198     0.00000     0.00000     0.00000     0.00000     0.00000     0.01209
   -30.16504     0.00538     0.00198     0.00275     0.00198     0.00000     0.00000     0.00000     0.00000     0.00000     0.01209
   -30.12904     0.00538     0.00198     0.00275     0.00198     0.00000     0.00000     0.00000     0.00000     0.00000     0.01209
   -30.09404     0.00538     0.00198     0.00275     0.00198     0.00000     0.00000     0.00000     0.00000     0.00000     0.01209
   -30.05804     0.00538     0.00198     0.00275     0.00198     0.00000     0.00000     0.00000     0.00000     0.00000     0.01209
   -30.02304     0.00538     0.00198     0.00275     0.00198     0.00000     0.00000     0.00000     0.00000     0.00000     0.01209
   -29.98704     0.00538     0.00198     0.00275     0.00198     0.00000     0.00000     0.00000     0.00000     0.00000     0.01209
   -29.95204     0.00538     0.00198     0.00275     0.00198     0.00000     0.00000     0.00000     0.00000     0.00000     0.01209
   -29.91704     0.00538     0.00198     0.00275     0.00198     0.00000     0.00000     0.00000     0.00000     0.00000     0.01209
   -29.88104     0.00538     0.00198     0.00275     0.00198     0.00000     0.00000     0.00000     0.00000     0.00000     0.01209
   -29.84604     0.00538     0.00198     0.00275     0.00198     0.00000     0.00000     0.00000     0.00000     0.00000     0.01209
   -29.81004     0.00538     0.00198     0.00275     0.00198     0.00000     0.00000     0.00000     0.00000     0.00000     0.01209
   -29.77504     0.00538     0.00198     0.00275     0.00198     0.00000     0.00000     0.00000     0.00000     0.00000     0.01209
   -29.73904     0.00538     0.00198     0.00275     0.00198     0.00000     0.00000     0.00000     0.00000     0.00000     0.01209
   -29.70404     0.00538     0.00198     0.00275     0.00198     0.00000     0.00000     0.00000     0.00000     0.00000     0.01209
   -29.66804     0.00538     0.00198     0.00275     0.00198     0.00000     0.00000     0.00000     0.00000     0.00000     0.01209
   -29.63304     0.00538     0.00198     0.00275     0.00198     0.00000     0.00000     0.00000     0.00000     0.00000     0.01209
   -29.59804     0.00538     0.00198     0.00275     0.00198     0.00000     0.00000     0.00000     0.00000     0.00000     0.01209
   -29.56204     0.00538     0.00198     0.00275     0.00198     0.00000     0.00000     0.00000     0.00000     0.00000     0.01209
   -29.52704     0.00538     0.00198     0.00275     0.00198     0.00000     0.00000     0.00000     0.00000     0.00000     0.01209
   -29.49104     0.00538     0.00198     0.00275     0.00198     0.00000     0.00000     0.00000     0.00000     0.00000     0.01209
   -29.45604     0.00538     0.00198     0.00275     0.00198     0.00000     0.00000     0.00000     0.00000     0.00000     0.01209
   -29.42004     0.00538     0.00198     0.00275     0.00198     0.00000     0.00000     0.00000     0.00000     0.00000     0.01209
   -29.38504     0.00538     0.00198     0.00275     0.00198     0.00000     0.00000     0.00000     0.00000     0.00000     0.01209
   -29.34904     0.00538     0.00198     0.00275     0.00198     0.00000     0.00000     0.00000     0.00000     0.00000     0.01209
   -29.31404     0.00538     0.00198     0.00275     0.00198     0.00000     0.00000     0.00000     0.00000     0.00000     0.01209
   -29.27904     0.00538     0.00198     0.00275     0.00198     0.00000     0.00000     0.00000     0.00000     0.00000     0.01209
   -29.24304     0.00538     0.00198     0.00275     0.00198     0.00000     0.00000     0.00000     0.00000     0.00000     0.01209
   -29.20804     0.00538     0.00198     0.00275     0.00198     0.00000     0.00000     0.00000     0.00000     0.00000     0.01209
   -29.17204     0.00538     0.00198     0.00275     0.00198     0.00000     0.00000     0.00000     0.00000     0.00000     0.01209
   -29.13704     0.00538     0.00198     0.00275     0.00198     0.00000     0.00000     0.00000     0.00000     0.00000     0.01209
   -29.10104     0.00538     0.00198     0.00275     0.00198     0.00000     0.00000     0.00000     0.00000     0.00000     0.01209
   -29.06604     0.00538     0.00198     0.00275     0.00198     0.00000     0.00000     0.00000     0.00000     0.00000     0.01209
   -29.03004     0.00538     0.00198     0.00275     0.00198     0.00000     0.00000     0.00000     0.00000     0.00000     0.01209
   -28.99504     0.00538     0.00198     0.00275     0.00198     0.00000     0.00000     0.00000     0.00000     0.00000     0.01209
   -28.96004     0.00538     0.00198     0.00275     0.00198     0.00000     0.00000     0.00000     0.00000     0.00000     0.01209
   -28.92404     0.00538     0.00198     0.00275     0.00198     0.00000     0.00000     0.00000     0.00000     0.00000     0.01209
   -28.88904     0.00538     0.00198     0.00275     0.00198     0.00000     0.00000     0.00000     0.00000     0.00000     0.01209
   -28.85304     0.00538     0.00198     0.00275     0.00198     0.00000     0.00000     0.00000     0.00000     0.00000     0.01209
   -28.81804     0.00538     0.00198     0.00275     0.00198     0.00000     0.00000     0.00000     0.00000     0.00000     0.01209
   -28.78204     0.00538     0.00198     0.00275     0.00198     0.00000     0.00000     0.00000     0.00000     0.00000     0.01209
   -28.74704     0.00538     0.00198     0.00275     0.00198     0.00000     0.00000     0.00000     0.00000     0.00000     0.01209
   -28.71104     0.00538     0.00198     0.00275     0.00198     0.00000     0.00000     0.00000     0.00000     0.00000     0.01209
   -28.67604     0.00538     0.00198     0.00275     0.00198     0.00000     0.00000     0.00000     0.00000     0.00000     0.01209
   -28.64104     0.00538     0.00198     0.00275     0.00198     0.00000     0.00000     0.00000     0.00000     0.00000     0.01209
   -28.60504     0.00538     0.00198     0.00275     0.00198     0.00000     0.00000     0.00000     0.00000     0.00000     0.01209
   -28.57004     0.00538     0.00198     0.00275     0.00198     0.00000     0.00000     0.00000     0.00000     0.00000     0.01209
   -28.53404     0.00538     0.00198     0.00275     0.00198     0.00000     0.00000     0.00000     0.00000     0.00000     0.01209
   -28.49904     0.00538     0.00198     0.00275     0.00198     0.00000     0.00000     0.00000     0.00000     0.00000     0.01209
   -28.46304     0.00538     0.00198     0.00275     0.00198     0.00000     0.00000     0.00000     0.00000     0.00000     0.01209
   -28.42804     0.00538     0.00198     0.00275     0.00198     0.00000     0.00000     0.00000     0.00000     0.00000     0.01209
   -28.39304     0.00538     0.00198     0.00275     0.00198     0.00000     0.00000     0.00000     0.00000     0.00000     0.01209
   -28.35704     0.00538     0.00198     0.00275     0.00198     0.00000     0.00000     0.00000     0.00000     0.00000     0.01209
   -28.32204     0.00538     0.00198     0.00275     0.00198     0.00000     0.00000     0.00000     0.00000     0.00000     0.01209
   -28.28604     0.00538     0.00198     0.00275     0.00198     0.00000     0.00000     0.00000     0.00000     0.00000     0.01209
   -28.25104     0.00538     0.00198     0.00275     0.00198     0.00000     0.00000     0.00000     0.00000     0.00000     0.01209
   -28.21504     0.00538     0.00198     0.00275     0.00198     0.00000     0.00000     0.00000     0.00000     0.00000     0.01209
   -28.18004     0.00538     0.00198     0.00275     0.00198     0.00000     0.00000     0.00000     0.00000     0.00000     0.01209
   -28.14404     0.00538     0.00198     0.00275     0.00198     0.00000     0.00000     0.00000     0.00000     0.00000     0.01209
   -28.10904     0.00538     0.00198     0.00275     0.00198     0.00000     0.00000     0.00000     0.00000     0.00000     0.01209
   -28.07404     0.00538     0.00198     0.00275     0.00198     0.00000     0.00000     0.00000     0.00000     0.00000     0.01209
   -28.03804     0.00538     0.00198     0.00275     0.00198     0.00000     0.00000     0.00000     0.00000     0.00000     0.01209
   -28.00304     0.00538     0.00198     0.00275     0.00198     0.00000     0.00000     0.00000     0.00000     0.00000     0.01209
   -27.96704     0.00538     0.00198     0.00275     0.00198     0.00000     0.00000     0.00000     0.00000     0.00000     0.01209
   -27.93204     0.00538     0.00198     0.00275     0.00198     0.00000     0.00000     0.00000     0.00000     0.00000     0.01209
   -27.89604     0.00538     0.00198     0.00275     0.00198     0.00000     0.00000     0.00000     0.00000     0.00000     0.01209
   -27.86104     0.00538     0.00198     0.00275     0.00198     0.00000     0.00000     0.00000     0.00000     0.00000     0.01209
   -27.82504     0.00538     0.00198     0.00275     0.00198     0.00000     0.00000     0.00000     0.00000     0.00000     0.01209
   -27.79004     0.00538     0.00198     0.00275     0.00198     0.00000     0.00000     0.00000     0.00000     0.00000     0.01209
   -27.75504     0.00538     0.00198     0.00275     0.00198     0.00000     0.00000     0.00000     0.00000     0.00000     0.01209
   -27.71904     0.00538     0.00198     0.00275     0.00198     0.00000     0.00000     0.00000     0.00000     0.00000     0.01209
   -27.68404     0.00538     0.00198     0.00275     0.00198     0.00000     0.00000     0.00000     0.00000     0.00000     0.01209
   -27.64804     0.00538     0.00198     0.00275     0.00198     0.00000     0.00000     0.00000     0.00000     0.00000     0.01209
   -27.61304     0.00538     0.00198     0.00275     0.00198     0.00000     0.00000     0.00000     0.00000     0.00000     0.01209
   -27.57704     0.00538     0.00198     0.00275     0.00198     0.00000     0.00000     0.00000     0.00000     0.00000     0.01209
   -27.54204     0.00538     0.00198     0.00275     0.00198     0.00000     0.00000     0.00000     0.00000     0.00000     0.01209
   -27.50604     0.00538     0.00198     0.00275     0.00198     0.00000     0.00000     0.00000     0.00000     0.00000     0.01209
   -27.47104     0.00538     0.00198     0.00275     0.00198     0.00000     0.00000     0.00000     0.00000     0.00000     0.01209
   -27.43604     0.00538     0.00198     0.00275     0.00198     0.00000     0.00000     0.00000     0.00000     0.00000     0.01209
   -27.40004     0.00538     0.00198     0.00275     0.00198     0.00000     0.00000     0.00000     0.00000     0.00000     0.01209
   -27.36504     0.00538     0.00198     0.00275     0.00198     0.00000     0.00000     0.00000     0.00000     0.00000     0.01209
   -27.32904     0.00538     0.00198     0.00275     0.00198     0.00000     0.00000     0.00000     0.00000     0.00000     0.01209
   -27.29404     0.00538     0.00198     0.00275     0.00198     0.00000     0.00000     0.00000     0.00000     0.00000     0.01209
   -27.25804     0.00538     0.00198     0.00275     0.00198     0.00000     0.00000     0.00000     0.00000     0.00000     0.01209
   -27.22304     0.00538     0.00198     0.00275     0.00198     0.00000     0.00000     0.00000     0.00000     0.00000     0.01209
   -27.18704     0.00538     0.00198     0.00275     0.00198     0.00000     0.00000     0.00000     0.00000     0.00000     0.01209
   -27.15204     0.00538     0.00198     0.00275     0.00198     0.00000     0.00000     0.00000     0.00000     0.00000     0.01209
   -27.11704     0.00538     0.00198     0.00275     0.00198     0.00000     0.00000     0.00000     0.00000     0.00000     0.01209
   -27.08104     0.00538     0.00198     0.00275     0.00198     0.00000     0.00000     0.00000     0.00000     0.00000     0.01209
   -27.04604     0.00538     0.00198     0.00275     0.00198     0.00000     0.00000     0.00000     0.00000     0.00000     0.01209
   -27.01004     0.00538     0.00198     0.00275     0.00198     0.00000     0.00000     0.00000     0.00000     0.00000     0.01209
   -26.97504     0.00538     0.00198     0.00275     0.00198     0.00000     0.00000     0.00000     0.00000     0.00000     0.01209
   -26.93904     0.00538     0.00198     0.00275     0.00198     0.00000     0.00000     0.00000     0.00000     0.00000     0.01209
   -26.90404     0.00538     0.00198     0.00275     0.00198     0.00000     0.00000     0.00000     0.00000     0.00000     0.01209
   -26.86804     0.00538     0.00198     0.00275     0.00198     0.00000     0.00000     0.00000     0.00000     0.00000     0.01209
   -26.83304     0.00538     0.00198     0.00275     0.00198     0.00000     0.00000     0.00000     0.00000     0.00000     0.01209
   -26.79804     0.00538     0.00198     0.00275     0.00198     0.00000     0.00000     0.00000     0.00000     0.00000     0.01209
   -26.76204     0.00538     0.00198     0.00275     0.00198     0.00000     0.00000     0.00000     0.00000     0.00000     0.01209
   -26.72704     0.00538     0.00198     0.00275     0.00198     0.00000     0.00000     0.00000     0.00000     0.00000     0.01209
   -26.69104     0.00538     0.00198     0.00275     0.00198     0.00000     0.00000     0.00000     0.00000     0.00000     0.01209
   -26.65604     0.00538     0.00198     0.00275     0.00198     0.00000     0.00000     0.00000     0.00000     0.00000     0.01209
   -26.62004     0.00538     0.00198     0.00275     0.00198     0.00000     0.00000     0.00000     0.00000     0.00000     0.01209
   -26.58504     0.00538     0.00198     0.00275     0.00198     0.00000     0.00000     0.00000     0.00000     0.00000     0.01209
   -26.54904     0.00538     0.00198     0.00275     0.00198     0.00000     0.00000     0.00000     0.00000     0.00000     0.01209
   -26.51404     0.00538     0.00198     0.00275     0.00198     0.00000     0.00000     0.00000     0.00000     0.00000     0.01209
   -26.47904     0.00538     0.00198     0.00275     0.00198     0.00000     0.00000     0.00000     0.00000     0.00000     0.01209
   -26.44304     0.00538     0.00198     0.00275     0.00198     0.00000     0.00000     0.00000     0.00000     0.00000     0.01209
   -26.40804     0.00538     0.00198     0.00275     0.00198     0.00000     0.00000     0.00000     0.00000     0.00000     0.01209
   -26.37204     0.00538     0.00198     0.00275     0.00198     0.00000     0.00000     0.00000     0.00000     0.00000     0.01209
   -26.33704     0.00538     0.00198     0.00275     0.00198     0.00000     0.00000     0.00000     0.00000     0.00000     0.01209
   -26.30104     0.00538     0.00198     0.00275     0.00198     0.00000     0.00000     0.00000     0.00000     0.00000     0.01209
   -26.26604     0.00538     0.00198     0.00275     0.00198     0.00000     0.00000     0.00000     0.00000     0.00000     0.01209
   -26.23004     0.00538     0.00198     0.00275     0.00198     0.00000     0.00000     0.00000     0.00000     0.00000     0.01209
   -26.19504     0.00538     0.00198     0.00275     0.00198     0.00000     0.00000     0.00000     0.00000     0.00000     0.01209
   -26.16004     0.00538     0.00198     0.00275     0.00198     0.00000     0.00000     0.00000     0.00000     0.00000     0.01209
   -26.12404     0.00538     0.00198     0.00275     0.00198     0.00000     0.00000     0.00000     0.00000     0.00000     0.01209
   -26.08904     0.00538     0.00198     0.00275     0.00198     0.00000     0.00000     0.00000     0.00000     0.00000     0.01209
   -26.05304     0.00538     0.00198     0.00275     0.00198     0.00000     0.00000     0.00000     0.00000     0.00000     0.01209
   -26.01804     0.00538     0.00198     0.00275     0.00198     0.00000     0.00000     0.00000     0.00000     0.00000     0.01209
   -25.98204     0.00538     0.00198     0.00275     0.00198     0.00000     0.00000     0.00000     0.00000     0.00000     0.01209
   -25.94704     0.00538     0.00198     0.00275     0.00198     0.00000     0.00000     0.00000     0.00000     0.00000     0.01209
   -25.91104     0.00538     0.00198     0.00275     0.00198     0.00000     0.00000     0.00000     0.00000     0.00000     0.01209
   -25.87604     0.00538     0.00198     0.00275     0.00198     0.00000     0.00000     0.00000     0.00000     0.00000     0.01209
   -25.84104     0.00538     0.00198     0.00275     0.00198     0.00000     0.00000     0.00000     0.00000     0.00000     0.01209
   -25.80504     0.00538     0.00198     0.00275     0.00198     0.00000     0.00000     0.00000     0.00000     0.00000     0.01209
   -25.77004     0.00538     0.00198     0.00275     0.00198     0.00000     0.00000     0.00000     0.00000     0.00000     0.01209
   -25.73404     0.00538     0.00198     0.00275     0.00198     0.00000     0.00000     0.00000     0.00000     0.00000     0.01209
   -25.69904     0.00538     0.00198     0.00275     0.00198     0.00000     0.00000     0.00000     0.00000     0.00000     0.01209
   -25.66304     0.00538     0.00198     0.00275     0.00198     0.00000     0.00000     0.00000     0.00000     0.00000     0.01209
   -25.62804     0.00538     0.00198     0.00275     0.00198     0.00000     0.00000     0.00000     0.00000     0.00000     0.01209
   -25.59304     0.00538     0.00198     0.00275     0.00198     0.00000     0.00000     0.00000     0.00000     0.00000     0.01209
   -25.55704     0.00538     0.00198     0.00275     0.00198     0.00000     0.00000     0.00000     0.00000     0.00000     0.01209
   -25.52204     0.00538     0.00198     0.00275     0.00198     0.00000     0.00000     0.00000     0.00000     0.00000     0.01209
   -25.48604     0.00538     0.00198     0.00275     0.00198     0.00000     0.00000     0.00000     0.00000     0.00000     0.01209
   -25.45104     0.00538     0.00198     0.00275     0.00198     0.00000     0.00000     0.00000     0.00000     0.00000     0.01209
   -25.41504     0.00538     0.00198     0.00275     0.00198     0.00000     0.00000     0.00000     0.00000     0.00000     0.01209
   -25.38004     0.00538     0.00198     0.00275     0.00198     0.00000     0.00000     0.00000     0.00000     0.00000     0.01209
   -25.34404     0.00538     0.00198     0.00275     0.00198     0.00000     0.00000     0.00000     0.00000     0.00000     0.01209
   -25.30904     0.00538     0.00198     0.00275     0.00198     0.00000     0.00000     0.00000     0.00000     0.00000     0.01209
   -25.27404     0.00538     0.00198     0.00275     0.00198     0.00000     0.00000     0.00000     0.00000     0.00000     0.01209
   -25.23804     0.00538     0.00198     0.00275     0.00198     0.00000     0.00000     0.00000     0.00000     0.00000     0.01209
   -25.20304     0.00538     0.00198     0.00275     0.00198     0.00000     0.00000     0.00000     0.00000     0.00000     0.01209
   -25.16704     0.00538     0.00198     0.00275     0.00198     0.00000     0.00000     0.00000     0.00000     0.00000     0.01209
   -25.13204     0.00538     0.00198     0.00275     0.00198     0.00000     0.00000     0.00000     0.00000     0.00000     0.01209
   -25.09604     0.00538     0.00198     0.00275     0.00198     0.00000     0.00000     0.00000     0.00000     0.00000     0.01209
   -25.06104     0.00538     0.00198     0.00275     0.00198     0.00000     0.00000     0.00000     0.00000     0.00000     0.01209
   -25.02504     0.00538     0.00198     0.00275     0.00198     0.00000     0.00000     0.00000     0.00000     0.00000     0.01209
   -24.99004     0.00538     0.00198     0.00275     0.00198     0.00000     0.00000     0.00000     0.00000     0.00000     0.01209
   -24.95504     0.00538     0.00198     0.00275     0.00198     0.00000     0.00000     0.00000     0.00000     0.00000     0.01209
   -24.91904     0.00538     0.00198     0.00275     0.00198     0.00000     0.00000     0.00000     0.00000     0.00000     0.01209
   -24.88404     0.00538     0.00198     0.00275     0.00198     0.00000     0.00000     0.00000     0.00000     0.00000     0.01209
   -24.84804     0.00538     0.00198     0.00275     0.00198     0.00000     0.00000     0.00000     0.00000     0.00000     0.01209
   -24.81304     0.00538     0.00198     0.00275     0.00198     0.00000     0.00000     0.00000     0.00000     0.00000     0.01209
   -24.77704     0.00538     0.00198     0.00275     0.00198     0.00000     0.00000     0.00000     0.00000     0.00000     0.01209
   -24.74204     0.00538     0.00198     0.00275     0.00198     0.00000     0.00000     0.00000     0.00000     0.00000     0.01209
   -24.70604     0.00538     0.00198     0.00275     0.00198     0.00000     0.00000     0.00000     0.00000     0.00000     0.01209
   -24.67104     0.00538     0.00198     0.00275     0.00198     0.00000     0.00000     0.00000     0.00000     0.00000     0.01209
   -24.63604     0.00538     0.00198     0.00275     0.00198     0.00000     0.00000     0.00000     0.00000     0.00000     0.01209
   -24.60004     0.00538     0.00198     0.00275     0.00198     0.00000     0.00000     0.00000     0.00000     0.00000     0.01209
   -24.56504     0.00538     0.00198     0.00275     0.00198     0.00000     0.00000     0.00000     0.00000     0.00000     0.01209
   -24.52904     0.00538     0.00198     0.00275     0.00198     0.00000     0.00000     0.00000     0.00000     0.00000     0.01209
   -24.49404     0.00538     0.00198     0.00275     0.00198     0.00000     0.00000     0.00000     0.00000     0.00000     0.01209
   -24.45804     0.00538     0.00198     0.00275     0.00198     0.00000     0.00000     0.00000     0.00000     0.00000     0.01209
   -24.42304     0.00538     0.00198     0.00275     0.00198     0.00000     0.00000     0.00000     0.00000     0.00000     0.01209
   -24.38704     0.00538     0.00198     0.00275     0.00198     0.00000     0.00000     0.00000     0.00000     0.00000     0.01209
   -24.35204     0.00538     0.00198     0.00275     0.00198     0.00000     0.00000     0.00000     0.00000     0.00000     0.01209
   -24.31704     0.00538     0.00198     0.00275     0.00198     0.00000     0.00000     0.00000     0.00000     0.00000     0.01209
   -24.28104     0.00538     0.00198     0.00275     0.00198     0.00000     0.00000     0.00000     0.00000     0.00000     0.01209
   -24.24604     0.00538     0.00198     0.00275     0.00198     0.00000     0.00000     0.00000     0.00000     0.00000     0.01209
   -24.21004     0.00538     0.00198     0.00275     0.00198     0.00000     0.00000     0.00000     0.00000     0.00000     0.01209
   -24.17504     0.00538     0.00198     0.00275     0.00198     0.00000     0.00000     0.00000     0.00000     0.00000     0.01209
   -24.13904     0.00538     0.00198     0.00275     0.00198     0.00000     0.00000     0.00000     0.00000     0.00000     0.01209
   -24.10404     0.00538     0.00198     0.00275     0.00198     0.00000     0.00000     0.00000     0.00000     0.00000     0.01209
   -24.06804     0.00538     0.00198     0.00275     0.00198     0.00000     0.00000     0.00000     0.00000     0.00000     0.01209
   -24.03304     0.00538     0.00198     0.00275     0.00198     0.00000     0.00000     0.00000     0.00000     0.00000     0.01209
   -23.99804     0.00538     0.00198     0.00275     0.00198     0.00000     0.00000     0.00000     0.00000     0.00000     0.01209
   -23.96204     0.00538     0.00198     0.00275     0.00198     0.00000     0.00000     0.00000     0.00000     0.00000     0.01209
   -23.92704     0.00538     0.00198     0.00275     0.00198     0.00000     0.00000     0.00000     0.00000     0.00000     0.01209
   -23.89104     0.00538     0.00198     0.00275     0.00198     0.00000     0.00000     0.00000     0.00000     0.00000     0.01209
   -23.85604     0.00538     0.00198     0.00275     0.00198     0.00000     0.00000     0.00000     0.00000     0.00000     0.01209
   -23.82004     0.00538     0.00198     0.00275     0.00198     0.00000     0.00000     0.00000     0.00000     0.00000     0.01209
   -23.78504     0.00538     0.00198     0.00275     0.00198     0.00000     0.00000     0.00000     0.00000     0.00000     0.01209
   -23.74904     0.00538     0.00198     0.00275     0.00198     0.00000     0.00000     0.00000     0.00000     0.00000     0.01209
   -23.71404     0.00538     0.00198     0.00275     0.00198     0.00000     0.00000     0.00000     0.00000     0.00000     0.01209
   -23.67904     0.00538     0.00198     0.00275     0.00198     0.00000     0.00000     0.00000     0.00000     0.00000     0.01209
   -23.64304     0.00538     0.00198     0.00275     0.00198     0.00000     0.00000     0.00000     0.00000     0.00000     0.01209
   -23.60804     0.00538     0.00198     0.00275     0.00198     0.00000     0.00000     0.00000     0.00000     0.00000     0.01209
   -23.57204     0.00538     0.00198     0.00275     0.00198     0.00000     0.00000     0.00000     0.00000     0.00000     0.01209
   -23.53704     0.00538     0.00198     0.00275     0.00198     0.00000     0.00000     0.00000     0.00000     0.00000     0.01209
   -23.50104     0.00538     0.00198     0.00275     0.00198     0.00000     0.00000     0.00000     0.00000     0.00000     0.01209
   -23.46604     0.00538     0.00198     0.00275     0.00198     0.00000     0.00000     0.00000     0.00000     0.00000     0.01209
   -23.43004     0.00538     0.00198     0.00275     0.00198     0.00000     0.00000     0.00000     0.00000     0.00000     0.01209
   -23.39504     0.00538     0.00198     0.00275     0.00198     0.00000     0.00000     0.00000     0.00000     0.00000     0.01209
   -23.36004     0.00538     0.00198     0.00275     0.00198     0.00000     0.00000     0.00000     0.00000     0.00000     0.01209
   -23.32404     0.00538     0.00198     0.00275     0.00198     0.00000     0.00000     0.00000     0.00000     0.00000     0.01209
   -23.28904     0.00538     0.00198     0.00275     0.00198     0.00000     0.00000     0.00000     0.00000     0.00000     0.01209
   -23.25304     0.00538     0.00198     0.00275     0.00198     0.00000     0.00000     0.00000     0.00000     0.00000     0.01209
   -23.21804     0.00538     0.00198     0.00275     0.00198     0.00000     0.00000     0.00000     0.00000     0.00000     0.01209
   -23.18204     0.00538     0.00198     0.00275     0.00198     0.00000     0.00000     0.00000     0.00000     0.00000     0.01209
   -23.14704     0.00538     0.00198     0.00275     0.00198     0.00000     0.00000     0.00000     0.00000     0.00000     0.01209
   -23.11104     0.00538     0.00198     0.00275     0.00198     0.00000     0.00000     0.00000     0.00000     0.00000     0.01209
   -23.07604     0.00538     0.00198     0.00275     0.00198     0.00000     0.00000     0.00000     0.00000     0.00000     0.01209
   -23.04104     0.00538     0.00198     0.00275     0.00198     0.00000     0.00000     0.00000     0.00000     0.00000     0.01209
   -23.00504     0.00538     0.00198     0.00275     0.00198     0.00000     0.00000     0.00000     0.00000     0.00000     0.01209
   -22.97004     0.00538     0.00198     0.00275     0.00198     0.00000     0.00000     0.00000     0.00000     0.00000     0.01209
   -22.93404     0.00538     0.00198     0.00275     0.00198     0.00000     0.00000     0.00000     0.00000     0.00000     0.01209
   -22.89904     0.00538     0.00198     0.00275     0.00198     0.00000     0.00000     0.00000     0.00000     0.00000     0.01209
   -22.86304     0.00538     0.00198     0.00275     0.00198     0.00000     0.00000     0.00000     0.00000     0.00000     0.01209
   -22.82804     0.00538     0.00198     0.00275     0.00198     0.00000     0.00000     0.00000     0.00000     0.00000     0.01209
   -22.79204     0.00538     0.00198     0.00275     0.00198     0.00000     0.00000     0.00000     0.00000     0.00000     0.01209
   -22.75704     0.00538     0.00198     0.00275     0.00198     0.00000     0.00000     0.00000     0.00000     0.00000     0.01209
   -22.72204     0.00538     0.00198     0.00275     0.00198     0.00000     0.00000     0.00000     0.00000     0.00000     0.01209
   -22.68604     0.00538     0.00198     0.00275     0.00198     0.00000     0.00000     0.00000     0.00000     0.00000     0.01209
   -22.65104     0.00538     0.00198     0.00275     0.00198     0.00000     0.00000     0.00000     0.00000     0.00000     0.01209
   -22.61504     0.00538     0.00198     0.00275     0.00198     0.00000     0.00000     0.00000     0.00000     0.00000     0.01209
   -22.58004     0.00538     0.00198     0.00275     0.00198     0.00000     0.00000     0.00000     0.00000     0.00000     0.01209
   -22.54404     0.00538     0.00198     0.00275     0.00198     0.00000     0.00000     0.00000     0.00000     0.00000     0.01209
   -22.50904     0.00538     0.00198     0.00275     0.00198     0.00000     0.00000     0.00000     0.00000     0.00000     0.01209
   -22.47404     0.00538     0.00198     0.00275     0.00198     0.00000     0.00000     0.00000     0.00000     0.00000     0.01209
   -22.43804     0.00538     0.00198     0.00275     0.00198     0.00000     0.00000     0.00000     0.00000     0.00000     0.01209
   -22.40304     0.00538     0.00198     0.00275     0.00198     0.00000     0.00000     0.00000     0.00000     0.00000     0.01209
   -22.36704     0.00538     0.00198     0.00275     0.00198     0.00000     0.00000     0.00000     0.00000     0.00000     0.01209
   -22.33204     0.00538     0.00198     0.00275     0.00198     0.00000     0.00000     0.00000     0.00000     0.00000     0.01209
   -22.29604     0.00538     0.00198     0.00275     0.00198     0.00000     0.00000     0.00000     0.00000     0.00000     0.01209
   -22.26104     0.00538     0.00198     0.00275     0.00198     0.00000     0.00000     0.00000     0.00000     0.00000     0.01209
   -22.22504     0.00538     0.00198     0.00275     0.00198     0.00000     0.00000     0.00000     0.00000     0.00000     0.01209
   -22.19004     0.00538     0.00198     0.00275     0.00198     0.00000     0.00000     0.00000     0.00000     0.00000     0.01209
   -22.15504     0.00538     0.00198     0.00275     0.00198     0.00000     0.00000     0.00000     0.00000     0.00000     0.01209
   -22.11904     0.00538     0.00198     0.00275     0.00198     0.00000     0.00000     0.00000     0.00000     0.00000     0.01209
   -22.08404     0.00538     0.00198     0.00275     0.00198     0.00000     0.00000     0.00000     0.00000     0.00000     0.01209
   -22.04804     0.00538     0.00198     0.00275     0.00198     0.00000     0.00000     0.00000     0.00000     0.00000     0.01209
   -22.01304     0.00538     0.00198     0.00275     0.00198     0.00000     0.00000     0.00000     0.00000     0.00000     0.01209
   -21.97704     0.00538     0.00198     0.00275     0.00198     0.00000     0.00000     0.00000     0.00000     0.00000     0.01209
   -21.94204     0.00538     0.00198     0.00275     0.00198     0.00000     0.00000     0.00000     0.00000     0.00000     0.01209
   -21.90604     0.00538     0.00198     0.00275     0.00198     0.00000     0.00000     0.00000     0.00000     0.00000     0.01209
   -21.87104     0.00538     0.00198     0.00275     0.00198     0.00000     0.00000     0.00000     0.00000     0.00000     0.01209
   -21.83604     0.00538     0.00198     0.00275     0.00198     0.00000     0.00000     0.00000     0.00000     0.00000     0.01209
   -21.80004     0.00538     0.00198     0.00275     0.00198     0.00000     0.00000     0.00000     0.00000     0.00000     0.01209
   -21.76504     0.00538     0.00198     0.00275     0.00198     0.00000     0.00000     0.00000     0.00000     0.00000     0.01209
   -21.72904     0.00538     0.00198     0.00275     0.00198     0.00000     0.00000     0.00000     0.00000     0.00000     0.01209
   -21.69404     0.00538     0.00198     0.00275     0.00198     0.00000     0.00000     0.00000     0.00000     0.00000     0.01209
   -21.65804     0.00538     0.00198     0.00275     0.00198     0.00000     0.00000     0.00000     0.00000     0.00000     0.01209
   -21.62304     0.00538     0.00198     0.00275     0.00198     0.00000     0.00000     0.00000     0.00000     0.00000     0.01209
   -21.58704     0.00538     0.00198     0.00275     0.00198     0.00000     0.00000     0.00000     0.00000     0.00000     0.01209
   -21.55204     0.00538     0.00198     0.00275     0.00198     0.00000     0.00000     0.00000     0.00000     0.00000     0.01209
   -21.51704     0.00538     0.00198     0.00275     0.00198     0.00000     0.00000     0.00000     0.00000     0.00000     0.01209
   -21.48104     0.00538     0.00198     0.00275     0.00198     0.00000     0.00000     0.00000     0.00000     0.00000     0.01209
   -21.44604     0.00538     0.00198     0.00275     0.00198     0.00000     0.00000     0.00000     0.00000     0.00000     0.01209
   -21.41004     0.00538     0.00198     0.00275     0.00198     0.00000     0.00000     0.00000     0.00000     0.00000     0.01209
   -21.37504     0.00538     0.00198     0.00275     0.00198     0.00000     0.00000     0.00000     0.00000     0.00000     0.01209
   -21.33904     0.00538     0.00198     0.00275     0.00198     0.00000     0.00000     0.00000     0.00000     0.00000     0.01209
   -21.30404     0.00538     0.00198     0.00275     0.00198     0.00000     0.00000     0.00000     0.00000     0.00000     0.01209
   -21.26804     0.00538     0.00198     0.00275     0.00198     0.00000     0.00000     0.00000     0.00000     0.00000     0.01209
   -21.23304     0.00538     0.00198     0.00275     0.00198     0.00000     0.00000     0.00000     0.00000     0.00000     0.01209
   -21.19804     0.00538     0.00198     0.00275     0.00198     0.00000     0.00000     0.00000     0.00000     0.00000     0.01209
   -21.16204     0.00538     0.00198     0.00275     0.00198     0.00000     0.00000     0.00000     0.00000     0.00000     0.01209
   -21.12704     0.00538     0.00198     0.00275     0.00198     0.00000     0.00000     0.00000     0.00000     0.00000     0.01209
   -21.09104     0.00538     0.00198     0.00275     0.00198     0.00000     0.00000     0.00000     0.00000     0.00000     0.01209
   -21.05604     0.00538     0.00198     0.00275     0.00198     0.00000     0.00000     0.00000     0.00000     0.00000     0.01209
   -21.02004     0.00538     0.00198     0.00275     0.00198     0.00000     0.00000     0.00000     0.00000     0.00000     0.01209
   -20.98504     0.00538     0.00198     0.00275     0.00198     0.00000     0.00000     0.00000     0.00000     0.00000     0.01209
   -20.94904     0.00538     0.00198     0.00275     0.00198     0.00000     0.00000     0.00000     0.00000     0.00000     0.01209
   -20.91404     0.00538     0.00198     0.00275     0.00198     0.00000     0.00000     0.00000     0.00000     0.00000     0.01209
   -20.87904     0.00538     0.00198     0.00275     0.00198     0.00000     0.00000     0.00000     0.00000     0.00000     0.01209
   -20.84304     0.00538     0.00198     0.00275     0.00198     0.00000     0.00000     0.00000     0.00000     0.00000     0.01209
   -20.80804     0.00538     0.00198     0.00275     0.00198     0.00000     0.00000     0.00000     0.00000     0.00000     0.01209
   -20.77204     0.00538     0.00198     0.00275     0.00198     0.00000     0.00000     0.00000     0.00000     0.00000     0.01209
   -20.73704     0.00538     0.00198     0.00275     0.00198     0.00000     0.00000     0.00000     0.00000     0.00000     0.01209
   -20.70104     0.00538     0.00198     0.00275     0.00198     0.00000     0.00000     0.00000     0.00000     0.00000     0.01209
   -20.66604     0.00538     0.00198     0.00275     0.00198     0.00000     0.00000     0.00000     0.00000     0.00000     0.01209
   -20.63004     0.00538     0.00198     0.00275     0.00198     0.00000     0.00000     0.00000     0.00000     0.00000     0.01209
   -20.59504     0.00538     0.00198     0.00275     0.00198     0.00000     0.00000     0.00000     0.00000     0.00000     0.01209
   -20.56004     0.00538     0.00198     0.00275     0.00198     0.00000     0.00000     0.00000     0.00000     0.00000     0.01209
   -20.52404     0.00538     0.00198     0.00275     0.00198     0.00000     0.00000     0.00000     0.00000     0.00000     0.01209
   -20.48904     0.00538     0.00198     0.00275     0.00198     0.00000     0.00000     0.00000     0.00000     0.00000     0.01209
   -20.45304     0.00538     0.00198     0.00275     0.00198     0.00000     0.00000     0.00000     0.00000     0.00000     0.01209
   -20.41804     0.00538     0.00198     0.00275     0.00198     0.00000     0.00000     0.00000     0.00000     0.00000     0.01209
   -20.38204     0.00538     0.00198     0.00275     0.00198     0.00000     0.00000     0.00000     0.00000     0.00000     0.01209
   -20.34704     0.00538     0.00198     0.00275     0.00198     0.00000     0.00000     0.00000     0.00000     0.00000     0.01209
   -20.31104     0.00538     0.00198     0.00275     0.00198     0.00000     0.00000     0.00000     0.00000     0.00000     0.01209
   -20.27604     0.00538     0.00198     0.00275     0.00198     0.00000     0.00000     0.00000     0.00000     0.00000     0.01209
   -20.24104     0.00538     0.00198     0.00275     0.00198     0.00000     0.00000     0.00000     0.00000     0.00000     0.01209
   -20.20504     0.00538     0.00198     0.00275     0.00198     0.00000     0.00000     0.00000     0.00000     0.00000     0.01209
   -20.17004     0.00538     0.00198     0.00275     0.00198     0.00000     0.00000     0.00000     0.00000     0.00000     0.01209
   -20.13404     0.00538     0.00198     0.00275     0.00198     0.00000     0.00000     0.00000     0.00000     0.00000     0.01209
   -20.09904     0.00538     0.00198     0.00275     0.00198     0.00000     0.00000     0.00000     0.00000     0.00000     0.01209
   -20.06304     0.00538     0.00198     0.00275     0.00198     0.00000     0.00000     0.00000     0.00000     0.00000     0.01209
   -20.02804     0.00538     0.00198     0.00275     0.00198     0.00000     0.00000     0.00000     0.00000     0.00000     0.01209
   -19.99204     0.00538     0.00198     0.00275     0.00198     0.00000     0.00000     0.00000     0.00000     0.00000     0.01209
   -19.95704     0.00538     0.00198     0.00275     0.00198     0.00000     0.00000     0.00000     0.00000     0.00000     0.01209
   -19.92204     0.00538     0.00198     0.00275     0.00198     0.00000     0.00000     0.00000     0.00000     0.00000     0.01209
   -19.88604     0.00538     0.00198     0.00275     0.00198     0.00000     0.00000     0.00000     0.00000     0.00000     0.01209
   -19.85104     0.00538     0.00198     0.00275     0.00198     0.00000     0.00000     0.00000     0.00000     0.00000     0.01209
   -19.81504     0.00538     0.00198     0.00275     0.00198     0.00000     0.00000     0.00000     0.00000     0.00000     0.01209
   -19.78004     0.00538     0.00198     0.00275     0.00198     0.00000     0.00000     0.00000     0.00000     0.00000     0.01209
   -19.74404     0.00538     0.00198     0.00275     0.00198     0.00000     0.00000     0.00000     0.00000     0.00000     0.01209
   -19.70904     0.00538     0.00198     0.00275     0.00198     0.00000     0.00000     0.00000     0.00000     0.00000     0.01209
   -19.67404     0.00538     0.00198     0.00275     0.00198     0.00000     0.00000     0.00000     0.00000     0.00000     0.01209
   -19.63804     0.00538     0.00198     0.00275     0.00198     0.00000     0.00000     0.00000     0.00000     0.00000     0.01209
   -19.60304     0.00538     0.00198     0.00275     0.00198     0.00000     0.00000     0.00000     0.00000     0.00000     0.01209
   -19.56704     0.00538     0.00198     0.00275     0.00198     0.00000     0.00000     0.00000     0.00000     0.00000     0.01209
   -19.53204     0.00538     0.00198     0.00275     0.00198     0.00000     0.00000     0.00000     0.00000     0.00000     0.01209
   -19.49604     0.00538     0.00198     0.00275     0.00198     0.00000     0.00000     0.00000     0.00000     0.00000     0.01209
   -19.46104     0.00538     0.00198     0.00275     0.00198     0.00000     0.00000     0.00000     0.00000     0.00000     0.01209
   -19.42504     0.00538     0.00198     0.00275     0.00198     0.00000     0.00000     0.00000     0.00000     0.00000     0.01209
   -19.39004     0.00538     0.00198     0.00275     0.00198     0.00000     0.00000     0.00000     0.00000     0.00000     0.01209
   -19.35504     0.00538     0.00198     0.00275     0.00198     0.00000     0.00000     0.00000     0.00000     0.00000     0.01209
   -19.31904     0.00538     0.00198     0.00275     0.00198     0.00000     0.00000     0.00000     0.00000     0.00000     0.01209
   -19.28404     0.00538     0.00198     0.00275     0.00198     0.00000     0.00000     0.00000     0.00000     0.00000     0.01209
   -19.24804     0.00538     0.00198     0.00275     0.00198     0.00000     0.00000     0.00000     0.00000     0.00000     0.01209
   -19.21304     0.00538     0.00198     0.00275     0.00198     0.00000     0.00000     0.00000     0.00000     0.00000     0.01209
   -19.17704     0.00538     0.00198     0.00275     0.00198     0.00000     0.00000     0.00000     0.00000     0.00000     0.01209
   -19.14204     0.00538     0.00198     0.00275     0.00198     0.00000     0.00000     0.00000     0.00000     0.00000     0.01209
   -19.10604     0.00538     0.00198     0.00275     0.00198     0.00000     0.00000     0.00000     0.00000     0.00000     0.01209
   -19.07104     0.00538     0.00198     0.00275     0.00198     0.00000     0.00000     0.00000     0.00000     0.00000     0.01209
   -19.03604     0.00538     0.00198     0.00275     0.00198     0.00000     0.00000     0.00000     0.00000     0.00000     0.01209
   -19.00004     0.00538     0.00198     0.00275     0.00198     0.00000     0.00000     0.00000     0.00000     0.00000     0.01209
   -18.96504     0.00538     0.00198     0.00275     0.00198     0.00000     0.00000     0.00000     0.00000     0.00000     0.01209
   -18.92904     0.00538     0.00198     0.00275     0.00198     0.00000     0.00000     0.00000     0.00000     0.00000     0.01209
   -18.89404     0.00538     0.00198     0.00275     0.00198     0.00000     0.00000     0.00000     0.00000     0.00000     0.01209
   -18.85804     0.00538     0.00198     0.00275     0.00198     0.00000     0.00000     0.00000     0.00000     0.00000     0.01209
   -18.82304     0.00538     0.00198     0.00275     0.00198     0.00000     0.00000     0.00000     0.00000     0.00000     0.01209
   -18.78704     0.00538     0.00198     0.00275     0.00198     0.00000     0.00000     0.00000     0.00000     0.00000     0.01209
   -18.75204     0.00538     0.00198     0.00275     0.00198     0.00000     0.00000     0.00000     0.00000     0.00000     0.01209
   -18.71704     0.00538     0.00198     0.00275     0.00198     0.00000     0.00000     0.00000     0.00000     0.00000     0.01209
   -18.68104     0.00538     0.00198     0.00275     0.00198     0.00000     0.00000     0.00000     0.00000     0.00000     0.01209
   -18.64604     0.00538     0.00198     0.00275     0.00198     0.00000     0.00000     0.00000     0.00000     0.00000     0.01209
   -18.61004     0.00538     0.00198     0.00275     0.00198     0.00000     0.00000     0.00000     0.00000     0.00000     0.01209
   -18.57504     0.00538     0.00198     0.00275     0.00198     0.00000     0.00000     0.00000     0.00000     0.00000     0.01209
   -18.53904     0.00538     0.00198     0.00275     0.00198     0.00000     0.00000     0.00000     0.00000     0.00000     0.01209
   -18.50404     0.00538     0.00198     0.00275     0.00198     0.00000     0.00000     0.00000     0.00000     0.00000     0.01209
   -18.46804     0.00538     0.00198     0.00275     0.00198     0.00000     0.00000     0.00000     0.00000     0.00000     0.01209
   -18.43304     0.00538     0.00198     0.00275     0.00198     0.00000     0.00000     0.00000     0.00000     0.00000     0.01209
   -18.39804     0.00538     0.00198     0.00275     0.00198     0.00000     0.00000     0.00000     0.00000     0.00000     0.01209
   -18.36204     0.00538     0.00198     0.00275     0.00198     0.00000     0.00000     0.00000     0.00000     0.00000     0.01209
   -18.32704     0.00538     0.00198     0.00275     0.00198     0.00000     0.00000     0.00000     0.00000     0.00000     0.01209
   -18.29104     0.00538     0.00198     0.00275     0.00198     0.00000     0.00000     0.00000     0.00000     0.00000     0.01209
   -18.25604     0.00538     0.00198     0.00275     0.00198     0.00000     0.00000     0.00000     0.00000     0.00000     0.01209
   -18.22004     0.00538     0.00198     0.00275     0.00198     0.00000     0.00000     0.00000     0.00000     0.00000     0.01209
   -18.18504     0.00538     0.00198     0.00275     0.00198     0.00000     0.00000     0.00000     0.00000     0.00000     0.01209
   -18.14904     0.00538     0.00198     0.00275     0.00198     0.00000     0.00000     0.00000     0.00000     0.00000     0.01209
   -18.11404     0.00538     0.00198     0.00275     0.00198     0.00000     0.00000     0.00000     0.00000     0.00000     0.01209
   -18.07904     0.00538     0.00198     0.00275     0.00198     0.00000     0.00000     0.00000     0.00000     0.00000     0.01209
   -18.04304     0.00538     0.00198     0.00275     0.00198     0.00000     0.00000     0.00000     0.00000     0.00000     0.01209
   -18.00804     0.00538     0.00198     0.00275     0.00198     0.00000     0.00000     0.00000     0.00000     0.00000     0.01209
   -17.97204     0.00538     0.00198     0.00275     0.00198     0.00000     0.00000     0.00000     0.00000     0.00000     0.01209
   -17.93704     0.00538     0.00198     0.00275     0.00198     0.00000     0.00000     0.00000     0.00000     0.00000     0.01209
   -17.90104     0.00538     0.00198     0.00275     0.00198     0.00000     0.00000     0.00000     0.00000     0.00000     0.01209
   -17.86604     0.00538     0.00198     0.00275     0.00198     0.00000     0.00000     0.00000     0.00000     0.00000     0.01209
   -17.83004     0.00538     0.00198     0.00275     0.00198     0.00000     0.00000     0.00000     0.00000     0.00000     0.01209
   -17.79504     0.00538     0.00198     0.00275     0.00198     0.00000     0.00000     0.00000     0.00000     0.00000     0.01209
   -17.76004     0.00538     0.00198     0.00275     0.00198     0.00000     0.00000     0.00000     0.00000     0.00000     0.01209
   -17.72404     0.00538     0.00198     0.00275     0.00198     0.00000     0.00000     0.00000     0.00000     0.00000     0.01209
   -17.68904     0.00538     0.00198     0.00275     0.00198     0.00000     0.00000     0.00000     0.00000     0.00000     0.01209
   -17.65304     0.00538     0.00198     0.00275     0.00198     0.00000     0.00000     0.00000     0.00000     0.00000     0.01209
   -17.61804     0.00538     0.00198     0.00275     0.00198     0.00000     0.00000     0.00000     0.00000     0.00000     0.01209
   -17.58204     0.00538     0.00198     0.00275     0.00198     0.00000     0.00000     0.00000     0.00000     0.00000     0.01209
   -17.54704     0.00538     0.00198     0.00275     0.00198     0.00000     0.00000     0.00000     0.00000     0.00000     0.01209
   -17.51104     0.00538     0.00198     0.00275     0.00198     0.00000     0.00000     0.00000     0.00000     0.00000     0.01209
   -17.47604     0.00538     0.00198     0.00275     0.00198     0.00000     0.00000     0.00000     0.00000     0.00000     0.01209
   -17.44104     0.00538     0.00198     0.00275     0.00198     0.00000     0.00000     0.00000     0.00000     0.00000     0.01209
   -17.40504     0.00538     0.00198     0.00275     0.00198     0.00000     0.00000     0.00000     0.00000     0.00000     0.01209
   -17.37004     0.00538     0.00198     0.00275     0.00198     0.00000     0.00000     0.00000     0.00000     0.00000     0.01209
   -17.33404     0.00538     0.00198     0.00275     0.00198     0.00000     0.00000     0.00000     0.00000     0.00000     0.01209
   -17.29904     0.00538     0.00198     0.00275     0.00198     0.00000     0.00000     0.00000     0.00000     0.00000     0.01209
   -17.26304     0.00538     0.00198     0.00275     0.00198     0.00000     0.00000     0.00000     0.00000     0.00000     0.01209
   -17.22804     0.00538     0.00198     0.00275     0.00198     0.00000     0.00000     0.00000     0.00000     0.00000     0.01209
   -17.19204     0.00538     0.00198     0.00275     0.00198     0.00000     0.00000     0.00000     0.00000     0.00000     0.01209
   -17.15704     0.00538     0.00198     0.00275     0.00198     0.00000     0.00000     0.00000     0.00000     0.00000     0.01209
   -17.12204     0.00538     0.00198     0.00275     0.00198     0.00000     0.00000     0.00000     0.00000     0.00000     0.01209
   -17.08604     0.00538     0.00198     0.00275     0.00198     0.00000     0.00000     0.00000     0.00000     0.00000     0.01209
   -17.05104     0.00538     0.00198     0.00275     0.00198     0.00000     0.00000     0.00000     0.00000     0.00000     0.01209
   -17.01504     0.00538     0.00198     0.00275     0.00198     0.00000     0.00000     0.00000     0.00000     0.00000     0.01209
   -16.98004     0.00538     0.00198     0.00275     0.00198     0.00000     0.00000     0.00000     0.00000     0.00000     0.01209
   -16.94404     0.00538     0.00198     0.00275     0.00198     0.00000     0.00000     0.00000     0.00000     0.00000     0.01209
   -16.90904     0.00538     0.00198     0.00275     0.00198     0.00000     0.00000     0.00000     0.00000     0.00000     0.01209
   -16.87304     0.00538     0.00198     0.00275     0.00198     0.00000     0.00000     0.00000     0.00000     0.00000     0.01209
   -16.83804     0.00538     0.00198     0.00275     0.00198     0.00000     0.00000     0.00000     0.00000     0.00000     0.01209
   -16.80304     0.00538     0.00198     0.00275     0.00198     0.00000     0.00000     0.00000     0.00000     0.00000     0.01209
   -16.76704     0.00538     0.00198     0.00275     0.00198     0.00000     0.00000     0.00000     0.00000     0.00000     0.01209
   -16.73204     0.00538     0.00198     0.00275     0.00198     0.00000     0.00000     0.00000     0.00000     0.00000     0.01209
   -16.69604     0.00538     0.00198     0.00275     0.00198     0.00000     0.00000     0.00000     0.00000     0.00000     0.01209
   -16.66104     0.00538     0.00198     0.00275     0.00198     0.00000     0.00000     0.00000     0.00000     0.00000     0.01209
   -16.62504     0.00538     0.00198     0.00275     0.00198     0.00000     0.00000     0.00000     0.00000     0.00000     0.01209
   -16.59004     0.00538     0.00198     0.00275     0.00198     0.00000     0.00000     0.00000     0.00000     0.00000     0.01209
   -16.55504     0.00538     0.00198     0.00275     0.00198     0.00000     0.00000     0.00000     0.00000     0.00000     0.01209
   -16.51904     0.00538     0.00198     0.00275     0.00198     0.00000     0.00000     0.00000     0.00000     0.00000     0.01209
   -16.48404     0.00538     0.00198     0.00275     0.00198     0.00000     0.00000     0.00000     0.00000     0.00000     0.01209
   -16.44804     0.00538     0.00198     0.00275     0.00198     0.00000     0.00000     0.00000     0.00000     0.00000     0.01209
   -16.41304     0.00538     0.00198     0.00275     0.00198     0.00000     0.00000     0.00000     0.00000     0.00000     0.01209
   -16.37704     0.00538     0.00198     0.00275     0.00198     0.00000     0.00000     0.00000     0.00000     0.00000     0.01209
   -16.34204     0.00538     0.00198     0.00275     0.00198     0.00000     0.00000     0.00000     0.00000     0.00000     0.01209
   -16.30604     0.00538     0.00198     0.00275     0.00198     0.00000     0.00000     0.00000     0.00000     0.00000     0.01209
   -16.27104     0.00538     0.00198     0.00275     0.00198     0.00000     0.00000     0.00000     0.00000     0.00000     0.01209
   -16.23604     0.00538     0.00198     0.00275     0.00198     0.00000     0.00000     0.00000     0.00000     0.00000     0.01209
   -16.20004     0.00538     0.00198     0.00275     0.00198     0.00000     0.00000     0.00000     0.00000     0.00000     0.01209
   -16.16504     0.00538     0.00198     0.00275     0.00198     0.00000     0.00000     0.00000     0.00000     0.00000     0.01209
   -16.12904     0.00538     0.00198     0.00275     0.00198     0.00000     0.00000     0.00000     0.00000     0.00000     0.01209
   -16.09404     0.00538     0.00198     0.00275     0.00198     0.00000     0.00000     0.00000     0.00000     0.00000     0.01209
   -16.05804     0.00538     0.00198     0.00275     0.00198     0.00000     0.00000     0.00000     0.00000     0.00000     0.01209
   -16.02304     0.00538     0.00198     0.00275     0.00198     0.00000     0.00000     0.00000     0.00000     0.00000     0.01209
   -15.98704     0.00538     0.00198     0.00275     0.00198     0.00000     0.00000     0.00000     0.00000     0.00000     0.01209
   -15.95204     0.00538     0.00198     0.00275     0.00198     0.00000     0.00000     0.00000     0.00000     0.00000     0.01209
   -15.91704     0.00538     0.00198     0.00275     0.00198     0.00000     0.00000     0.00000     0.00000     0.00000     0.01209
   -15.88104     0.00538     0.00198     0.00275     0.00198     0.00000     0.00000     0.00000     0.00000     0.00000     0.01209
   -15.84604     0.00538     0.00198     0.00275     0.00198     0.00000     0.00000     0.00000     0.00000     0.00000     0.01209
   -15.81004     0.00538     0.00198     0.00275     0.00198     0.00000     0.00000     0.00000     0.00000     0.00000     0.01209
   -15.77504     0.00538     0.00198     0.00275     0.00198     0.00000     0.00000     0.00000     0.00000     0.00000     0.01209
   -15.73904     0.00538     0.00198     0.00275     0.00198     0.00000     0.00000     0.00000     0.00000     0.00000     0.01209
   -15.70404     0.00538     0.00198     0.00275     0.00198     0.00000     0.00000     0.00000     0.00000     0.00000     0.01209
   -15.66804     0.00538     0.00198     0.00275     0.00198     0.00000     0.00000     0.00000     0.00000     0.00000     0.01209
   -15.63304     0.00538     0.00198     0.00275     0.00198     0.00000     0.00000     0.00000     0.00000     0.00000     0.01209
   -15.59804     0.00538     0.00198     0.00275     0.00198     0.00000     0.00000     0.00000     0.00000     0.00000     0.01209
   -15.56204     0.00538     0.00198     0.00275     0.00198     0.00000     0.00000     0.00000     0.00000     0.00000     0.01209
   -15.52704     0.00538     0.00198     0.00275     0.00198     0.00000     0.00000     0.00000     0.00000     0.00000     0.01209
   -15.49104     0.00538     0.00198     0.00275     0.00198     0.00000     0.00000     0.00000     0.00000     0.00000     0.01209
   -15.45604     0.00538     0.00198     0.00275     0.00198     0.00000     0.00000     0.00000     0.00000     0.00000     0.01209
   -15.42004     0.00538     0.00198     0.00275     0.00198     0.00000     0.00000     0.00000     0.00000     0.00000     0.01209
   -15.38504     0.00538     0.00198     0.00275     0.00198     0.00000     0.00000     0.00000     0.00000     0.00000     0.01209
   -15.34904     0.00538     0.00198     0.00275     0.00198     0.00000     0.00000     0.00000     0.00000     0.00000     0.01209
   -15.31404     0.00538     0.00198     0.00275     0.00198     0.00000     0.00000     0.00000     0.00000     0.00000     0.01209
   -15.27904     0.00538     0.00198     0.00275     0.00198     0.00000     0.00000     0.00000     0.00000     0.00000     0.01209
   -15.24304     0.00538     0.00198     0.00275     0.00198     0.00000     0.00000     0.00000     0.00000     0.00000     0.01209
   -15.20804     0.00538     0.00198     0.00275     0.00198     0.00000     0.00000     0.00000     0.00000     0.00000     0.01209
   -15.17204     0.00538     0.00198     0.00275     0.00198     0.00000     0.00000     0.00000     0.00000     0.00000     0.01209
   -15.13704     0.00538     0.00198     0.00275     0.00198     0.00000     0.00000     0.00000     0.00000     0.00000     0.01209
   -15.10104     0.00538     0.00198     0.00275     0.00198     0.00000     0.00000     0.00000     0.00000     0.00000     0.01209
   -15.06604     0.00538     0.00198     0.00275     0.00198     0.00000     0.00000     0.00000     0.00000     0.00000     0.01209
   -15.03004     0.00538     0.00198     0.00275     0.00198     0.00000     0.00000     0.00000     0.00000     0.00000     0.01209
   -14.99504     0.00538     0.00198     0.00275     0.00198     0.00000     0.00000     0.00000     0.00000     0.00000     0.01209
   -14.96004     0.00538     0.00198     0.00275     0.00198     0.00000     0.00000     0.00000     0.00000     0.00000     0.01209
   -14.92404     0.00538     0.00198     0.00275     0.00198     0.00000     0.00000     0.00000     0.00000     0.00000     0.01209
   -14.88904     0.00538     0.00198     0.00275     0.00198     0.00000     0.00000     0.00000     0.00000     0.00000     0.01209
   -14.85304     0.00538     0.00198     0.00275     0.00198     0.00000     0.00000     0.00000     0.00000     0.00000     0.01209
   -14.81804     0.00538     0.00198     0.00275     0.00198     0.00000     0.00000     0.00000     0.00000     0.00000     0.01209
   -14.78204     0.00538     0.00198     0.00275     0.00198     0.00000     0.00000     0.00000     0.00000     0.00000     0.01209
   -14.74704     0.00538     0.00198     0.00275     0.00198     0.00000     0.00000     0.00000     0.00000     0.00000     0.01209
   -14.71104     0.00538     0.00198     0.00275     0.00198     0.00000     0.00000     0.00000     0.00000     0.00000     0.01209
   -14.67604     0.00538     0.00198     0.00275     0.00198     0.00000     0.00000     0.00000     0.00000     0.00000     0.01209
   -14.64104     0.00538     0.00198     0.00275     0.00198     0.00000     0.00000     0.00000     0.00000     0.00000     0.01209
   -14.60504     0.00538     0.00198     0.00275     0.00198     0.00000     0.00000     0.00000     0.00000     0.00000     0.01209
   -14.57004     0.00538     0.00198     0.00275     0.00198     0.00000     0.00000     0.00000     0.00000     0.00000     0.01209
   -14.53404     0.00538     0.00198     0.00275     0.00198     0.00000     0.00000     0.00000     0.00000     0.00000     0.01209
   -14.49904     0.00538     0.00198     0.00275     0.00198     0.00000     0.00000     0.00000     0.00000     0.00000     0.01209
   -14.46304     0.00538     0.00198     0.00275     0.00198     0.00000     0.00000     0.00000     0.00000     0.00000     0.01209
   -14.42804     0.00538     0.00198     0.00275     0.00198     0.00000     0.00000     0.00000     0.00000     0.00000     0.01209
   -14.39204     0.00538     0.00198     0.00275     0.00198     0.00000     0.00000     0.00000     0.00000     0.00000     0.01209
   -14.35704     0.00538     0.00198     0.00275     0.00198     0.00000     0.00000     0.00000     0.00000     0.00000     0.01209
   -14.32204     0.00538     0.00198     0.00275     0.00198     0.00000     0.00000     0.00000     0.00000     0.00000     0.01209
   -14.28604     0.00538     0.00198     0.00275     0.00198     0.00000     0.00000     0.00000     0.00000     0.00000     0.01209
   -14.25104     0.00538     0.00198     0.00275     0.00198     0.00000     0.00000     0.00000     0.00000     0.00000     0.01209
   -14.21504     0.00538     0.00198     0.00275     0.00198     0.00000     0.00000     0.00000     0.00000     0.00000     0.01209
   -14.18004     0.00538     0.00198     0.00275     0.00198     0.00000     0.00000     0.00000     0.00000     0.00000     0.01209
   -14.14404     0.00538     0.00198     0.00275     0.00198     0.00000     0.00000     0.00000     0.00000     0.00000     0.01209
   -14.10904     0.00538     0.00198     0.00275     0.00198     0.00000     0.00000     0.00000     0.00000     0.00000     0.01209
   -14.07304     0.00538     0.00198     0.00275     0.00198     0.00000     0.00000     0.00000     0.00000     0.00000     0.01209
   -14.03804     0.00538     0.00198     0.00275     0.00198     0.00000     0.00000     0.00000     0.00000     0.00000     0.01209
   -14.00304     0.00538     0.00198     0.00275     0.00198     0.00000     0.00000     0.00000     0.00000     0.00000     0.01209
   -13.96704     0.00538     0.00198     0.00275     0.00198     0.00000     0.00000     0.00000     0.00000     0.00000     0.01209
   -13.93204     0.00538     0.00198     0.00275     0.00198     0.00000     0.00000     0.00000     0.00000     0.00000     0.01209
   -13.89604     0.00538     0.00198     0.00275     0.00198     0.00000     0.00000     0.00000     0.00000     0.00000     0.01209
   -13.86104     0.00538     0.00198     0.00275     0.00198     0.00000     0.00000     0.00000     0.00000     0.00000     0.01209
   -13.82504     0.00538     0.00198     0.00275     0.00198     0.00000     0.00000     0.00000     0.00000     0.00000     0.01209
   -13.79004     0.00538     0.00198     0.00275     0.00198     0.00000     0.00000     0.00000     0.00000     0.00000     0.01209
   -13.75504     0.00538     0.00198     0.00275     0.00198     0.00000     0.00000     0.00000     0.00000     0.00000     0.01209
   -13.71904     0.00538     0.00198     0.00275     0.00198     0.00000     0.00000     0.00000     0.00000     0.00000     0.01209
   -13.68404     0.00538     0.00198     0.00275     0.00198     0.00000     0.00000     0.00000     0.00000     0.00000     0.01209
   -13.64804     0.00538     0.00198     0.00275     0.00198     0.00000     0.00000     0.00000     0.00000     0.00000     0.01209
   -13.61304     0.00538     0.00198     0.00275     0.00198     0.00000     0.00000     0.00000     0.00000     0.00000     0.01209
   -13.57704     0.00538     0.00198     0.00275     0.00198     0.00000     0.00000     0.00000     0.00000     0.00000     0.01210
   -13.54204     0.00566     0.00198     0.00275     0.00198     0.00000     0.00000     0.00000     0.00000     0.00000     0.01237
   -13.50604     0.00635     0.00198     0.00275     0.00198     0.00000     0.00000     0.00000     0.00000     0.00000     0.01306
   -13.47104     0.00729     0.00199     0.00275     0.00199     0.00000     0.00000     0.00000     0.00000     0.00000     0.01401
   -13.43604     0.00849     0.00199     0.00275     0.00199     0.00000     0.00000     0.00000     0.00000     0.00000     0.01522
   -13.40004     0.00989     0.00200     0.00276     0.00200     0.00000     0.00000     0.00000     0.00000     0.00000     0.01663
   -13.36504     0.01141     0.00200     0.00276     0.00200     0.00000     0.00000     0.00000     0.00000     0.00000     0.01817
   -13.32904     0.01307     0.00202     0.00276     0.00202     0.00000     0.00000     0.00000     0.00000     0.00000     0.01986
   -13.29404     0.01490     0.00203     0.00276     0.00203     0.00000     0.00000     0.00000     0.00000     0.00000     0.02172
   -13.25804     0.01688     0.00205     0.00277     0.00205     0.00000     0.00000     0.00000     0.00000     0.00000     0.02374
   -13.22304     0.01898     0.00207     0.00277     0.00207     0.00000     0.00000     0.00000     0.00000     0.00000     0.02589
   -13.18704     0.02119     0.00209     0.00278     0.00209     0.00000     0.00000     0.00000     0.00000     0.00000     0.02815
   -13.15204     0.02351     0.00212     0.00279     0.00212     0.00000     0.00000     0.00000     0.00000     0.00000     0.03052
   -13.11704     0.02593     0.00215     0.00279     0.00215     0.00000     0.00000     0.00000     0.00000     0.00000     0.03302
   -13.08104     0.02849     0.00218     0.00280     0.00218     0.00000     0.00000     0.00000     0.00000     0.00000     0.03565
   -13.04604     0.03117     0.00222     0.00281     0.00222     0.00000     0.00000     0.00000     0.00000     0.00000     0.03842
   -13.01004     0.03397     0.00226     0.00282     0.00226     0.00000     0.00000     0.00000     0.00000     0.00000     0.04131
   -12.97504     0.03686     0.00231     0.00283     0.00231     0.00000     0.00000     0.00000     0.00000     0.00000     0.04430
   -12.93904     0.03983     0.00236     0.00285     0.00236     0.00000     0.00000     0.00000     0.00000     0.00000     0.04740
   -12.90404     0.04291     0.00242     0.00286     0.00242     0.00000     0.00000     0.00000     0.00000     0.00000     0.05060
   -12.86804     0.04610     0.00248     0.00287     0.00248     0.00000     0.00000     0.00000     0.00000     0.00000     0.05392
   -12.83304     0.04939     0.00254     0.00289     0.00254     0.00000     0.00000     0.00000     0.00000     0.00000     0.05736
   -12.79804     0.05279     0.00262     0.00290     0.00262     0.00000     0.00000     0.00000     0.00000     0.00000     0.06092
   -12.76204     0.05630     0.00269     0.00292     0.00269     0.00000     0.00000     0.00000     0.00000     0.00000     0.06461
   -12.72704     0.05992     0.00278     0.00294     0.00278     0.00000     0.00000     0.00000     0.00000     0.00000     0.06841
   -12.69104     0.06363     0.00287     0.00296     0.00287     0.00000     0.00000     0.00000     0.00000     0.00000     0.07232
   -12.65604     0.06744     0.00296     0.00298     0.00296     0.00000     0.00000     0.00000     0.00000     0.00000     0.07634
   -12.62004     0.07134     0.00306     0.00300     0.00306     0.00000     0.00000     0.00000     0.00000     0.00000     0.08047
   -12.58504     0.07535     0.00317     0.00302     0.00317     0.00000     0.00000     0.00000     0.00000     0.00000     0.08471
   -12.54904     0.07945     0.00329     0.00304     0.00329     0.00000     0.00000     0.00000     0.00000     0.00000     0.08907
   -12.51404     0.08366     0.00341     0.00307     0.00341     0.00000     0.00000     0.00000     0.00000     0.00000     0.09355
   -12.47904     0.08799     0.00354     0.00309     0.00354     0.00000     0.00000     0.00000     0.00000     0.00000     0.09816
   -12.44304     0.09244     0.00368     0.00312     0.00368     0.00000     0.00000     0.00000     0.00000     0.00000     0.10291
   -12.40804     0.09700     0.00382     0.00314     0.00382     0.00000     0.00000     0.00000     0.00000     0.00000     0.10778
   -12.37204     0.10166     0.00397     0.00317     0.00397     0.00000     0.00000     0.00000     0.00000     0.00000     0.11278
   -12.33704     0.10643     0.00413     0.00320     0.00413     0.00000     0.00000     0.00000     0.00000     0.00000     0.11790
   -12.30104     0.11131     0.00430     0.00323     0.00430     0.00000     0.00000     0.00000     0.00000     0.00000     0.12314
   -12.26604     0.11630     0.00448     0.00326     0.00448     0.00000     0.00000     0.00000     0.00000     0.00000     0.12852
   -12.23004     0.12141     0.00467     0.00329     0.00467     0.00000     0.00000     0.00000     0.00000     0.00000     0.13404
   -12.19504     0.12665     0.00486     0.00332     0.00486     0.00000     0.00000     0.00000     0.00000     0.00000     0.13970
   -12.16004     0.13202     0.00507     0.00336     0.00507     0.00000     0.00000     0.00000     0.00000     0.00000     0.14551
   -12.12404     0.13751     0.00528     0.00339     0.00528     0.00000     0.00000     0.00000     0.00000     0.00000     0.15147
   -12.08904     0.14314     0.00551     0.00342     0.00551     0.00000     0.00000     0.00000     0.00000     0.00000     0.15758
   -12.05304     0.14892     0.00574     0.00346     0.00574     0.00000     0.00000     0.00000     0.00000     0.00000     0.16386
   -12.01804     0.15486     0.00599     0.00349     0.00599     0.00000     0.00000     0.00000     0.00000     0.00000     0.17032
   -11.98204     0.16096     0.00624     0.00353     0.00624     0.00000     0.00000     0.00000     0.00000     0.00000     0.17698
   -11.94704     0.16723     0.00651     0.00357     0.00651     0.00000     0.00000     0.00000     0.00000     0.00000     0.18382
   -11.91104     0.17366     0.00679     0.00360     0.00679     0.00000     0.00000     0.00000     0.00000     0.00000     0.19085
   -11.87604     0.18026     0.00708     0.00364     0.00708     0.00000     0.00000     0.00000     0.00000     0.00000     0.19807
   -11.84104     0.18704     0.00739     0.00368     0.00739     0.00000     0.00000     0.00000     0.00000     0.00000     0.20549
   -11.80504     0.19404     0.00771     0.00371     0.00771     0.00000     0.00000     0.00000     0.00000     0.00000     0.21316
   -11.77004     0.20134     0.00804     0.00375     0.00804     0.00000     0.00000     0.00000     0.00000     0.00000     0.22117
   -11.73404     0.20898     0.00838     0.00379     0.00838     0.00000     0.00000     0.00000     0.00000     0.00000     0.22953
   -11.69904     0.21695     0.00874     0.00383     0.00874     0.00000     0.00000     0.00000     0.00000     0.00000     0.23827
   -11.66304     0.22573     0.00912     0.00386     0.00912     0.00000     0.00000     0.00000     0.00000     0.00000     0.24784
   -11.62804     0.23503     0.00952     0.00390     0.00952     0.00000     0.00000     0.00000     0.00000     0.00000     0.25797
   -11.59204     0.24418     0.00993     0.00394     0.00993     0.00000     0.00000     0.00000     0.00000     0.00000     0.26797
   -11.55704     0.25330     0.01036     0.00397     0.01036     0.00000     0.00000     0.00000     0.00000     0.00000     0.27799
   -11.52204     0.26245     0.01081     0.00400     0.01081     0.00000     0.00000     0.00000     0.00000     0.00000     0.28807
   -11.48604     0.27157     0.01128     0.00403     0.01128     0.00000     0.00000     0.00000     0.00000     0.00000     0.29816
   -11.45104     0.28070     0.01177     0.00406     0.01177     0.00000     0.00000     0.00000     0.00000     0.00000     0.30829
   -11.41504     0.28982     0.01227     0.00409     0.01227     0.00000     0.00000     0.00000     0.00000     0.00000     0.31845
   -11.38004     0.29890     0.01280     0.00412     0.01280     0.00000     0.00000     0.00000     0.00000     0.00000     0.32861
   -11.34404     0.30798     0.01334     0.00415     0.01334     0.00000     0.00000     0.00000     0.00000     0.00000     0.33880
   -11.30904     0.31706     0.01390     0.00417     0.01390     0.00000     0.00000     0.00000     0.00000     0.00000     0.34903
   -11.27304     0.32615     0.01448     0.00420     0.01448     0.00000     0.00000     0.00000     0.00000     0.00000     0.35930
   -11.23804     0.33522     0.01507     0.00422     0.01507     0.00000     0.00000     0.00000     0.00000     0.00000     0.36958
   -11.20304     0.34426     0.01569     0.00424     0.01569     0.00000     0.00000     0.00000     0.00000     0.00000     0.37988
   -11.16704     0.35331     0.01632     0.00426     0.01632     0.00000     0.00000     0.00000     0.00000     0.00000     0.39022
   -11.13204     0.36237     0.01697     0.00429     0.01697     0.00000     0.00000     0.00000     0.00000     0.00000     0.40060
   -11.09604     0.37143     0.01764     0.00431     0.01764     0.00000     0.00000     0.00000     0.00000     0.00000     0.41101
   -11.06104     0.38047     0.01832     0.00433     0.01832     0.00000     0.00000     0.00000     0.00000     0.00000     0.42144
   -11.02504     0.38947     0.01903     0.00434     0.01903     0.00000     0.00000     0.00000     0.00000     0.00000     0.43188
   -10.99004     0.39847     0.01975     0.00436     0.01975     0.00000     0.00000     0.00000     0.00000     0.00000     0.44235
   -10.95404     0.40748     0.02050     0.00438     0.02050     0.00000     0.00000     0.00000     0.00000     0.00000     0.45286
   -10.91904     0.41650     0.02126     0.00440     0.02126     0.00000     0.00000     0.00000     0.00000     0.00000     0.46341
   -10.88404     0.42550     0.02204     0.00441     0.02204     0.00000     0.00000     0.00000     0.00000     0.00000     0.47399
   -10.84804     0.43449     0.02283     0.00443     0.02283     0.00000     0.00000     0.00000     0.00000     0.00000     0.48459
   -10.81304     0.44347     0.02365     0.00444     0.02365     0.00000     0.00000     0.00000     0.00000     0.00000     0.49521
   -10.77704     0.45244     0.02448     0.00445     0.02448     0.00000     0.00000     0.00000     0.00000     0.00000     0.50587
   -10.74204     0.46143     0.02534     0.00447     0.02534     0.00000     0.00000     0.00000     0.00000     0.00000     0.51657
   -10.70604     0.47044     0.02621     0.00448     0.02621     0.00000     0.00000     0.00000     0.00000     0.00000     0.52733
   -10.67104     0.47945     0.02710     0.00449     0.02710     0.00000     0.00000     0.00000     0.00000     0.00000     0.53814
   -10.63604     0.48848     0.02800     0.00450     0.02800     0.00000     0.00000     0.00000     0.00000     0.00000     0.54898
   -10.60004     0.49749     0.02893     0.00452     0.02893     0.00000     0.00000     0.00000     0.00000     0.00000     0.55986
   -10.56504     0.50651     0.02987     0.00453     0.02987     0.00000     0.00000     0.00000     0.00000     0.00000     0.57077
   -10.52904     0.51553     0.03083     0.00454     0.03083     0.00000     0.00000     0.00000     0.00000     0.00000     0.58173
   -10.49404     0.52457     0.03181     0.00455     0.03181     0.00000     0.00000     0.00000     0.00000     0.00000     0.59274
   -10.45804     0.53364     0.03281     0.00456     0.03281     0.00000     0.00000     0.00000     0.00000     0.00000     0.60382
   -10.42304     0.54273     0.03384     0.00457     0.03384     0.00000     0.00000     0.00000     0.00000     0.00000     0.61497
   -10.38704     0.55185     0.03487     0.00457     0.03487     0.00000     0.00000     0.00000     0.00000     0.00000     0.62618
   -10.35204     0.56099     0.03594     0.00458     0.03594     0.00000     0.00000     0.00000     0.00000     0.00000     0.63744
   -10.31704     0.57014     0.03702     0.00459     0.03702     0.00000     0.00000     0.00000     0.00000     0.00000     0.64876
   -10.28104     0.57931     0.03812     0.00460     0.03812     0.00000     0.00000     0.00000     0.00000     0.00000     0.66014
   -10.24604     0.58854     0.03924     0.00461     0.03924     0.00000     0.00000     0.00000     0.00000     0.00000     0.67163
   -10.21004     0.59783     0.04038     0.00461     0.04038     0.00000     0.00000     0.00000     0.00000     0.00000     0.68321
   -10.17504     0.60719     0.04155     0.00462     0.04155     0.00000     0.00000     0.00000     0.00000     0.00000     0.69491
   -10.13904     0.61664     0.04274     0.00463     0.04274     0.00000     0.00000     0.00000     0.00000     0.00000     0.70674
   -10.10404     0.62619     0.04395     0.00463     0.04395     0.00000     0.00000     0.00000     0.00000     0.00000     0.71872
   -10.06804     0.63584     0.04518     0.00464     0.04518     0.00000     0.00000     0.00000     0.00000     0.00000     0.73084
   -10.03304     0.64560     0.04645     0.00464     0.04645     0.00000     0.00000     0.00000     0.00000     0.00000     0.74313
    -9.99804     0.65549     0.04774     0.00465     0.04774     0.00000     0.00000     0.00000     0.00000     0.00000     0.75562
    -9.96204     0.66558     0.04907     0.00466     0.04907     0.00000     0.00000     0.00000     0.00000     0.00000     0.76838
    -9.92704     0.67594     0.05045     0.00466     0.05045     0.00000     0.00000     0.00000     0.00000     0.00000     0.78150
    -9.89104     0.68671     0.05188     0.00467     0.05188     0.00000     0.00000     0.00000     0.00000     0.00000     0.79514
    -9.85604     0.69817     0.05339     0.00467     0.05339     0.00000     0.00000     0.00000     0.00000     0.00000     0.80963
    -9.82004     0.71053     0.05501     0.00468     0.05501     0.00000     0.00000     0.00000     0.00000     0.00000     0.82523
    -9.78504     0.72306     0.05665     0.00468     0.05665     0.00000     0.00000     0.00000     0.00000     0.00000     0.84105
    -9.74904     0.73514     0.05827     0.00468     0.05827     0.00000     0.00000     0.00000     0.00000     0.00000     0.85636
    -9.71404     0.74697     0.05989     0.00469     0.05989     0.00000     0.00000     0.00000     0.00000     0.00000     0.87144
    -9.67904     0.75858     0.06153     0.00469     0.06153     0.00000     0.00000     0.00000     0.00000     0.00000     0.88633
    -9.64304     0.76991     0.06315     0.00470     0.06315     0.00000     0.00000     0.00000     0.00000     0.00000     0.90091
    -9.60804     0.78075     0.06474     0.00470     0.06474     0.00000     0.00000     0.00000     0.00000     0.00000     0.91494
    -9.57204     0.79103     0.06630     0.00470     0.06630     0.00000     0.00000     0.00000     0.00000     0.00000     0.92833
    -9.53704     0.80078     0.06779     0.00471     0.06779     0.00000     0.00000     0.00000     0.00000     0.00000     0.94107
    -9.50104     0.80963     0.06916     0.00471     0.06916     0.00000     0.00000     0.00000     0.00000     0.00000     0.95265
    -9.46604     0.81747     0.07038     0.00471     0.07038     0.00000     0.00000     0.00000     0.00000     0.00000     0.96294
    -9.43004     0.82448     0.07148     0.00471     0.07148     0.00000     0.00000     0.00000     0.00000     0.00000     0.97216
    -9.39504     0.83091     0.07250     0.00471     0.07250     0.00000     0.00000     0.00000     0.00000     0.00000     0.98062
    -9.36004     0.83701     0.07347     0.00472     0.07347     0.00000     0.00000     0.00000     0.00000     0.00000     0.98866
    -9.32404     0.84300     0.07444     0.00472     0.07444     0.00000     0.00000     0.00000     0.00000     0.00000     0.99660
    -9.28904     0.84962     0.07553     0.00472     0.07553     0.00000     0.00000     0.00000     0.00000     0.00000     1.00539
    -9.25304     0.85595     0.07659     0.00472     0.07659     0.00000     0.00000     0.00000     0.00000     0.00000     1.01386
    -9.21804     0.86103     0.07747     0.00472     0.07747     0.00000     0.00000     0.00000     0.00000     0.00000     1.02068
    -9.18204     0.86551     0.07826     0.00472     0.07826     0.00000     0.00000     0.00000     0.00000     0.00000     1.02676
    -9.14704     0.86969     0.07902     0.00472     0.07902     0.00000     0.00000     0.00000     0.00000     0.00000     1.03245
    -9.11104     0.87374     0.07978     0.00472     0.07978     0.00000     0.00000     0.00000     0.00000     0.00000     1.03802
    -9.07604     0.87777     0.08057     0.00472     0.08057     0.00000     0.00000     0.00000     0.00000     0.00000     1.04364
    -9.04104     0.88185     0.08142     0.00472     0.08142     0.00000     0.00000     0.00000     0.00000     0.00000     1.04941
    -9.00504     0.88587     0.08230     0.00473     0.08230     0.00000     0.00000     0.00000     0.00000     0.00000     1.05520
    -8.97004     0.88974     0.08321     0.00473     0.08321     0.00000     0.00000     0.00000     0.00000     0.00000     1.06089
    -8.93404     0.89362     0.08417     0.00473     0.08417     0.00000     0.00000     0.00000     0.00000     0.00000     1.06669
    -8.89904     0.89744     0.08515     0.00474     0.08515     0.00000     0.00000     0.00000     0.00000     0.00000     1.07248
    -8.86304     0.90175     0.08625     0.00474     0.08625     0.00000     0.00000     0.00000     0.00000     0.00000     1.07898
    -8.82804     0.90573     0.08731     0.00474     0.08731     0.00000     0.00000     0.00000     0.00000     0.00000     1.08509
    -8.79204     0.90862     0.08820     0.00475     0.08820     0.00000     0.00000     0.00000     0.00000     0.00000     1.08977
    -8.75704     0.91132     0.08907     0.00476     0.08907     0.00000     0.00000     0.00000     0.00000     0.00000     1.09421
    -8.72204     0.91393     0.08995     0.00476     0.08995     0.00000     0.00000     0.00000     0.00000     0.00000     1.09859
    -8.68604     0.91647     0.09084     0.00477     0.09084     0.00000     0.00000     0.00000     0.00000     0.00000     1.10292
    -8.65104     0.91901     0.09177     0.00478     0.09177     0.00000     0.00000     0.00000     0.00000     0.00000     1.10733
    -8.61504     0.92177     0.09283     0.00479     0.09283     0.00000     0.00000     0.00000     0.00000     0.00000     1.11221
    -8.58004     0.92463     0.09396     0.00480     0.09396     0.00000     0.00000     0.00000     0.00000     0.00000     1.11735
    -8.54404     0.92745     0.09510     0.00481     0.09510     0.00000     0.00000     0.00000     0.00000     0.00000     1.12246
    -8.50904     0.93041     0.09630     0.00482     0.09630     0.00000     0.00000     0.00000     0.00000     0.00000     1.12782
    -8.47304     0.93352     0.09757     0.00484     0.09757     0.00000     0.00000     0.00000     0.00000     0.00000     1.13349
    -8.43804     0.93688     0.09892     0.00485     0.09892     0.00000     0.00000     0.00000     0.00000     0.00000     1.13957
    -8.40304     0.94058     0.10040     0.00487     0.10040     0.00000     0.00000     0.00000     0.00000     0.00000     1.14625
    -8.36704     0.94477     0.10204     0.00488     0.10204     0.00000     0.00000     0.00000     0.00000     0.00000     1.15374
    -8.33204     0.94954     0.10386     0.00490     0.10386     0.00000     0.00000     0.00000     0.00000     0.00000     1.16217
    -8.29604     0.95493     0.10588     0.00492     0.10588     0.00000     0.00000     0.00000     0.00000     0.00000     1.17162
    -8.26104     0.96105     0.10815     0.00495     0.10815     0.00000     0.00000     0.00000     0.00000     0.00000     1.18229
    -8.22504     0.96865     0.11089     0.00497     0.11089     0.00000     0.00000     0.00000     0.00000     0.00000     1.19541
    -8.19004     0.97598     0.11364     0.00500     0.11364     0.00000     0.00000     0.00000     0.00000     0.00000     1.20825
    -8.15404     0.98202     0.11604     0.00503     0.11604     0.00000     0.00000     0.00000     0.00000     0.00000     1.21913
    -8.11904     0.98812     0.11849     0.00506     0.11849     0.00000     0.00000     0.00000     0.00000     0.00000     1.23015
    -8.08404     0.99430     0.12099     0.00509     0.12099     0.00000     0.00000     0.00000     0.00000     0.00000     1.24136
    -8.04804     1.00057     0.12355     0.00512     0.12355     0.00000     0.00000     0.00000     0.00000     0.00000     1.25279
    -8.01304     1.00693     0.12618     0.00515     0.12618     0.00000     0.00000     0.00000     0.00000     0.00000     1.26444
    -7.97704     1.01338     0.12887     0.00518     0.12887     0.00000     0.00000     0.00000     0.00000     0.00000     1.27631
    -7.94204     1.01986     0.13163     0.00522     0.13163     0.00000     0.00000     0.00000     0.00000     0.00000     1.28834
    -7.90604     1.02632     0.13442     0.00525     0.13442     0.00000     0.00000     0.00000     0.00000     0.00000     1.30042
    -7.87104     1.03267     0.13723     0.00529     0.13723     0.00000     0.00000     0.00000     0.00000     0.00000     1.31243
    -7.83604     1.03895     0.14008     0.00532     0.14008     0.00000     0.00000     0.00000     0.00000     0.00000     1.32443
    -7.80004     1.04515     0.14294     0.00536     0.14294     0.00000     0.00000     0.00000     0.00000     0.00000     1.33639
    -7.76504     1.05131     0.14583     0.00540     0.14583     0.00000     0.00000     0.00000     0.00000     0.00000     1.34836
    -7.72904     1.05755     0.14880     0.00543     0.14880     0.00000     0.00000     0.00000     0.00000     0.00000     1.36058
    -7.69404     1.06385     0.15185     0.00547     0.15185     0.00000     0.00000     0.00000     0.00000     0.00000     1.37301
    -7.65804     1.07016     0.15493     0.00551     0.15493     0.00000     0.00000     0.00000     0.00000     0.00000     1.38552
    -7.62304     1.07650     0.15807     0.00562     0.15807     0.00000     0.00000     0.00000     0.00000     0.00000     1.39827
    -7.58704     1.08259     0.16111     0.00583     0.16111     0.00000     0.00000     0.00000     0.00000     0.00000     1.41064
    -7.55204     1.08827     0.16393     0.00609     0.16393     0.00000     0.00000     0.00000     0.00000     0.00000     1.42222
    -7.51704     1.09374     0.16665     0.00641     0.16665     0.00000     0.00000     0.00000     0.00000     0.00000     1.43344
    -7.48104     1.09894     0.16926     0.00678     0.16926     0.00000     0.00000     0.00000     0.00000     0.00000     1.44424
    -7.44604     1.10386     0.17179     0.00719     0.17179     0.00000     0.00000     0.00000     0.00000     0.00000     1.45462
    -7.41004     1.10862     0.17425     0.00764     0.17425     0.00000     0.00000     0.00000     0.00000     0.00000     1.46477
    -7.37504     1.11328     0.17669     0.00814     0.17669     0.00000     0.00000     0.00000     0.00000     0.00000     1.47480
    -7.33904     1.11787     0.17911     0.00867     0.17911     0.00000     0.00000     0.00000     0.00000     0.00000     1.48476
    -7.30404     1.12238     0.18152     0.00923     0.18152     0.00000     0.00000     0.00000     0.00000     0.00000     1.49466
    -7.26804     1.12683     0.18394     0.00983     0.18394     0.00000     0.00000     0.00000     0.00000     0.00000     1.50454
    -7.23304     1.13122     0.18636     0.01046     0.18636     0.00000     0.00000     0.00000     0.00000     0.00000     1.51440
    -7.19804     1.13553     0.18880     0.01111     0.18880     0.00000     0.00000     0.00000     0.00000     0.00000     1.52423
    -7.16204     1.13977     0.19124     0.01179     0.19124     0.00000     0.00000     0.00000     0.00000     0.00000     1.53403
    -7.12704     1.14391     0.19370     0.01250     0.19370     0.00000     0.00000     0.00000     0.00000     0.00000     1.54381
    -7.09104     1.14797     0.19617     0.01324     0.19617     0.00000     0.00000     0.00000     0.00000     0.00000     1.55356
    -7.05604     1.15194     0.19866     0.01402     0.19866     0.00000     0.00000     0.00000     0.00000     0.00000     1.56329
    -7.02004     1.15582     0.20115     0.01483     0.20115     0.00000     0.00000     0.00000     0.00000     0.00000     1.57296
    -6.98504     1.15961     0.20364     0.01568     0.20364     0.00000     0.00000     0.00000     0.00000     0.00000     1.58258
    -6.94904     1.16332     0.20614     0.01656     0.20614     0.00000     0.00000     0.00000     0.00000     0.00000     1.59216
    -6.91404     1.16697     0.20864     0.01748     0.20864     0.00000     0.00000     0.00000     0.00000     0.00000     1.60173
    -6.87904     1.17057     0.21116     0.01842     0.21116     0.00000     0.00000     0.00000     0.00000     0.00000     1.61131
    -6.84304     1.17414     0.21370     0.01938     0.21370     0.00000     0.00000     0.00000     0.00000     0.00000     1.62093
    -6.80804     1.17767     0.21626     0.02038     0.21626     0.00000     0.00000     0.00000     0.00000     0.00000     1.63058
    -6.77204     1.18116     0.21885     0.02141     0.21885     0.00000     0.00000     0.00000     0.00000     0.00000     1.64026
    -6.73704     1.18461     0.22145     0.02247     0.22145     0.00000     0.00000     0.00000     0.00000     0.00000     1.64998
    -6.70104     1.18802     0.22408     0.02356     0.22408     0.00000     0.00000     0.00000     0.00000     0.00000     1.65974
    -6.66604     1.19140     0.22673     0.02469     0.22673     0.00000     0.00000     0.00000     0.00000     0.00000     1.66955
    -6.63004     1.19473     0.22942     0.02585     0.22942     0.00000     0.00000     0.00000     0.00000     0.00000     1.67942
    -6.59504     1.19800     0.23213     0.02705     0.23213     0.00000     0.00000     0.00000     0.00000     0.00000     1.68931
    -6.56004     1.20119     0.23486     0.02829     0.23486     0.00000     0.00000     0.00000     0.00000     0.00000     1.69920
    -6.52404     1.20432     0.23763     0.02956     0.23763     0.00000     0.00000     0.00000     0.00000     0.00000     1.70912
    -6.48904     1.20739     0.24042     0.03086     0.24042     0.00000     0.00000     0.00000     0.00000     0.00000     1.71910
    -6.45304     1.21043     0.24326     0.03220     0.24326     0.00000     0.00000     0.00000     0.00000     0.00000     1.72915
    -6.41804     1.21342     0.24614     0.03358     0.24614     0.00000     0.00000     0.00000     0.00000     0.00000     1.73929
    -6.38204     1.21638     0.24907     0.03501     0.24907     0.00000     0.00000     0.00000     0.00000     0.00000     1.74954
    -6.34704     1.21932     0.25206     0.03648     0.25206     0.00000     0.00000     0.00000     0.00000     0.00000     1.75992
    -6.31104     1.22225     0.25510     0.03799     0.25510     0.00000     0.00000     0.00000     0.00000     0.00000     1.77044
    -6.27604     1.22515     0.25819     0.03956     0.25819     0.00000     0.00000     0.00000     0.00000     0.00000     1.78109
    -6.24104     1.22803     0.26134     0.04117     0.26134     0.00000     0.00000     0.00000     0.00000     0.00000     1.79188
    -6.20504     1.23089     0.26455     0.04283     0.26455     0.00000     0.00000     0.00000     0.00000     0.00000     1.80282
    -6.17004     1.23371     0.26783     0.04455     0.26783     0.00000     0.00000     0.00000     0.00000     0.00000     1.81393
    -6.13404     1.23651     0.27120     0.04634     0.27120     0.00000     0.00000     0.00000     0.00000     0.00000     1.82524
    -6.09904     1.23928     0.27465     0.04820     0.27465     0.00000     0.00000     0.00000     0.00000     0.00000     1.83678
    -6.06304     1.24203     0.27819     0.05016     0.27819     0.00000     0.00000     0.00000     0.00000     0.00000     1.84856
    -6.02804     1.24476     0.28184     0.05224     0.28184     0.00000     0.00000     0.00000     0.00000     0.00000     1.86068
    -5.99204     1.24751     0.28564     0.05448     0.28564     0.00000     0.00000     0.00000     0.00000     0.00000     1.87328
    -5.95704     1.25030     0.28962     0.05694     0.28962     0.00000     0.00000     0.00000     0.00000     0.00000     1.88649
    -5.92204     1.25315     0.29381     0.05965     0.29381     0.00000     0.00000     0.00000     0.00000     0.00000     1.90042
    -5.88604     1.25605     0.29819     0.06256     0.29819     0.00000     0.00000     0.00000     0.00000     0.00000     1.91499
    -5.85104     1.25894     0.30275     0.06551     0.30275     0.00000     0.00000     0.00000     0.00000     0.00000     1.92994
    -5.81504     1.26172     0.30745     0.06845     0.30745     0.00000     0.00000     0.00000     0.00000     0.00000     1.94507
    -5.78004     1.26431     0.31233     0.07127     0.31233     0.00000     0.00000     0.00000     0.00000     0.00000     1.96025
    -5.74404     1.26665     0.31720     0.07369     0.31720     0.00000     0.00000     0.00000     0.00000     0.00000     1.97474
    -5.70904     1.26879     0.32192     0.07564     0.32192     0.00000     0.00000     0.00000     0.00000     0.00000     1.98828
    -5.67304     1.27083     0.32665     0.07736     0.32665     0.00000     0.00000     0.00000     0.00000     0.00000     2.00149
    -5.63804     1.27280     0.33140     0.07898     0.33140     0.00000     0.00000     0.00000     0.00000     0.00000     2.01459
    -5.60304     1.27472     0.33614     0.08052     0.33614     0.00000     0.00000     0.00000     0.00000     0.00000     2.02753
    -5.56704     1.27659     0.34088     0.08198     0.34088     0.00000     0.00000     0.00000     0.00000     0.00000     2.04034
    -5.53204     1.27839     0.34565     0.08336     0.34565     0.00000     0.00000     0.00000     0.00000     0.00000     2.05306
    -5.49604     1.28015     0.35046     0.08471     0.35046     0.00000     0.00000     0.00000     0.00000     0.00000     2.06578
    -5.46104     1.28191     0.35534     0.08614     0.35534     0.00000     0.00000     0.00000     0.00000     0.00000     2.07873
    -5.42504     1.28368     0.36030     0.08765     0.36030     0.00000     0.00000     0.00000     0.00000     0.00000     2.09194
    -5.39004     1.28545     0.36533     0.08922     0.36533     0.00000     0.00000     0.00000     0.00000     0.00000     2.10533
    -5.35404     1.28726     0.37046     0.09092     0.37046     0.00000     0.00000     0.00000     0.00000     0.00000     2.11910
    -5.31904     1.28917     0.37578     0.09291     0.37578     0.00000     0.00000     0.00000     0.00000     0.00000     2.13364
    -5.28404     1.29129     0.38145     0.09543     0.38145     0.00000     0.00000     0.00000     0.00000     0.00000     2.14961
    -5.24804     1.29366     0.38754     0.09840     0.38754     0.00000     0.00000     0.00000     0.00000     0.00000     2.16714
    -5.21304     1.29595     0.39383     0.10147     0.39383     0.00000     0.00000     0.00000     0.00000     0.00000     2.18508
    -5.17704     1.29806     0.40011     0.10453     0.40011     0.00000     0.00000     0.00000     0.00000     0.00000     2.20280
    -5.14204     1.30015     0.40641     0.10757     0.40641     0.00000     0.00000     0.00000     0.00000     0.00000     2.22054
    -5.10604     1.30221     0.41272     0.11055     0.41272     0.00000     0.00000     0.00000     0.00000     0.00000     2.23820
    -5.07104     1.30422     0.41902     0.11348     0.41902     0.00000     0.00000     0.00000     0.00000     0.00000     2.25574
    -5.03504     1.30620     0.42531     0.11637     0.42531     0.00000     0.00000     0.00000     0.00000     0.00000     2.27320
    -5.00004     1.30817     0.43157     0.11927     0.43157     0.00000     0.00000     0.00000     0.00000     0.00000     2.29059
    -4.96504     1.31011     0.43771     0.12210     0.43771     0.00000     0.00000     0.00000     0.00000     0.00000     2.30763
    -4.92904     1.31200     0.44374     0.12487     0.44374     0.00000     0.00000     0.00000     0.00000     0.00000     2.32436
    -4.89404     1.31388     0.44983     0.12761     0.44983     0.00000     0.00000     0.00000     0.00000     0.00000     2.34114
    -4.85804     1.31576     0.45601     0.13033     0.45601     0.00000     0.00000     0.00000     0.00000     0.00000     2.35811
    -4.82304     1.31763     0.46229     0.13304     0.46229     0.00000     0.00000     0.00000     0.00000     0.00000     2.37524
    -4.78704     1.31951     0.46869     0.13581     0.46869     0.00000     0.00000     0.00000     0.00000     0.00000     2.39270
    -4.75204     1.32139     0.47541     0.13869     0.47541     0.00000     0.00000     0.00000     0.00000     0.00000     2.41090
    -4.71704     1.32321     0.48263     0.14161     0.48263     0.00000     0.00000     0.00000     0.00000     0.00000     2.43008
    -4.68104     1.32495     0.49007     0.14456     0.49007     0.00000     0.00000     0.00000     0.00000     0.00000     2.44964
    -4.64604     1.32664     0.49742     0.14758     0.49742     0.00000     0.00000     0.00000     0.00000     0.00000     2.46905
    -4.61004     1.32829     0.50459     0.15068     0.50459     0.00000     0.00000     0.00000     0.00000     0.00000     2.48815
    -4.57504     1.32990     0.51144     0.15383     0.51144     0.00000     0.00000     0.00000     0.00000     0.00000     2.50662
    -4.53904     1.33148     0.51807     0.15706     0.51807     0.00000     0.00000     0.00000     0.00000     0.00000     2.52469
    -4.50404     1.33301     0.52464     0.16041     0.52464     0.00000     0.00000     0.00000     0.00000     0.00000     2.54270
    -4.46804     1.33450     0.53134     0.16396     0.53134     0.00000     0.00000     0.00000     0.00000     0.00000     2.56114
    -4.43304     1.33596     0.53829     0.16772     0.53829     0.00000     0.00000     0.00000     0.00000     0.00000     2.58026
    -4.39804     1.33738     0.54542     0.17158     0.54542     0.00000     0.00000     0.00000     0.00000     0.00000     2.59981
    -4.36204     1.33878     0.55264     0.17552     0.55264     0.00000     0.00000     0.00000     0.00000     0.00000     2.61960
    -4.32704     1.34018     0.55991     0.17957     0.55991     0.00000     0.00000     0.00000     0.00000     0.00000     2.63957
    -4.29104     1.34153     0.56720     0.18373     0.56720     0.00000     0.00000     0.00000     0.00000     0.00000     2.65966
    -4.25604     1.34282     0.57447     0.18795     0.57447     0.00000     0.00000     0.00000     0.00000     0.00000     2.67971
    -4.22004     1.34407     0.58170     0.19227     0.58170     0.00000     0.00000     0.00000     0.00000     0.00000     2.69974
    -4.18504     1.34528     0.58893     0.19676     0.58893     0.00000     0.00000     0.00000     0.00000     0.00000     2.71991
    -4.14904     1.34646     0.59615     0.20141     0.59615     0.00000     0.00000     0.00000     0.00000     0.00000     2.74018
    -4.11404     1.34760     0.60332     0.20621     0.60332     0.00000     0.00000     0.00000     0.00000     0.00000     2.76045
    -4.07904     1.34871     0.61041     0.21116     0.61041     0.00000     0.00000     0.00000     0.00000     0.00000     2.78069
    -4.04304     1.34977     0.61748     0.21629     0.61748     0.00000     0.00000     0.00000     0.00000     0.00000     2.80102
    -4.00804     1.35081     0.62451     0.22164     0.62451     0.00000     0.00000     0.00000     0.00000     0.00000     2.82148
    -3.97204     1.35181     0.63150     0.22722     0.63150     0.00000     0.00000     0.00000     0.00000     0.00000     2.84202
    -3.93704     1.35278     0.63844     0.23308     0.63844     0.00000     0.00000     0.00000     0.00000     0.00000     2.86274
    -3.90104     1.35371     0.64535     0.23922     0.64535     0.00000     0.00000     0.00000     0.00000     0.00000     2.88364
    -3.86604     1.35461     0.65226     0.24552     0.65226     0.00000     0.00000     0.00000     0.00000     0.00000     2.90465
    -3.83004     1.35548     0.65914     0.25225     0.65914     0.00000     0.00000     0.00000     0.00000     0.00000     2.92601
    -3.79504     1.35631     0.66597     0.25921     0.66597     0.00000     0.00000     0.00000     0.00000     0.00000     2.94745
    -3.76004     1.35712     0.67273     0.26611     0.67273     0.00000     0.00000     0.00000     0.00000     0.00000     2.96869
    -3.72404     1.35790     0.67947     0.27322     0.67947     0.00000     0.00000     0.00000     0.00000     0.00000     2.99005
    -3.68904     1.35865     0.68625     0.28052     0.68625     0.00000     0.00000     0.00000     0.00000     0.00000     3.01167
    -3.65304     1.35939     0.69305     0.28806     0.69305     0.00000     0.00000     0.00000     0.00000     0.00000     3.03356
    -3.61804     1.36010     0.69989     0.29587     0.69989     0.00000     0.00000     0.00000     0.00000     0.00000     3.05575
    -3.58204     1.36080     0.70672     0.30410     0.70672     0.00000     0.00000     0.00000     0.00000     0.00000     3.07834
    -3.54704     1.36147     0.71351     0.31276     0.71351     0.00000     0.00000     0.00000     0.00000     0.00000     3.10126
    -3.51104     1.36211     0.72019     0.32179     0.72019     0.00000     0.00000     0.00000     0.00000     0.00000     3.12429
    -3.47604     1.36271     0.72671     0.33125     0.72671     0.00000     0.00000     0.00000     0.00000     0.00000     3.14739
    -3.44104     1.36327     0.73311     0.34130     0.73311     0.00000     0.00000     0.00000     0.00000     0.00000     3.17078
    -3.40504     1.36381     0.73938     0.35204     0.73938     0.00000     0.00000     0.00000     0.00000     0.00000     3.19461
    -3.37004     1.36431     0.74542     0.36357     0.74542     0.00000     0.00000     0.00000     0.00000     0.00000     3.21872
    -3.33404     1.36479     0.75114     0.37662     0.75114     0.00000     0.00000     0.00000     0.00000     0.00000     3.24368
    -3.29904     1.36524     0.75659     0.39206     0.75659     0.00000     0.00000     0.00000     0.00000     0.00000     3.27048
    -3.26304     1.36567     0.76185     0.41312     0.76185     0.00000     0.00000     0.00000     0.00000     0.00000     3.30251
    -3.22804     1.36608     0.76702     0.43698     0.76702     0.00000     0.00000     0.00000     0.00000     0.00000     3.33710
    -3.19204     1.36646     0.77222     0.45951     0.77222     0.00000     0.00000     0.00000     0.00000     0.00000     3.37041
    -3.15704     1.36683     0.77742     0.48065     0.77742     0.00000     0.00000     0.00000     0.00000     0.00000     3.40231
    -3.12204     1.36717     0.78253     0.49962     0.78253     0.00000     0.00000     0.00000     0.00000     0.00000     3.43184
    -3.08604     1.36750     0.78754     0.51790     0.78754     0.00000     0.00000     0.00000     0.00000     0.00000     3.46049
    -3.05104     1.36781     0.79248     0.53530     0.79248     0.00000     0.00000     0.00000     0.00000     0.00000     3.48807
    -3.01504     1.36812     0.79737     0.55065     0.79737     0.00000     0.00000     0.00000     0.00000     0.00000     3.51351
    -2.98004     1.36840     0.80229     0.56385     0.80229     0.00000     0.00000     0.00000     0.00000     0.00000     3.53683
    -2.94404     1.36867     0.80714     0.57537     0.80714     0.00000     0.00000     0.00000     0.00000     0.00000     3.55832
    -2.90904     1.36891     0.81186     0.58547     0.81186     0.00000     0.00000     0.00000     0.00000     0.00000     3.57810
    -2.87304     1.36913     0.81648     0.59453     0.81648     0.00000     0.00000     0.00000     0.00000     0.00000     3.59663
    -2.83804     1.36933     0.82106     0.60277     0.82106     0.00000     0.00000     0.00000     0.00000     0.00000     3.61422
    -2.80304     1.36952     0.82548     0.61031     0.82548     0.00000     0.00000     0.00000     0.00000     0.00000     3.63079
    -2.76704     1.36970     0.82974     0.61730     0.82974     0.00000     0.00000     0.00000     0.00000     0.00000     3.64648
    -2.73204     1.36986     0.83405     0.62386     0.83405     0.00000     0.00000     0.00000     0.00000     0.00000     3.66181
    -2.69604     1.37001     0.83830     0.63008     0.83830     0.00000     0.00000     0.00000     0.00000     0.00000     3.67670
    -2.66104     1.37014     0.84236     0.63602     0.84236     0.00000     0.00000     0.00000     0.00000     0.00000     3.69088
    -2.62504     1.37026     0.84609     0.64167     0.84609     0.00000     0.00000     0.00000     0.00000     0.00000     3.70411
    -2.59004     1.37038     0.84938     0.64699     0.84938     0.00000     0.00000     0.00000     0.00000     0.00000     3.71613
    -2.55404     1.37049     0.85232     0.65202     0.85232     0.00000     0.00000     0.00000     0.00000     0.00000     3.72716
    -2.51904     1.37059     0.85501     0.65681     0.85501     0.00000     0.00000     0.00000     0.00000     0.00000     3.73741
    -2.48404     1.37068     0.85749     0.66138     0.85749     0.00000     0.00000     0.00000     0.00000     0.00000     3.74704
    -2.44804     1.37078     0.85979     0.66572     0.85979     0.00000     0.00000     0.00000     0.00000     0.00000     3.75608
    -2.41304     1.37087     0.86193     0.66984     0.86193     0.00000     0.00000     0.00000     0.00000     0.00000     3.76458
    -2.37704     1.37097     0.86396     0.67377     0.86396     0.00000     0.00000     0.00000     0.00000     0.00000     3.77266
    -2.34204     1.37108     0.86590     0.67757     0.86590     0.00000     0.00000     0.00000     0.00000     0.00000     3.78044
    -2.30604     1.37121     0.86778     0.68124     0.86778     0.00000     0.00000     0.00000     0.00000     0.00000     3.78801
    -2.27104     1.37136     0.86961     0.68480     0.86961     0.00000     0.00000     0.00000     0.00000     0.00000     3.79538
    -2.23504     1.37153     0.87137     0.68826     0.87137     0.00000     0.00000     0.00000     0.00000     0.00000     3.80254
    -2.20004     1.37169     0.87309     0.69164     0.87309     0.00000     0.00000     0.00000     0.00000     0.00000     3.80950
    -2.16504     1.37186     0.87476     0.69491     0.87476     0.00000     0.00000     0.00000     0.00000     0.00000     3.81630
    -2.12904     1.37203     0.87640     0.69810     0.87640     0.00000     0.00000     0.00000     0.00000     0.00000     3.82294
    -2.09404     1.37220     0.87800     0.70121     0.87800     0.00000     0.00000     0.00000     0.00000     0.00000     3.82942
    -2.05804     1.37237     0.87956     0.70425     0.87956     0.00000     0.00000     0.00000     0.00000     0.00000     3.83575
    -2.02304     1.37254     0.88109     0.70723     0.88109     0.00000     0.00000     0.00000     0.00000     0.00000     3.84194
    -1.98704     1.37270     0.88257     0.71017     0.88257     0.00000     0.00000     0.00000     0.00000     0.00000     3.84801
    -1.95204     1.37285     0.88403     0.71306     0.88403     0.00000     0.00000     0.00000     0.00000     0.00000     3.85397
    -1.91704     1.37300     0.88547     0.71592     0.88547     0.00000     0.00000     0.00000     0.00000     0.00000     3.85986
    -1.88104     1.37314     0.88689     0.71876     0.88689     0.00000     0.00000     0.00000     0.00000     0.00000     3.86568
    -1.84604     1.37329     0.88830     0.72157     0.88830     0.00000     0.00000     0.00000     0.00000     0.00000     3.87146
    -1.81004     1.37343     0.88969     0.72435     0.88969     0.00000     0.00000     0.00000     0.00000     0.00000     3.87717
    -1.77504     1.37357     0.89107     0.72711     0.89107     0.00000     0.00000     0.00000     0.00000     0.00000     3.88281
    -1.73904     1.37370     0.89242     0.72984     0.89242     0.00000     0.00000     0.00000     0.00000     0.00000     3.88839
    -1.70404     1.37383     0.89375     0.73256     0.89375     0.00000     0.00000     0.00000     0.00000     0.00000     3.89387
    -1.66804     1.37394     0.89504     0.73525     0.89504     0.00000     0.00000     0.00000     0.00000     0.00000     3.89927
    -1.63304     1.37405     0.89631     0.73790     0.89631     0.00000     0.00000     0.00000     0.00000     0.00000     3.90456
    -1.59804     1.37414     0.89755     0.74052     0.89755     0.00000     0.00000     0.00000     0.00000     0.00000     3.90976
    -1.56204     1.37424     0.89876     0.74309     0.89876     0.00000     0.00000     0.00000     0.00000     0.00000     3.91486
    -1.52704     1.37433     0.89995     0.74562     0.89995     0.00000     0.00000     0.00000     0.00000     0.00000     3.91986
    -1.49104     1.37441     0.90112     0.74811     0.90112     0.00000     0.00000     0.00000     0.00000     0.00000     3.92477
    -1.45604     1.37450     0.90227     0.75055     0.90227     0.00000     0.00000     0.00000     0.00000     0.00000     3.92959
    -1.42004     1.37457     0.90340     0.75294     0.90340     0.00000     0.00000     0.00000     0.00000     0.00000     3.93432
    -1.38504     1.37464     0.90450     0.75528     0.90450     0.00000     0.00000     0.00000     0.00000     0.00000     3.93893
    -1.34904     1.37471     0.90557     0.75757     0.90557     0.00000     0.00000     0.00000     0.00000     0.00000     3.94342
    -1.31404     1.37477     0.90661     0.75979     0.90661     0.00000     0.00000     0.00000     0.00000     0.00000     3.94778
    -1.27904     1.37483     0.90762     0.76196     0.90762     0.00000     0.00000     0.00000     0.00000     0.00000     3.95202
    -1.24304     1.37488     0.90860     0.76408     0.90860     0.00000     0.00000     0.00000     0.00000     0.00000     3.95616
    -1.20804     1.37493     0.90955     0.76614     0.90955     0.00000     0.00000     0.00000     0.00000     0.00000     3.96018
    -1.17204     1.37497     0.91047     0.76815     0.91047     0.00000     0.00000     0.00000     0.00000     0.00000     3.96407
    -1.13704     1.37502     0.91136     0.77010     0.91136     0.00000     0.00000     0.00000     0.00000     0.00000     3.96783
    -1.10104     1.37506     0.91221     0.77200     0.91221     0.00000     0.00000     0.00000     0.00000     0.00000     3.97147
    -1.06604     1.37510     0.91302     0.77384     0.91302     0.00000     0.00000     0.00000     0.00000     0.00000     3.97499
    -1.03004     1.37514     0.91381     0.77563     0.91381     0.00000     0.00000     0.00000     0.00000     0.00000     3.97839
    -0.99504     1.37518     0.91456     0.77737     0.91456     0.00000     0.00000     0.00000     0.00000     0.00000     3.98167
    -0.96004     1.37521     0.91530     0.77904     0.91530     0.00000     0.00000     0.00000     0.00000     0.00000     3.98485
    -0.92404     1.37525     0.91600     0.78065     0.91600     0.00000     0.00000     0.00000     0.00000     0.00000     3.98790
    -0.88904     1.37528     0.91667     0.78221     0.91667     0.00000     0.00000     0.00000     0.00000     0.00000     3.99083
    -0.85304     1.37531     0.91731     0.78371     0.91731     0.00000     0.00000     0.00000     0.00000     0.00000     3.99364
    -0.81804     1.37534     0.91791     0.78516     0.91791     0.00000     0.00000     0.00000     0.00000     0.00000     3.99632
    -0.78204     1.37536     0.91848     0.78653     0.91848     0.00000     0.00000     0.00000     0.00000     0.00000     3.99885
    -0.74704     1.37539     0.91901     0.78784     0.91901     0.00000     0.00000     0.00000     0.00000     0.00000     4.00125
    -0.71104     1.37541     0.91951     0.78908     0.91951     0.00000     0.00000     0.00000     0.00000     0.00000     4.00351
    -0.67604     1.37544     0.91998     0.79024     0.91998     0.00000     0.00000     0.00000     0.00000     0.00000     4.00564
    -0.64104     1.37546     0.92042     0.79133     0.92042     0.00000     0.00000     0.00000     0.00000     0.00000     4.00763
    -0.60504     1.37548     0.92082     0.79232     0.92082     0.00000     0.00000     0.00000     0.00000     0.00000     4.00944
    -0.57004     1.37551     0.92117     0.79321     0.92117     0.00000     0.00000     0.00000     0.00000     0.00000     4.01106
    -0.53404     1.37553     0.92150     0.79401     0.92150     0.00000     0.00000     0.00000     0.00000     0.00000     4.01253
    -0.49904     1.37555     0.92179     0.79473     0.92179     0.00000     0.00000     0.00000     0.00000     0.00000     4.01386
    -0.46304     1.37556     0.92204     0.79536     0.92204     0.00000     0.00000     0.00000     0.00000     0.00000     4.01502
    -0.42804     1.37558     0.92226     0.79593     0.92226     0.00000     0.00000     0.00000     0.00000     0.00000     4.01603
    -0.39204     1.37559     0.92245     0.79642     0.92245     0.00000     0.00000     0.00000     0.00000     0.00000     4.01691
    -0.35704     1.37561     0.92259     0.79685     0.92259     0.00000     0.00000     0.00000     0.00000     0.00000     4.01764
    -0.32204     1.37562     0.92272     0.79722     0.92272     0.00000     0.00000     0.00000     0.00000     0.00000     4.01829
    -0.28604     1.37564     0.92283     0.79755     0.92283     0.00000     0.00000     0.00000     0.00000     0.00000     4.01886
    -0.25104     1.37565     0.92294     0.79784     0.92294     0.00000     0.00000     0.00000     0.00000     0.00000     4.01937
    -0.21504     1.37566     0.92305     0.79811     0.92305     0.00000     0.00000     0.00000     0.00000     0.00000     4.01987
    -0.18004     1.37567     0.92318     0.79836     0.92318     0.00000     0.00000     0.00000     0.00000     0.00000     4.02038
    -0.14404     1.37568     0.92332     0.79860     0.92332     0.00000     0.00000     0.00000     0.00000     0.00000     4.02092
    -0.10904     1.37569     0.92349     0.79884     0.92349     0.00000     0.00000     0.00000     0.00000     0.00000     4.02151
    -0.07304     1.37570     0.92371     0.79911     0.92371     0.00000     0.00000     0.00000     0.00000     0.00000     4.02223
    -0.03804     1.37571     0.92402     0.79945     0.92402     0.00000     0.00000     0.00000     0.00000     0.00000     4.02321
    -0.00304     1.37573     0.92447     0.79988     0.92447     0.00000     0.00000     0.00000     0.00000     0.00000     4.02453
     0.03296     1.37574     0.92498     0.80039     0.92498     0.00000     0.00000     0.00000     0.00000     0.00000     4.02608
     0.06796     1.37575     0.92552     0.80099     0.92552     0.00000     0.00000     0.00000     0.00000     0.00000     4.02779
     0.10396     1.37576     0.92610     0.80166     0.92610     0.00000     0.00000     0.00000     0.00000     0.00000     4.02963
     0.13896     1.37578     0.92668     0.80236     0.92668     0.00000     0.00000     0.00000     0.00000     0.00000     4.03150
     0.17496     1.37579     0.92729     0.80311     0.92729     0.00000     0.00000     0.00000     0.00000     0.00000     4.03347
     0.20996     1.37580     0.92793     0.80389     0.92793     0.00000     0.00000     0.00000     0.00000     0.00000     4.03556
     0.24596     1.37581     0.92864     0.80470     0.92864     0.00000     0.00000     0.00000     0.00000     0.00000     4.03779
     0.28096     1.37583     0.92938     0.80554     0.92938     0.00000     0.00000     0.00000     0.00000     0.00000     4.04012
     0.31596     1.37585     0.93014     0.80639     0.93014     0.00000     0.00000     0.00000     0.00000     0.00000     4.04252
     0.35196     1.37587     0.93091     0.80727     0.93091     0.00000     0.00000     0.00000     0.00000     0.00000     4.04495
     0.38696     1.37589     0.93169     0.80817     0.93169     0.00000     0.00000     0.00000     0.00000     0.00000     4.04744
     0.42296     1.37591     0.93252     0.80909     0.93252     0.00000     0.00000     0.00000     0.00000     0.00000     4.05004
     0.45796     1.37594     0.93337     0.81003     0.93337     0.00000     0.00000     0.00000     0.00000     0.00000     4.05272
     0.49396     1.37596     0.93422     0.81099     0.93422     0.00000     0.00000     0.00000     0.00000     0.00000     4.05540
     0.52896     1.37599     0.93509     0.81196     0.93509     0.00000     0.00000     0.00000     0.00000     0.00000     4.05814
     0.56496     1.37603     0.93597     0.81296     0.93597     0.00000     0.00000     0.00000     0.00000     0.00000     4.06093
     0.59996     1.37606     0.93688     0.81398     0.93688     0.00000     0.00000     0.00000     0.00000     0.00000     4.06379
     0.63496     1.37610     0.93780     0.81501     0.93780     0.00000     0.00000     0.00000     0.00000     0.00000     4.06671
     0.67096     1.37615     0.93874     0.81605     0.93874     0.00000     0.00000     0.00000     0.00000     0.00000     4.06967
     0.70596     1.37619     0.93969     0.81711     0.93969     0.00000     0.00000     0.00000     0.00000     0.00000     4.07268
     0.74196     1.37624     0.94067     0.81818     0.94067     0.00000     0.00000     0.00000     0.00000     0.00000     4.07575
     0.77696     1.37630     0.94165     0.81925     0.94165     0.00000     0.00000     0.00000     0.00000     0.00000     4.07886
     0.81296     1.37636     0.94266     0.82034     0.94266     0.00000     0.00000     0.00000     0.00000     0.00000     4.08201
     0.84796     1.37643     0.94369     0.82145     0.94369     0.00000     0.00000     0.00000     0.00000     0.00000     4.08525
     0.88296     1.37650     0.94474     0.82257     0.94474     0.00000     0.00000     0.00000     0.00000     0.00000     4.08856
     0.91896     1.37658     0.94583     0.82371     0.94583     0.00000     0.00000     0.00000     0.00000     0.00000     4.09195
     0.95396     1.37667     0.94693     0.82487     0.94693     0.00000     0.00000     0.00000     0.00000     0.00000     4.09540
     0.98996     1.37677     0.94804     0.82605     0.94804     0.00000     0.00000     0.00000     0.00000     0.00000     4.09891
     1.02496     1.37688     0.94918     0.82727     0.94918     0.00000     0.00000     0.00000     0.00000     0.00000     4.10249
     1.06096     1.37699     0.95033     0.82851     0.95033     0.00000     0.00000     0.00000     0.00000     0.00000     4.10617
     1.09596     1.37712     0.95154     0.82981     0.95154     0.00000     0.00000     0.00000     0.00000     0.00000     4.11000
     1.13196     1.37726     0.95283     0.83118     0.95283     0.00000     0.00000     0.00000     0.00000     0.00000     4.11410
     1.16696     1.37744     0.95423     0.83266     0.95423     0.00000     0.00000     0.00000     0.00000     0.00000     4.11855
     1.20196     1.37764     0.95573     0.83423     0.95573     0.00000     0.00000     0.00000     0.00000     0.00000     4.12333
     1.23796     1.37788     0.95732     0.83587     0.95732     0.00000     0.00000     0.00000     0.00000     0.00000     4.12839
     1.27296     1.37815     0.95897     0.83754     0.95897     0.00000     0.00000     0.00000     0.00000     0.00000     4.13363
     1.30896     1.37847     0.96067     0.83924     0.96067     0.00000     0.00000     0.00000     0.00000     0.00000     4.13906
     1.34396     1.37883     0.96245     0.84096     0.96245     0.00000     0.00000     0.00000     0.00000     0.00000     4.14468
     1.37996     1.37924     0.96429     0.84270     0.96429     0.00000     0.00000     0.00000     0.00000     0.00000     4.15052
     1.41496     1.37970     0.96619     0.84446     0.96619     0.00000     0.00000     0.00000     0.00000     0.00000     4.15654
     1.45096     1.38020     0.96809     0.84625     0.96809     0.00000     0.00000     0.00000     0.00000     0.00000     4.16263
     1.48596     1.38073     0.97000     0.84808     0.97000     0.00000     0.00000     0.00000     0.00000     0.00000     4.16881
     1.52096     1.38132     0.97193     0.84997     0.97193     0.00000     0.00000     0.00000     0.00000     0.00000     4.17515
     1.55696     1.38197     0.97390     0.85195     0.97390     0.00000     0.00000     0.00000     0.00000     0.00000     4.18171
     1.59196     1.38267     0.97591     0.85406     0.97591     0.00000     0.00000     0.00000     0.00000     0.00000     4.18854
     1.62796     1.38344     0.97796     0.85624     0.97796     0.00000     0.00000     0.00000     0.00000     0.00000     4.19561
     1.66296     1.38430     0.98007     0.85850     0.98007     0.00000     0.00000     0.00000     0.00000     0.00000     4.20295
     1.69896     1.38530     0.98226     0.86088     0.98226     0.00000     0.00000     0.00000     0.00000     0.00000     4.21069
     1.73396     1.38652     0.98451     0.86351     0.98451     0.00000     0.00000     0.00000     0.00000     0.00000     4.21905
     1.76996     1.38794     0.98679     0.86631     0.98679     0.00000     0.00000     0.00000     0.00000     0.00000     4.22784
     1.80496     1.38923     0.98906     0.86882     0.98906     0.00000     0.00000     0.00000     0.00000     0.00000     4.23616
     1.83996     1.39031     0.99131     0.87095     0.99131     0.00000     0.00000     0.00000     0.00000     0.00000     4.24387
     1.87596     1.39132     0.99358     0.87295     0.99358     0.00000     0.00000     0.00000     0.00000     0.00000     4.25143
     1.91096     1.39230     0.99593     0.87487     0.99593     0.00000     0.00000     0.00000     0.00000     0.00000     4.25903
     1.94696     1.39330     0.99844     0.87677     0.99844     0.00000     0.00000     0.00000     0.00000     0.00000     4.26694
     1.98196     1.39433     1.00125     0.87866     1.00125     0.00000     0.00000     0.00000     0.00000     0.00000     4.27550
     2.01796     1.39539     1.00421     0.88055     1.00421     0.00000     0.00000     0.00000     0.00000     0.00000     4.28436
     2.05296     1.39643     1.00703     0.88238     1.00703     0.00000     0.00000     0.00000     0.00000     0.00000     4.29286
     2.08896     1.39745     1.00973     0.88418     1.00973     0.00000     0.00000     0.00000     0.00000     0.00000     4.30108
     2.12396     1.39849     1.01242     0.88594     1.01242     0.00000     0.00000     0.00000     0.00000     0.00000     4.30928
     2.15896     1.39954     1.01513     0.88766     1.01513     0.00000     0.00000     0.00000     0.00000     0.00000     4.31746
     2.19496     1.40062     1.01783     0.88938     1.01783     0.00000     0.00000     0.00000     0.00000     0.00000     4.32564
     2.22996     1.40171     1.02048     0.89106     1.02048     0.00000     0.00000     0.00000     0.00000     0.00000     4.33373
     2.26596     1.40280     1.02303     0.89267     1.02303     0.00000     0.00000     0.00000     0.00000     0.00000     4.34153
     2.30096     1.40388     1.02549     0.89419     1.02549     0.00000     0.00000     0.00000     0.00000     0.00000     4.34904
     2.33696     1.40495     1.02782     0.89560     1.02782     0.00000     0.00000     0.00000     0.00000     0.00000     4.35620
     2.37196     1.40604     1.03006     0.89691     1.03006     0.00000     0.00000     0.00000     0.00000     0.00000     4.36307
     2.40796     1.40711     1.03225     0.89807     1.03225     0.00000     0.00000     0.00000     0.00000     0.00000     4.36968
     2.44296     1.40818     1.03445     0.89900     1.03445     0.00000     0.00000     0.00000     0.00000     0.00000     4.37608
     2.47796     1.40928     1.03676     0.89982     1.03676     0.00000     0.00000     0.00000     0.00000     0.00000     4.38261
     2.51396     1.41040     1.03950     0.90061     1.03950     0.00000     0.00000     0.00000     0.00000     0.00000     4.39002
     2.54896     1.41155     1.04273     0.90137     1.04273     0.00000     0.00000     0.00000     0.00000     0.00000     4.39839
     2.58496     1.41270     1.04609     0.90205     1.04609     0.00000     0.00000     0.00000     0.00000     0.00000     4.40692
     2.61996     1.41387     1.04944     0.90269     1.04944     0.00000     0.00000     0.00000     0.00000     0.00000     4.41545
     2.65596     1.41519     1.05303     0.90359     1.05303     0.00000     0.00000     0.00000     0.00000     0.00000     4.42485
     2.69096     1.41669     1.05692     0.90475     1.05692     0.00000     0.00000     0.00000     0.00000     0.00000     4.43527
     2.72696     1.41833     1.06101     0.90595     1.06101     0.00000     0.00000     0.00000     0.00000     0.00000     4.44629
     2.76196     1.42012     1.06540     0.90723     1.06540     0.00000     0.00000     0.00000     0.00000     0.00000     4.45814
     2.79696     1.42202     1.07007     0.90852     1.07007     0.00000     0.00000     0.00000     0.00000     0.00000     4.47067
     2.83296     1.42396     1.07502     0.90979     1.07502     0.00000     0.00000     0.00000     0.00000     0.00000     4.48381
     2.86796     1.42592     1.08014     0.91103     1.08014     0.00000     0.00000     0.00000     0.00000     0.00000     4.49722
     2.90396     1.42785     1.08523     0.91217     1.08523     0.00000     0.00000     0.00000     0.00000     0.00000     4.51048
     2.93896     1.42977     1.09025     0.91321     1.09025     0.00000     0.00000     0.00000     0.00000     0.00000     4.52347
     2.97496     1.43165     1.09509     0.91415     1.09509     0.00000     0.00000     0.00000     0.00000     0.00000     4.53599
     3.00996     1.43347     1.09952     0.91500     1.09952     0.00000     0.00000     0.00000     0.00000     0.00000     4.54751
     3.04596     1.43524     1.10355     0.91579     1.10355     0.00000     0.00000     0.00000     0.00000     0.00000     4.55813
     3.08096     1.43702     1.10762     0.91658     1.10762     0.00000     0.00000     0.00000     0.00000     0.00000     4.56884
     3.11596     1.43886     1.11177     0.91738     1.11177     0.00000     0.00000     0.00000     0.00000     0.00000     4.57979
     3.15196     1.44077     1.11563     0.91820     1.11563     0.00000     0.00000     0.00000     0.00000     0.00000     4.59023
     3.18696     1.44272     1.11908     0.91905     1.11908     0.00000     0.00000     0.00000     0.00000     0.00000     4.59994
     3.22296     1.44469     1.12228     0.91993     1.12228     0.00000     0.00000     0.00000     0.00000     0.00000     4.60918
     3.25796     1.44667     1.12526     0.92084     1.12526     0.00000     0.00000     0.00000     0.00000     0.00000     4.61803
     3.29396     1.44865     1.12808     0.92178     1.12808     0.00000     0.00000     0.00000     0.00000     0.00000     4.62658
     3.32896     1.45068     1.13077     0.92278     1.13077     0.00000     0.00000     0.00000     0.00000     0.00000     4.63500
     3.36496     1.45280     1.13336     0.92388     1.13336     0.00000     0.00000     0.00000     0.00000     0.00000     4.64340
     3.39996     1.45500     1.13587     0.92516     1.13587     0.00000     0.00000     0.00000     0.00000     0.00000     4.65190
     3.43496     1.45722     1.13828     0.92672     1.13828     0.00000     0.00000     0.00000     0.00000     0.00000     4.66050
     3.47096     1.45942     1.14056     0.92869     1.14056     0.00000     0.00000     0.00000     0.00000     0.00000     4.66923
     3.50596     1.46163     1.14272     0.93116     1.14272     0.00000     0.00000     0.00000     0.00000     0.00000     4.67822
     3.54196     1.46386     1.14479     0.93403     1.14479     0.00000     0.00000     0.00000     0.00000     0.00000     4.68747
     3.57696     1.46614     1.14680     0.93720     1.14680     0.00000     0.00000     0.00000     0.00000     0.00000     4.69695
     3.61296     1.46848     1.14878     0.94055     1.14878     0.00000     0.00000     0.00000     0.00000     0.00000     4.70660
     3.64796     1.47087     1.15073     0.94389     1.15073     0.00000     0.00000     0.00000     0.00000     0.00000     4.71622
     3.68396     1.47326     1.15263     0.94705     1.15263     0.00000     0.00000     0.00000     0.00000     0.00000     4.72557
     3.71896     1.47561     1.15450     0.95005     1.15450     0.00000     0.00000     0.00000     0.00000     0.00000     4.73465
     3.75396     1.47798     1.15633     0.95302     1.15633     0.00000     0.00000     0.00000     0.00000     0.00000     4.74366
     3.78996     1.48034     1.15816     0.95600     1.15816     0.00000     0.00000     0.00000     0.00000     0.00000     4.75266
     3.82496     1.48271     1.15998     0.95898     1.15998     0.00000     0.00000     0.00000     0.00000     0.00000     4.76164
     3.86096     1.48514     1.16179     0.96198     1.16179     0.00000     0.00000     0.00000     0.00000     0.00000     4.77071
     3.89596     1.48758     1.16358     0.96499     1.16358     0.00000     0.00000     0.00000     0.00000     0.00000     4.77973
     3.93196     1.48995     1.16531     0.96802     1.16531     0.00000     0.00000     0.00000     0.00000     0.00000     4.78858
     3.96696     1.49234     1.16701     0.97107     1.16701     0.00000     0.00000     0.00000     0.00000     0.00000     4.79742
     4.00196     1.49453     1.16864     0.97414     1.16864     0.00000     0.00000     0.00000     0.00000     0.00000     4.80596
     4.03796     1.49631     1.17018     0.97724     1.17018     0.00000     0.00000     0.00000     0.00000     0.00000     4.81389
     4.07296     1.49786     1.17167     0.98034     1.17167     0.00000     0.00000     0.00000     0.00000     0.00000     4.82153
     4.10896     1.49935     1.17318     0.98345     1.17318     0.00000     0.00000     0.00000     0.00000     0.00000     4.82915
     4.14396     1.50083     1.17471     0.98655     1.17471     0.00000     0.00000     0.00000     0.00000     0.00000     4.83681
     4.17996     1.50236     1.17623     0.98964     1.17623     0.00000     0.00000     0.00000     0.00000     0.00000     4.84446
     4.21496     1.50390     1.17771     0.99270     1.17771     0.00000     0.00000     0.00000     0.00000     0.00000     4.85203
     4.25096     1.50546     1.17917     0.99575     1.17917     0.00000     0.00000     0.00000     0.00000     0.00000     4.85956
     4.28596     1.50707     1.18061     0.99880     1.18061     0.00000     0.00000     0.00000     0.00000     0.00000     4.86709
     4.32096     1.50919     1.18221     1.00190     1.18221     0.00000     0.00000     0.00000     0.00000     0.00000     4.87550
     4.35696     1.51203     1.18399     1.00507     1.18399     0.00000     0.00000     0.00000     0.00000     0.00000     4.88507
     4.39196     1.51613     1.18608     1.00831     1.18608     0.00000     0.00000     0.00000     0.00000     0.00000     4.89659
     4.42796     1.52153     1.18857     1.01165     1.18857     0.00000     0.00000     0.00000     0.00000     0.00000     4.91033
     4.46296     1.52592     1.19029     1.01503     1.19029     0.00000     0.00000     0.00000     0.00000     0.00000     4.92154
     4.49896     1.52877     1.19103     1.01838     1.19103     0.00000     0.00000     0.00000     0.00000     0.00000     4.92920
     4.53396     1.53124     1.19160     1.02171     1.19160     0.00000     0.00000     0.00000     0.00000     0.00000     4.93616
     4.56996     1.53344     1.19207     1.02503     1.19207     0.00000     0.00000     0.00000     0.00000     0.00000     4.94261
     4.60496     1.53538     1.19244     1.02832     1.19244     0.00000     0.00000     0.00000     0.00000     0.00000     4.94859
     4.63996     1.53710     1.19276     1.03153     1.19276     0.00000     0.00000     0.00000     0.00000     0.00000     4.95414
     4.67596     1.53861     1.19301     1.03461     1.19301     0.00000     0.00000     0.00000     0.00000     0.00000     4.95925
     4.71096     1.53989     1.19321     1.03754     1.19321     0.00000     0.00000     0.00000     0.00000     0.00000     4.96386
     4.74696     1.54095     1.19336     1.04028     1.19336     0.00000     0.00000     0.00000     0.00000     0.00000     4.96796
     4.78196     1.54189     1.19348     1.04285     1.19348     0.00000     0.00000     0.00000     0.00000     0.00000     4.97171
     4.81796     1.54282     1.19360     1.04536     1.19360     0.00000     0.00000     0.00000     0.00000     0.00000     4.97539
     4.85296     1.54376     1.19372     1.04791     1.19372     0.00000     0.00000     0.00000     0.00000     0.00000     4.97912
     4.88896     1.54474     1.19385     1.05053     1.19385     0.00000     0.00000     0.00000     0.00000     0.00000     4.98298
     4.92396     1.54577     1.19400     1.05327     1.19400     0.00000     0.00000     0.00000     0.00000     0.00000     4.98703
     4.95896     1.54685     1.19415     1.05614     1.19415     0.00000     0.00000     0.00000     0.00000     0.00000     4.99130
     4.99496     1.54798     1.19433     1.05914     1.19433     0.00000     0.00000     0.00000     0.00000     0.00000     4.99577
     5.02996     1.54914     1.19451     1.06226     1.19451     0.00000     0.00000     0.00000     0.00000     0.00000     5.00042
     5.06596     1.55034     1.19471     1.06550     1.19471     0.00000     0.00000     0.00000     0.00000     0.00000     5.00526
     5.10096     1.55158     1.19492     1.06887     1.19492     0.00000     0.00000     0.00000     0.00000     0.00000     5.01029
     5.13696     1.55289     1.19514     1.07245     1.19514     0.00000     0.00000     0.00000     0.00000     0.00000     5.01563
     5.17196     1.55432     1.19540     1.07649     1.19540     0.00000     0.00000     0.00000     0.00000     0.00000     5.02161
     5.20796     1.55586     1.19567     1.08095     1.19567     0.00000     0.00000     0.00000     0.00000     0.00000     5.02815
     5.24296     1.55742     1.19596     1.08556     1.19596     0.00000     0.00000     0.00000     0.00000     0.00000     5.03490
     5.27796     1.55902     1.19625     1.09029     1.19625     0.00000     0.00000     0.00000     0.00000     0.00000     5.04182
     5.31396     1.56067     1.19657     1.09511     1.19657     0.00000     0.00000     0.00000     0.00000     0.00000     5.04891
     5.34896     1.56231     1.19689     1.10000     1.19689     0.00000     0.00000     0.00000     0.00000     0.00000     5.05609
     5.38496     1.56395     1.19722     1.10502     1.19722     0.00000     0.00000     0.00000     0.00000     0.00000     5.06341
     5.41996     1.56560     1.19756     1.11014     1.19756     0.00000     0.00000     0.00000     0.00000     0.00000     5.07086
     5.45596     1.56724     1.19791     1.11535     1.19791     0.00000     0.00000     0.00000     0.00000     0.00000     5.07843
     5.49096     1.56888     1.19827     1.12066     1.19827     0.00000     0.00000     0.00000     0.00000     0.00000     5.08609
     5.52696     1.57050     1.19864     1.12610     1.19864     0.00000     0.00000     0.00000     0.00000     0.00000     5.09387
     5.56196     1.57207     1.19900     1.13161     1.19900     0.00000     0.00000     0.00000     0.00000     0.00000     5.10168
     5.59696     1.57360     1.19936     1.13715     1.19936     0.00000     0.00000     0.00000     0.00000     0.00000     5.10947
     5.63296     1.57511     1.19973     1.14278     1.19973     0.00000     0.00000     0.00000     0.00000     0.00000     5.11733
     5.66796     1.57660     1.20010     1.14847     1.20010     0.00000     0.00000     0.00000     0.00000     0.00000     5.12526
     5.70396     1.57808     1.20048     1.15424     1.20048     0.00000     0.00000     0.00000     0.00000     0.00000     5.13328
     5.73896     1.57956     1.20087     1.16013     1.20087     0.00000     0.00000     0.00000     0.00000     0.00000     5.14143
     5.77496     1.58104     1.20128     1.16616     1.20128     0.00000     0.00000     0.00000     0.00000     0.00000     5.14975
     5.80996     1.58253     1.20171     1.17242     1.20171     0.00000     0.00000     0.00000     0.00000     0.00000     5.15838
     5.84596     1.58402     1.20218     1.17893     1.20218     0.00000     0.00000     0.00000     0.00000     0.00000     5.16730
     5.88096     1.58548     1.20267     1.18557     1.20267     0.00000     0.00000     0.00000     0.00000     0.00000     5.17640
     5.91596     1.58693     1.20318     1.19230     1.20318     0.00000     0.00000     0.00000     0.00000     0.00000     5.18559
     5.95196     1.58835     1.20371     1.19916     1.20371     0.00000     0.00000     0.00000     0.00000     0.00000     5.19492
     5.98696     1.58976     1.20425     1.20619     1.20425     0.00000     0.00000     0.00000     0.00000     0.00000     5.20444
     6.02296     1.59116     1.20480     1.21339     1.20480     0.00000     0.00000     0.00000     0.00000     0.00000     5.21415
     6.05796     1.59256     1.20538     1.22082     1.20538     0.00000     0.00000     0.00000     0.00000     0.00000     5.22414
     6.09396     1.59395     1.20598     1.22845     1.20598     0.00000     0.00000     0.00000     0.00000     0.00000     5.23437
     6.12896     1.59533     1.20660     1.23621     1.20660     0.00000     0.00000     0.00000     0.00000     0.00000     5.24474
     6.16496     1.59670     1.20724     1.24413     1.20724     0.00000     0.00000     0.00000     0.00000     0.00000     5.25531
     6.19996     1.59805     1.20790     1.25230     1.20790     0.00000     0.00000     0.00000     0.00000     0.00000     5.26615
     6.23496     1.59938     1.20859     1.26066     1.20859     0.00000     0.00000     0.00000     0.00000     0.00000     5.27722
     6.27096     1.60069     1.20929     1.26919     1.20929     0.00000     0.00000     0.00000     0.00000     0.00000     5.28847
     6.30596     1.60200     1.21001     1.27785     1.21001     0.00000     0.00000     0.00000     0.00000     0.00000     5.29987
     6.34196     1.60330     1.21074     1.28662     1.21074     0.00000     0.00000     0.00000     0.00000     0.00000     5.31141
     6.37696     1.60459     1.21150     1.29557     1.21150     0.00000     0.00000     0.00000     0.00000     0.00000     5.32315
     6.41296     1.60586     1.21227     1.30486     1.21227     0.00000     0.00000     0.00000     0.00000     0.00000     5.33527
     6.44796     1.60713     1.21307     1.31454     1.21307     0.00000     0.00000     0.00000     0.00000     0.00000     5.34780
     6.48396     1.60839     1.21388     1.32474     1.21388     0.00000     0.00000     0.00000     0.00000     0.00000     5.36089
     6.51896     1.60968     1.21471     1.33590     1.21471     0.00000     0.00000     0.00000     0.00000     0.00000     5.37501
     6.55396     1.61101     1.21557     1.34816     1.21557     0.00000     0.00000     0.00000     0.00000     0.00000     5.39032
     6.58996     1.61240     1.21647     1.36106     1.21647     0.00000     0.00000     0.00000     0.00000     0.00000     5.40639
     6.62496     1.61388     1.21739     1.37416     1.21739     0.00000     0.00000     0.00000     0.00000     0.00000     5.42282
     6.66096     1.61549     1.21836     1.38716     1.21836     0.00000     0.00000     0.00000     0.00000     0.00000     5.43936
     6.69596     1.61723     1.21936     1.40004     1.21936     0.00000     0.00000     0.00000     0.00000     0.00000     5.45599
     6.73196     1.61915     1.22043     1.41300     1.22043     0.00000     0.00000     0.00000     0.00000     0.00000     5.47300
     6.76696     1.62126     1.22159     1.42610     1.22159     0.00000     0.00000     0.00000     0.00000     0.00000     5.49055
     6.80196     1.62349     1.22287     1.43949     1.22287     0.00000     0.00000     0.00000     0.00000     0.00000     5.50872
     6.83796     1.62580     1.22423     1.45333     1.22423     0.00000     0.00000     0.00000     0.00000     0.00000     5.52758
     6.87296     1.62818     1.22562     1.46733     1.22562     0.00000     0.00000     0.00000     0.00000     0.00000     5.54676
     6.90896     1.63054     1.22699     1.48100     1.22699     0.00000     0.00000     0.00000     0.00000     0.00000     5.56552
     6.94396     1.63278     1.22828     1.49412     1.22828     0.00000     0.00000     0.00000     0.00000     0.00000     5.58345
     6.97996     1.63490     1.22951     1.50660     1.22951     0.00000     0.00000     0.00000     0.00000     0.00000     5.60051
     7.01496     1.63692     1.23066     1.51856     1.23066     0.00000     0.00000     0.00000     0.00000     0.00000     5.61680
     7.05096     1.63879     1.23175     1.53035     1.23175     0.00000     0.00000     0.00000     0.00000     0.00000     5.63264
     7.08596     1.64048     1.23278     1.54218     1.23278     0.00000     0.00000     0.00000     0.00000     0.00000     5.64821
     7.12096     1.64205     1.23379     1.55463     1.23379     0.00000     0.00000     0.00000     0.00000     0.00000     5.66426
     7.15696     1.64349     1.23478     1.56785     1.23478     0.00000     0.00000     0.00000     0.00000     0.00000     5.68089
     7.19196     1.64466     1.23563     1.58072     1.23563     0.00000     0.00000     0.00000     0.00000     0.00000     5.69664
     7.22796     1.64555     1.23631     1.59290     1.23631     0.00000     0.00000     0.00000     0.00000     0.00000     5.71106
     7.26296     1.64618     1.23681     1.60336     1.23681     0.00000     0.00000     0.00000     0.00000     0.00000     5.72315
     7.29896     1.64660     1.23712     1.61093     1.23712     0.00000     0.00000     0.00000     0.00000     0.00000     5.73177
     7.33396     1.64686     1.23731     1.61517     1.23731     0.00000     0.00000     0.00000     0.00000     0.00000     5.73666
     7.36996     1.64696     1.23738     1.61627     1.23738     0.00000     0.00000     0.00000     0.00000     0.00000     5.73798
     7.40496     1.64696     1.23738     1.61627     1.23738     0.00000     0.00000     0.00000     0.00000     0.00000     5.73798
     7.43996     1.64696     1.23738     1.61627     1.23738     0.00000     0.00000     0.00000     0.00000     0.00000     5.73798
     7.47596     1.64696     1.23738     1.61627     1.23738     0.00000     0.00000     0.00000     0.00000     0.00000     5.73798
     7.51096     1.64696     1.23738     1.61627     1.23738     0.00000     0.00000     0.00000     0.00000     0.00000     5.73798
     7.54696     1.64696     1.23738     1.61627     1.23738     0.00000     0.00000     0.00000     0.00000     0.00000     5.73798
     7.58196     1.64696     1.23738     1.61627     1.23738     0.00000     0.00000     0.00000     0.00000     0.00000     5.73798
     7.61796     1.64696     1.23738     1.61627     1.23738     0.00000     0.00000     0.00000     0.00000     0.00000     5.73798
     7.65296     1.64696     1.23738     1.61627     1.23738     0.00000     0.00000     0.00000     0.00000     0.00000     5.73798
     7.68896     1.64696     1.23738     1.61627     1.23738     0.00000     0.00000     0.00000     0.00000     0.00000     5.73798
     7.72396     1.64696     1.23738     1.61627     1.23738     0.00000     0.00000     0.00000     0.00000     0.00000     5.73798
     7.75896     1.64696     1.23738     1.61627     1.23738     0.00000     0.00000     0.00000     0.00000     0.00000     5.73798
     7.79496     1.64696     1.23738     1.61627     1.23738     0.00000     0.00000     0.00000     0.00000     0.00000     5.73798
     7.82996     1.64696     1.23738     1.61627     1.23738     0.00000     0.00000     0.00000     0.00000     0.00000     5.73798
     7.86596     1.64696     1.23738     1.61627     1.23738     0.00000     0.00000     0.00000     0.00000     0.00000     5.73798
     7.90096     1.64696     1.23738     1.61627     1.23738     0.00000     0.00000     0.00000     0.00000     0.00000     5.73798
     7.93696     1.64696     1.23738     1.61627     1.23738     0.00000     0.00000     0.00000     0.00000     0.00000     5.73798
     7.97196     1.64696     1.23738     1.61627     1.23738     0.00000     0.00000     0.00000     0.00000     0.00000     5.73798
     8.00796     1.64696     1.23738     1.61627     1.23738     0.00000     0.00000     0.00000     0.00000     0.00000     5.73798
     8.04296     1.64696     1.23738     1.61627     1.23738     0.00000     0.00000     0.00000     0.00000     0.00000     5.73798
     8.07796     1.64696     1.23738     1.61627     1.23738     0.00000     0.00000     0.00000     0.00000     0.00000     5.73798
     8.11396     1.64696     1.23738     1.61627     1.23738     0.00000     0.00000     0.00000     0.00000     0.00000     5.73798
     8.14896     1.64696     1.23738     1.61627     1.23738     0.00000     0.00000     0.00000     0.00000     0.00000     5.73798
     8.18496     1.64696     1.23738     1.61627     1.23738     0.00000     0.00000     0.00000     0.00000     0.00000     5.73798
     8.21996     1.64696     1.23738     1.61627     1.23738     0.00000     0.00000     0.00000     0.00000     0.00000     5.73798
     8.25596     1.64696     1.23738     1.61627     1.23738     0.00000     0.00000     0.00000     0.00000     0.00000     5.73798
     8.29096     1.64696     1.23738     1.61627     1.23738     0.00000     0.00000     0.00000     0.00000     0.00000     5.73798
     8.32696     1.64696     1.23738     1.61627     1.23738     0.00000     0.00000     0.00000     0.00000     0.00000     5.73798
     8.36196     1.64696     1.23738     1.61627     1.23738     0.00000     0.00000     0.00000     0.00000     0.00000     5.73798
     8.39696     1.64696     1.23738     1.61627     1.23738     0.00000     0.00000     0.00000     0.00000     0.00000     5.73798
     8.43296     1.64696     1.23738     1.61627     1.23738     0.00000     0.00000     0.00000     0.00000     0.00000     5.73798
     8.46796     1.64696     1.23738     1.61627     1.23738     0.00000     0.00000     0.00000     0.00000     0.00000     5.73798
     8.50396     1.64696     1.23738     1.61627     1.23738     0.00000     0.00000     0.00000     0.00000     0.00000     5.73798
     8.53896     1.64696     1.23738     1.61627     1.23738     0.00000     0.00000     0.00000     0.00000     0.00000     5.73798
     8.57496     1.64696     1.23738     1.61627     1.23738     0.00000     0.00000     0.00000     0.00000     0.00000     5.73798
     8.60996     1.64696     1.23738     1.61627     1.23738     0.00000     0.00000     0.00000     0.00000     0.00000     5.73798
     8.64596     1.64696     1.23738     1.61627     1.23738     0.00000     0.00000     0.00000     0.00000     0.00000     5.73798
     8.68096     1.64696     1.23738     1.61627     1.23738     0.00000     0.00000     0.00000     0.00000     0.00000     5.73798
     8.71596     1.64696     1.23738     1.61627     1.23738     0.00000     0.00000     0.00000     0.00000     0.00000     5.73798
     8.75196     1.64696     1.23738     1.61627     1.23738     0.00000     0.00000     0.00000     0.00000     0.00000     5.73798
     8.78696     1.64696     1.23738     1.61627     1.23738     0.00000     0.00000     0.00000     0.00000     0.00000     5.73798
     8.82296     1.64696     1.23738     1.61627     1.23738     0.00000     0.00000     0.00000     0.00000     0.00000     5.73798
     8.85796     1.64696     1.23738     1.61627     1.23738     0.00000     0.00000     0.00000     0.00000     0.00000     5.73798
     8.89396     1.64696     1.23738     1.61627     1.23738     0.00000     0.00000     0.00000     0.00000     0.00000     5.73798
     8.92896     1.64696     1.23738     1.61627     1.23738     0.00000     0.00000     0.00000     0.00000     0.00000     5.73798
     8.96496     1.64696     1.23738     1.61627     1.23738     0.00000     0.00000     0.00000     0.00000     0.00000     5.73798
     8.99996     1.64696     1.23738     1.61627     1.23738     0.00000     0.00000     0.00000     0.00000     0.00000     5.73798
     9.03496     1.64696     1.23738     1.61627     1.23738     0.00000     0.00000     0.00000     0.00000     0.00000     5.73798
     9.07096     1.64696     1.23738     1.61627     1.23738     0.00000     0.00000     0.00000     0.00000     0.00000     5.73798
     9.10596     1.64696     1.23738     1.61627     1.23738     0.00000     0.00000     0.00000     0.00000     0.00000     5.73798
     9.14196     1.64696     1.23738     1.61627     1.23738     0.00000     0.00000     0.00000     0.00000     0.00000     5.73798
     9.17696     1.64696     1.23738     1.61627     1.23738     0.00000     0.00000     0.00000     0.00000     0.00000     5.73798
     9.21296     1.64696     1.23738     1.61627     1.23738     0.00000     0.00000     0.00000     0.00000     0.00000     5.73798
     9.24796     1.64696     1.23738     1.61627     1.23738     0.00000     0.00000     0.00000     0.00000     0.00000     5.73798
     9.28396     1.64696     1.23738     1.61627     1.23738     0.00000     0.00000     0.00000     0.00000     0.00000     5.73798
     9.31896     1.64696     1.23738     1.61627     1.23738     0.00000     0.00000     0.00000     0.00000     0.00000     5.73798
     9.35396     1.64696     1.23738     1.61627     1.23738     0.00000     0.00000     0.00000     0.00000     0.00000     5.73798
     9.38996     1.64696     1.23738     1.61627     1.23738     0.00000     0.00000     0.00000     0.00000     0.00000     5.73798
     9.42496     1.64696     1.23738     1.61627     1.23738     0.00000     0.00000     0.00000     0.00000     0.00000     5.73798
     9.46096     1.64696     1.23738     1.61627     1.23738     0.00000     0.00000     0.00000     0.00000     0.00000     5.73798
     9.49596     1.64696     1.23738     1.61627     1.23738     0.00000     0.00000     0.00000     0.00000     0.00000     5.73798
     9.53196     1.64696     1.23738     1.61627     1.23738     0.00000     0.00000     0.00000     0.00000     0.00000     5.73798
     9.56696     1.64696     1.23738     1.61627     1.23738     0.00000     0.00000     0.00000     0.00000     0.00000     5.73798
     9.60296     1.64696     1.23738     1.61627     1.23738     0.00000     0.00000     0.00000     0.00000     0.00000     5.73798
     9.63796     1.64696     1.23738     1.61627     1.23738     0.00000     0.00000     0.00000     0.00000     0.00000     5.73798
     9.67296     1.64696     1.23738     1.61627     1.23738     0.00000     0.00000     0.00000     0.00000     0.00000     5.73798
     9.70896     1.64696     1.23738     1.61627     1.23738     0.00000     0.00000     0.00000     0.00000     0.00000     5.73798
     9.74396     1.64696     1.23738     1.61627     1.23738     0.00000     0.00000     0.00000     0.00000     0.00000     5.73798
     9.77996     1.64696     1.23738     1.61627     1.23738     0.00000     0.00000     0.00000     0.00000     0.00000     5.73798
     9.81496     1.64696     1.23738     1.61627     1.23738     0.00000     0.00000     0.00000     0.00000     0.00000     5.73798
     9.85096     1.64696     1.23738     1.61627     1.23738     0.00000     0.00000     0.00000     0.00000     0.00000     5.73798
     9.88596     1.64696     1.23738     1.61627     1.23738     0.00000     0.00000     0.00000     0.00000     0.00000     5.73798
     9.92096     1.64696     1.23738     1.61627     1.23738     0.00000     0.00000     0.00000     0.00000     0.00000     5.73798
     9.95696     1.64696     1.23738     1.61627     1.23738     0.00000     0.00000     0.00000     0.00000     0.00000     5.73798
     9.99196     1.64696     1.23738     1.61627     1.23738     0.00000     0.00000     0.00000     0.00000     0.00000     5.73798
    10.02796     1.64696     1.23738     1.61627     1.23738     0.00000     0.00000     0.00000     0.00000     0.00000     5.73798
    10.06296     1.64696     1.23738     1.61627     1.23738     0.00000     0.00000     0.00000     0.00000     0.00000     5.73798
    10.09896     1.64696     1.23738     1.61627     1.23738     0.00000     0.00000     0.00000     0.00000     0.00000     5.73798
    10.13396     1.64696     1.23738     1.61627     1.23738     0.00000     0.00000     0.00000     0.00000     0.00000     5.73798
    10.16996     1.64696     1.23738     1.61627     1.23738     0.00000     0.00000     0.00000     0.00000     0.00000     5.73798
    10.20496     1.64696     1.23738     1.61627     1.23738     0.00000     0.00000     0.00000     0.00000     0.00000     5.73798
    10.23996     1.64696     1.23738     1.61627     1.23738     0.00000     0.00000     0.00000     0.00000     0.00000     5.73798
    10.27596     1.64696     1.23738     1.61627     1.23738     0.00000     0.00000     0.00000     0.00000     0.00000     5.73798
    10.31096     1.64696     1.23738     1.61627     1.23738     0.00000     0.00000     0.00000     0.00000     0.00000     5.73798
    10.34696     1.64696     1.23738     1.61627     1.23738     0.00000     0.00000     0.00000     0.00000     0.00000     5.73798
    10.38196     1.64696     1.23738     1.61627     1.23738     0.00000     0.00000     0.00000     0.00000     0.00000     5.73798
    10.41796     1.64696     1.23738     1.61627     1.23738     0.00000     0.00000     0.00000     0.00000     0.00000     5.73798
    10.45296     1.64696     1.23738     1.61627     1.23738     0.00000     0.00000     0.00000     0.00000     0.00000     5.73798
    10.48896     1.64696     1.23738     1.61627     1.23738     0.00000     0.00000     0.00000     0.00000     0.00000     5.73798
    10.52396     1.64696     1.23738     1.61627     1.23738     0.00000     0.00000     0.00000     0.00000     0.00000     5.73798
    10.55896     1.64696     1.23738     1.61627     1.23738     0.00000     0.00000     0.00000     0.00000     0.00000     5.73798
    10.59496     1.64696     1.23738     1.61627     1.23738     0.00000     0.00000     0.00000     0.00000     0.00000     5.73798
