     #Energy           s          py          pz          px         dxy         dyz         dz2         dxz      dx2-y2       tot  
   -60.25604     0.00000     0.00000     0.00000     0.00000     0.00000     0.00000     0.00000     0.00000     0.00000     0.00000
   -60.22004     0.00000     0.00000     0.00000     0.00000     0.00000     0.00000     0.00000     0.00000     0.00000     0.00000
   -60.18504     0.00000     0.00000     0.00000     0.00000     0.00000     0.00000     0.00000     0.00000     0.00000     0.00000
   -60.15004     0.00000     0.00000     0.00000     0.00000     0.00000     0.00000     0.00000     0.00000     0.00000     0.00000
   -60.11404     0.00000     0.00000     0.00000     0.00000     0.00000     0.00000     0.00000     0.00000     0.00000     0.00000
   -60.07904     0.00000     0.00000     0.00000     0.00000     0.00000     0.00000     0.00000     0.00000     0.00000     0.00000
   -60.04304     0.00000     0.00000     0.00000     0.00000     0.00000     0.00000     0.00000     0.00000     0.00000     0.00000
   -60.00804     0.00000     0.00000     0.00000     0.00000     0.00000     0.00000     0.00000     0.00000     0.00000     0.00000
   -59.97204     0.00000     0.00000     0.00000     0.00000     0.00000     0.00000     0.00000     0.00000     0.00000     0.00000
   -59.93704     0.00000     0.00000     0.00000     0.00000     0.00000     0.00000     0.00000     0.00000     0.00000     0.00000
   -59.90104     0.00000     0.00000     0.00000     0.00000     0.00000     0.00000     0.00000     0.00000     0.00000     0.00000
   -59.86604     0.00000     0.00000     0.00000     0.00000     0.00000     0.00000     0.00000     0.00000     0.00000     0.00000
   -59.83104     0.00000     0.00000     0.00000     0.00000     0.00000     0.00000     0.00000     0.00000     0.00000     0.00000
   -59.79504     0.00000     0.00000     0.00000     0.00000     0.00000     0.00000     0.00000     0.00000     0.00000     0.00000
   -59.76004     0.00000     0.00000     0.00000     0.00000     0.00000     0.00000     0.00000     0.00000     0.00000     0.00000
   -59.72404     0.00000     0.00000     0.00000     0.00000     0.00000     0.00000     0.00000     0.00000     0.00000     0.00000
   -59.68904     0.00000     0.00000     0.00000     0.00000     0.00000     0.00000     0.00000     0.00000     0.00000     0.00000
   -59.65304     0.00000     0.00000     0.00000     0.00000     0.00000     0.00000     0.00000     0.00000     0.00000     0.00000
   -59.61804     0.00000     0.00000     0.00000     0.00000     0.00000     0.00000     0.00000     0.00000     0.00000     0.00000
   -59.58204     0.00000     0.00000     0.00000     0.00000     0.00000     0.00000     0.00000     0.00000     0.00000     0.00000
   -59.54704     0.00000     0.00000     0.00000     0.00000     0.00000     0.00000     0.00000     0.00000     0.00000     0.00000
   -59.51204     0.00000     0.00000     0.00000     0.00000     0.00000     0.00000     0.00000     0.00000     0.00000     0.00000
   -59.47604     0.00000     0.00000     0.00000     0.00000     0.00000     0.00000     0.00000     0.00000     0.00000     0.00000
   -59.44104     0.00000     0.00000     0.00000     0.00000     0.00000     0.00000     0.00000     0.00000     0.00000     0.00000
   -59.40504     0.00000     0.00000     0.00000     0.00000     0.00000     0.00000     0.00000     0.00000     0.00000     0.00000
   -59.37004     0.00000     0.00000     0.00000     0.00000     0.00000     0.00000     0.00000     0.00000     0.00000     0.00000
   -59.33404     0.00000     0.00000     0.00000     0.00000     0.00000     0.00000     0.00000     0.00000     0.00000     0.00000
   -59.29904     0.00000     0.00000     0.00000     0.00000     0.00000     0.00000     0.00000     0.00000     0.00000     0.00000
   -59.26304     0.00000     0.00000     0.00000     0.00000     0.00000     0.00000     0.00000     0.00000     0.00000     0.00000
   -59.22804     0.00000     0.00000     0.00000     0.00000     0.00000     0.00000     0.00000     0.00000     0.00000     0.00000
   -59.19304     0.00000     0.00000     0.00000     0.00000     0.00000     0.00000     0.00000     0.00000     0.00000     0.00000
   -59.15704     0.00000     0.00000     0.00000     0.00000     0.00000     0.00000     0.00000     0.00000     0.00000     0.00000
   -59.12204     0.00000     0.00000     0.00000     0.00000     0.00000     0.00000     0.00000     0.00000     0.00000     0.00000
   -59.08604     0.00000     0.00000     0.00000     0.00000     0.00000     0.00000     0.00000     0.00000     0.00000     0.00000
   -59.05104     0.00000     0.00000     0.00000     0.00000     0.00000     0.00000     0.00000     0.00000     0.00000     0.00000
   -59.01504     0.00000     0.00000     0.00000     0.00000     0.00000     0.00000     0.00000     0.00000     0.00000     0.00000
   -58.98004     0.00000     0.00000     0.00000     0.00000     0.00000     0.00000     0.00000     0.00000     0.00000     0.00000
   -58.94404     0.00000     0.00000     0.00000     0.00000     0.00000     0.00000     0.00000     0.00000     0.00000     0.00000
   -58.90904     0.00000     0.00000     0.00000     0.00000     0.00000     0.00000     0.00000     0.00000     0.00000     0.00000
   -58.87404     0.00000     0.00000     0.00000     0.00000     0.00000     0.00000     0.00000     0.00000     0.00000     0.00000
   -58.83804     0.00000     0.00000     0.00000     0.00000     0.00000     0.00000     0.00000     0.00000     0.00000     0.00000
   -58.80304     0.00000     0.00000     0.00000     0.00000     0.00000     0.00000     0.00000     0.00000     0.00000     0.00000
   -58.76704     0.00000     0.00000     0.00000     0.00000     0.00000     0.00000     0.00000     0.00000     0.00000     0.00000
   -58.73204     0.00000     0.00000     0.00000     0.00000     0.00000     0.00000     0.00000     0.00000     0.00000     0.00000
   -58.69604     0.00000     0.00000     0.00000     0.00000     0.00000     0.00000     0.00000     0.00000     0.00000     0.00000
   -58.66104     0.00000     0.00000     0.00000     0.00000     0.00000     0.00000     0.00000     0.00000     0.00000     0.00000
   -58.62504     0.00000     0.00000     0.00000     0.00000     0.00000     0.00000     0.00000     0.00000     0.00000     0.00000
   -58.59004     0.00000     0.00000     0.00000     0.00000     0.00000     0.00000     0.00000     0.00000     0.00000     0.00000
   -58.55504     0.00000     0.00000     0.00000     0.00000     0.00000     0.00000     0.00000     0.00000     0.00000     0.00000
   -58.51904     0.00000     0.00000     0.00000     0.00000     0.00000     0.00000     0.00000     0.00000     0.00000     0.00000
   -58.48404     0.00000     0.00000     0.00000     0.00000     0.00000     0.00000     0.00000     0.00000     0.00000     0.00000
   -58.44804     0.00000     0.00000     0.00000     0.00000     0.00000     0.00000     0.00000     0.00000     0.00000     0.00000
   -58.41304     0.00000     0.00000     0.00000     0.00000     0.00000     0.00000     0.00000     0.00000     0.00000     0.00000
   -58.37704     0.00000     0.00000     0.00000     0.00000     0.00000     0.00000     0.00000     0.00000     0.00000     0.00000
   -58.34204     0.00000     0.00000     0.00000     0.00000     0.00000     0.00000     0.00000     0.00000     0.00000     0.00000
   -58.30604     0.00000     0.00000     0.00000     0.00000     0.00000     0.00000     0.00000     0.00000     0.00000     0.00000
   -58.27104     0.00000     0.00000     0.00000     0.00000     0.00000     0.00000     0.00000     0.00000     0.00000     0.00000
   -58.23604     0.00000     0.00000     0.00000     0.00000     0.00000     0.00000     0.00000     0.00000     0.00000     0.00000
   -58.20004     0.00000     0.00000     0.00000     0.00000     0.00000     0.00000     0.00000     0.00000     0.00000     0.00000
   -58.16504     0.00000     0.00000     0.00000     0.00000     0.00000     0.00000     0.00000     0.00000     0.00000     0.00000
   -58.12904     0.00000     0.00000     0.00000     0.00000     0.00000     0.00000     0.00000     0.00000     0.00000     0.00000
   -58.09404     0.00000     0.00000     0.00000     0.00000     0.00000     0.00000     0.00000     0.00000     0.00000     0.00000
   -58.05804     0.00000     0.00000     0.00000     0.00000     0.00000     0.00000     0.00000     0.00000     0.00000     0.00000
   -58.02304     0.00000     0.00000     0.00000     0.00000     0.00000     0.00000     0.00000     0.00000     0.00000     0.00000
   -57.98804     0.00000     0.00000     0.00000     0.00000     0.00000     0.00000     0.00000     0.00000     0.00000     0.00000
   -57.95204     0.00000     0.00000     0.00000     0.00000     0.00000     0.00000     0.00000     0.00000     0.00000     0.00000
   -57.91704     0.00000     0.00000     0.00000     0.00000     0.00000     0.00000     0.00000     0.00000     0.00000     0.00000
   -57.88104     0.00000     0.00000     0.00000     0.00000     0.00000     0.00000     0.00000     0.00000     0.00000     0.00000
   -57.84604     0.00000     0.00000     0.00000     0.00000     0.00000     0.00000     0.00000     0.00000     0.00000     0.00000
   -57.81004     0.00000     0.00000     0.00000     0.00000     0.00000     0.00000     0.00000     0.00000     0.00000     0.00000
   -57.77504     0.00000     0.00000     0.00000     0.00000     0.00000     0.00000     0.00000     0.00000     0.00000     0.00000
   -57.73904     0.00000     0.00000     0.00000     0.00000     0.00000     0.00000     0.00000     0.00000     0.00000     0.00000
   -57.70404     0.00000     0.00000     0.00000     0.00000     0.00000     0.00000     0.00000     0.00000     0.00000     0.00000
   -57.66904     0.00000     0.00000     0.00000     0.00000     0.00000     0.00000     0.00000     0.00000     0.00000     0.00000
   -57.63304     0.00000     0.00000     0.00000     0.00000     0.00000     0.00000     0.00000     0.00000     0.00000     0.00000
   -57.59804     0.00000     0.00000     0.00000     0.00000     0.00000     0.00000     0.00000     0.00000     0.00000     0.00000
   -57.56204     0.00000     0.00000     0.00000     0.00000     0.00000     0.00000     0.00000     0.00000     0.00000     0.00000
   -57.52704     0.00000     0.00000     0.00000     0.00000     0.00000     0.00000     0.00000     0.00000     0.00000     0.00000
   -57.49104     0.00000     0.00000     0.00000     0.00000     0.00000     0.00000     0.00000     0.00000     0.00000     0.00000
   -57.45604     0.00000     0.00000     0.00000     0.00000     0.00000     0.00000     0.00000     0.00000     0.00000     0.00000
   -57.42004     0.00000     0.00000     0.00000     0.00000     0.00000     0.00000     0.00000     0.00000     0.00000     0.00000
   -57.38504     0.00000     0.00000     0.00000     0.00000     0.00000     0.00000     0.00000     0.00000     0.00000     0.00000
   -57.35004     0.00000     0.00000     0.00000     0.00000     0.00000     0.00000     0.00000     0.00000     0.00000     0.00000
   -57.31404     0.00000     0.00000     0.00000     0.00000     0.00000     0.00000     0.00000     0.00000     0.00000     0.00000
   -57.27904     0.00000     0.00000     0.00000     0.00000     0.00000     0.00000     0.00000     0.00000     0.00000     0.00000
   -57.24304     0.00000     0.00000     0.00000     0.00000     0.00000     0.00000     0.00000     0.00000     0.00000     0.00000
   -57.20804     0.00000     0.00000     0.00000     0.00000     0.00000     0.00000     0.00000     0.00000     0.00000     0.00000
   -57.17204     0.00000     0.00000     0.00000     0.00000     0.00000     0.00000     0.00000     0.00000     0.00000     0.00000
   -57.13704     0.00000     0.00000     0.00000     0.00000     0.00000     0.00000     0.00000     0.00000     0.00000     0.00000
   -57.10104     0.00000     0.00000     0.00000     0.00000     0.00000     0.00000     0.00000     0.00000     0.00000     0.00000
   -57.06604     0.00000     0.00000     0.00000     0.00000     0.00000     0.00000     0.00000     0.00000     0.00000     0.00000
   -57.03104     0.00156     0.00002     0.00015     0.00002     0.00000     0.00000     0.00000     0.00000     0.00000     0.00175
   -56.99504     0.00350     0.00085     0.00256     0.00085     0.00000     0.00000     0.00000     0.00000     0.00000     0.00777
   -56.96004     0.00083     0.00112     0.00086     0.00112     0.00000     0.00000     0.00000     0.00000     0.00000     0.00392
   -56.92404     0.00000     0.00000     0.00000     0.00000     0.00000     0.00000     0.00000     0.00000     0.00000     0.00000
   -56.88904     0.00000     0.00000     0.00000     0.00000     0.00000     0.00000     0.00000     0.00000     0.00000     0.00000
   -56.85304     0.00000     0.00000     0.00000     0.00000     0.00000     0.00000     0.00000     0.00000     0.00000     0.00000
   -56.81804     0.00000     0.00000     0.00000     0.00000     0.00000     0.00000     0.00000     0.00000     0.00000     0.00000
   -56.78204     0.00000     0.00000     0.00000     0.00000     0.00000     0.00000     0.00000     0.00000     0.00000     0.00000
   -56.74704     0.00000     0.00000     0.00000     0.00000     0.00000     0.00000     0.00000     0.00000     0.00000     0.00000
   -56.71204     0.00000     0.00000     0.00000     0.00000     0.00000     0.00000     0.00000     0.00000     0.00000     0.00000
   -56.67604     0.00000     0.00000     0.00000     0.00000     0.00000     0.00000     0.00000     0.00000     0.00000     0.00000
   -56.64104     0.00000     0.00000     0.00000     0.00000     0.00000     0.00000     0.00000     0.00000     0.00000     0.00000
   -56.60504     0.00000     0.00000     0.00000     0.00000     0.00000     0.00000     0.00000     0.00000     0.00000     0.00000
   -56.57004     0.00000     0.00000     0.00000     0.00000     0.00000     0.00000     0.00000     0.00000     0.00000     0.00000
   -56.53404     0.00000     0.00000     0.00000     0.00000     0.00000     0.00000     0.00000     0.00000     0.00000     0.00000
   -56.49904     0.00000     0.00000     0.00000     0.00000     0.00000     0.00000     0.00000     0.00000     0.00000     0.00000
   -56.46304     0.00000     0.00000     0.00000     0.00000     0.00000     0.00000     0.00000     0.00000     0.00000     0.00000
   -56.42804     0.00000     0.00000     0.00000     0.00000     0.00000     0.00000     0.00000     0.00000     0.00000     0.00000
   -56.39304     0.00000     0.00000     0.00000     0.00000     0.00000     0.00000     0.00000     0.00000     0.00000     0.00000
   -56.35704     0.00000     0.00000     0.00000     0.00000     0.00000     0.00000     0.00000     0.00000     0.00000     0.00000
   -56.32204     0.00000     0.00000     0.00000     0.00000     0.00000     0.00000     0.00000     0.00000     0.00000     0.00000
   -56.28604     0.00000     0.00000     0.00000     0.00000     0.00000     0.00000     0.00000     0.00000     0.00000     0.00000
   -56.25104     0.00000     0.00000     0.00000     0.00000     0.00000     0.00000     0.00000     0.00000     0.00000     0.00000
   -56.21504     0.00000     0.00000     0.00000     0.00000     0.00000     0.00000     0.00000     0.00000     0.00000     0.00000
   -56.18004     0.00000     0.00000     0.00000     0.00000     0.00000     0.00000     0.00000     0.00000     0.00000     0.00000
   -56.14404     0.00000     0.00000     0.00000     0.00000     0.00000     0.00000     0.00000     0.00000     0.00000     0.00000
   -56.10904     0.00000     0.00000     0.00000     0.00000     0.00000     0.00000     0.00000     0.00000     0.00000     0.00000
   -56.07404     0.00000     0.00000     0.00000     0.00000     0.00000     0.00000     0.00000     0.00000     0.00000     0.00000
   -56.03804     0.00000     0.00000     0.00000     0.00000     0.00000     0.00000     0.00000     0.00000     0.00000     0.00000
   -56.00304     0.00000     0.00000     0.00000     0.00000     0.00000     0.00000     0.00000     0.00000     0.00000     0.00000
   -55.96704     0.00000     0.00000     0.00000     0.00000     0.00000     0.00000     0.00000     0.00000     0.00000     0.00000
   -55.93204     0.00000     0.00000     0.00000     0.00000     0.00000     0.00000     0.00000     0.00000     0.00000     0.00000
   -55.89604     0.00000     0.00000     0.00000     0.00000     0.00000     0.00000     0.00000     0.00000     0.00000     0.00000
   -55.86104     0.00000     0.00000     0.00000     0.00000     0.00000     0.00000     0.00000     0.00000     0.00000     0.00000
   -55.82504     0.00000     0.00000     0.00000     0.00000     0.00000     0.00000     0.00000     0.00000     0.00000     0.00000
   -55.79004     0.00000     0.00000     0.00000     0.00000     0.00000     0.00000     0.00000     0.00000     0.00000     0.00000
   -55.75504     0.00000     0.00000     0.00000     0.00000     0.00000     0.00000     0.00000     0.00000     0.00000     0.00000
   -55.71904     0.00000     0.00000     0.00000     0.00000     0.00000     0.00000     0.00000     0.00000     0.00000     0.00000
   -55.68404     0.00000     0.00000     0.00000     0.00000     0.00000     0.00000     0.00000     0.00000     0.00000     0.00000
   -55.64804     0.00000     0.00000     0.00000     0.00000     0.00000     0.00000     0.00000     0.00000     0.00000     0.00000
   -55.61304     0.00000     0.00000     0.00000     0.00000     0.00000     0.00000     0.00000     0.00000     0.00000     0.00000
   -55.57704     0.00000     0.00000     0.00000     0.00000     0.00000     0.00000     0.00000     0.00000     0.00000     0.00000
   -55.54204     0.00000     0.00000     0.00000     0.00000     0.00000     0.00000     0.00000     0.00000     0.00000     0.00000
   -55.50604     0.00000     0.00000     0.00000     0.00000     0.00000     0.00000     0.00000     0.00000     0.00000     0.00000
   -55.47104     0.00000     0.00000     0.00000     0.00000     0.00000     0.00000     0.00000     0.00000     0.00000     0.00000
   -55.43604     0.00000     0.00000     0.00000     0.00000     0.00000     0.00000     0.00000     0.00000     0.00000     0.00000
   -55.40004     0.00000     0.00000     0.00000     0.00000     0.00000     0.00000     0.00000     0.00000     0.00000     0.00000
   -55.36504     0.00000     0.00000     0.00000     0.00000     0.00000     0.00000     0.00000     0.00000     0.00000     0.00000
   -55.32904     0.00000     0.00000     0.00000     0.00000     0.00000     0.00000     0.00000     0.00000     0.00000     0.00000
   -55.29404     0.00000     0.00000     0.00000     0.00000     0.00000     0.00000     0.00000     0.00000     0.00000     0.00000
   -55.25804     0.00000     0.00000     0.00000     0.00000     0.00000     0.00000     0.00000     0.00000     0.00000     0.00000
   -55.22304     0.00000     0.00000     0.00000     0.00000     0.00000     0.00000     0.00000     0.00000     0.00000     0.00000
   -55.18804     0.00000     0.00000     0.00000     0.00000     0.00000     0.00000     0.00000     0.00000     0.00000     0.00000
   -55.15204     0.00000     0.00000     0.00000     0.00000     0.00000     0.00000     0.00000     0.00000     0.00000     0.00000
   -55.11704     0.00000     0.00000     0.00000     0.00000     0.00000     0.00000     0.00000     0.00000     0.00000     0.00000
   -55.08104     0.00000     0.00000     0.00000     0.00000     0.00000     0.00000     0.00000     0.00000     0.00000     0.00000
   -55.04604     0.00000     0.00000     0.00000     0.00000     0.00000     0.00000     0.00000     0.00000     0.00000     0.00000
   -55.01004     0.00000     0.00000     0.00000     0.00000     0.00000     0.00000     0.00000     0.00000     0.00000     0.00000
   -54.97504     0.00000     0.00000     0.00000     0.00000     0.00000     0.00000     0.00000     0.00000     0.00000     0.00000
   -54.93904     0.00000     0.00000     0.00000     0.00000     0.00000     0.00000     0.00000     0.00000     0.00000     0.00000
   -54.90404     0.00000     0.00000     0.00000     0.00000     0.00000     0.00000     0.00000     0.00000     0.00000     0.00000
   -54.86904     0.00000     0.00000     0.00000     0.00000     0.00000     0.00000     0.00000     0.00000     0.00000     0.00000
   -54.83304     0.00000     0.00000     0.00000     0.00000     0.00000     0.00000     0.00000     0.00000     0.00000     0.00000
   -54.79804     0.00000     0.00000     0.00000     0.00000     0.00000     0.00000     0.00000     0.00000     0.00000     0.00000
   -54.76204     0.00000     0.00000     0.00000     0.00000     0.00000     0.00000     0.00000     0.00000     0.00000     0.00000
   -54.72704     0.00000     0.00000     0.00000     0.00000     0.00000     0.00000     0.00000     0.00000     0.00000     0.00000
   -54.69104     0.00000     0.00000     0.00000     0.00000     0.00000     0.00000     0.00000     0.00000     0.00000     0.00000
   -54.65604     0.00000     0.00000     0.00000     0.00000     0.00000     0.00000     0.00000     0.00000     0.00000     0.00000
   -54.62004     0.00000     0.00000     0.00000     0.00000     0.00000     0.00000     0.00000     0.00000     0.00000     0.00000
   -54.58504     0.00000     0.00000     0.00000     0.00000     0.00000     0.00000     0.00000     0.00000     0.00000     0.00000
   -54.55004     0.00000     0.00000     0.00000     0.00000     0.00000     0.00000     0.00000     0.00000     0.00000     0.00000
   -54.51404     0.00000     0.00000     0.00000     0.00000     0.00000     0.00000     0.00000     0.00000     0.00000     0.00000
   -54.47904     0.00000     0.00000     0.00000     0.00000     0.00000     0.00000     0.00000     0.00000     0.00000     0.00000
   -54.44304     0.00000     0.00000     0.00000     0.00000     0.00000     0.00000     0.00000     0.00000     0.00000     0.00000
   -54.40804     0.00000     0.00000     0.00000     0.00000     0.00000     0.00000     0.00000     0.00000     0.00000     0.00000
   -54.37204     0.00000     0.00000     0.00000     0.00000     0.00000     0.00000     0.00000     0.00000     0.00000     0.00000
   -54.33704     0.00000     0.00000     0.00000     0.00000     0.00000     0.00000     0.00000     0.00000     0.00000     0.00000
   -54.30104     0.00000     0.00000     0.00000     0.00000     0.00000     0.00000     0.00000     0.00000     0.00000     0.00000
   -54.26604     0.00000     0.00000     0.00000     0.00000     0.00000     0.00000     0.00000     0.00000     0.00000     0.00000
   -54.23104     0.00000     0.00000     0.00000     0.00000     0.00000     0.00000     0.00000     0.00000     0.00000     0.00000
   -54.19504     0.00000     0.00000     0.00000     0.00000     0.00000     0.00000     0.00000     0.00000     0.00000     0.00000
   -54.16004     0.00000     0.00000     0.00000     0.00000     0.00000     0.00000     0.00000     0.00000     0.00000     0.00000
   -54.12404     0.00000     0.00000     0.00000     0.00000     0.00000     0.00000     0.00000     0.00000     0.00000     0.00000
   -54.08904     0.00000     0.00000     0.00000     0.00000     0.00000     0.00000     0.00000     0.00000     0.00000     0.00000
   -54.05304     0.00000     0.00000     0.00000     0.00000     0.00000     0.00000     0.00000     0.00000     0.00000     0.00000
   -54.01804     0.00000     0.00000     0.00000     0.00000     0.00000     0.00000     0.00000     0.00000     0.00000     0.00000
   -53.98204     0.00000     0.00000     0.00000     0.00000     0.00000     0.00000     0.00000     0.00000     0.00000     0.00000
   -53.94704     0.00000     0.00000     0.00000     0.00000     0.00000     0.00000     0.00000     0.00000     0.00000     0.00000
   -53.91204     0.00000     0.00000     0.00000     0.00000     0.00000     0.00000     0.00000     0.00000     0.00000     0.00000
   -53.87604     0.00000     0.00000     0.00000     0.00000     0.00000     0.00000     0.00000     0.00000     0.00000     0.00000
   -53.84104     0.00000     0.00000     0.00000     0.00000     0.00000     0.00000     0.00000     0.00000     0.00000     0.00000
   -53.80504     0.00000     0.00000     0.00000     0.00000     0.00000     0.00000     0.00000     0.00000     0.00000     0.00000
   -53.77004     0.00000     0.00000     0.00000     0.00000     0.00000     0.00000     0.00000     0.00000     0.00000     0.00000
   -53.73404     0.00000     0.00000     0.00000     0.00000     0.00000     0.00000     0.00000     0.00000     0.00000     0.00000
   -53.69904     0.00000     0.00000     0.00000     0.00000     0.00000     0.00000     0.00000     0.00000     0.00000     0.00000
   -53.66304     0.00000     0.00000     0.00000     0.00000     0.00000     0.00000     0.00000     0.00000     0.00000     0.00000
   -53.62804     0.00000     0.00000     0.00000     0.00000     0.00000     0.00000     0.00000     0.00000     0.00000     0.00000
   -53.59304     0.00000     0.00000     0.00000     0.00000     0.00000     0.00000     0.00000     0.00000     0.00000     0.00000
   -53.55704     0.00000     0.00000     0.00000     0.00000     0.00000     0.00000     0.00000     0.00000     0.00000     0.00000
   -53.52204     0.00000     0.00000     0.00000     0.00000     0.00000     0.00000     0.00000     0.00000     0.00000     0.00000
   -53.48604     0.00000     0.00000     0.00000     0.00000     0.00000     0.00000     0.00000     0.00000     0.00000     0.00000
   -53.45104     0.00000     0.00000     0.00000     0.00000     0.00000     0.00000     0.00000     0.00000     0.00000     0.00000
   -53.41504     0.00000     0.00000     0.00000     0.00000     0.00000     0.00000     0.00000     0.00000     0.00000     0.00000
   -53.38004     0.00000     0.00000     0.00000     0.00000     0.00000     0.00000     0.00000     0.00000     0.00000     0.00000
   -53.34404     0.00000     0.00000     0.00000     0.00000     0.00000     0.00000     0.00000     0.00000     0.00000     0.00000
   -53.30904     0.00000     0.00000     0.00000     0.00000     0.00000     0.00000     0.00000     0.00000     0.00000     0.00000
   -53.27404     0.00000     0.00000     0.00000     0.00000     0.00000     0.00000     0.00000     0.00000     0.00000     0.00000
   -53.23804     0.00000     0.00000     0.00000     0.00000     0.00000     0.00000     0.00000     0.00000     0.00000     0.00000
   -53.20304     0.00000     0.00000     0.00000     0.00000     0.00000     0.00000     0.00000     0.00000     0.00000     0.00000
   -53.16704     0.00000     0.00000     0.00000     0.00000     0.00000     0.00000     0.00000     0.00000     0.00000     0.00000
   -53.13204     0.00000     0.00000     0.00000     0.00000     0.00000     0.00000     0.00000     0.00000     0.00000     0.00000
   -53.09604     0.00000     0.00000     0.00000     0.00000     0.00000     0.00000     0.00000     0.00000     0.00000     0.00000
   -53.06104     0.00000     0.00000     0.00000     0.00000     0.00000     0.00000     0.00000     0.00000     0.00000     0.00000
   -53.02504     0.00000     0.00000     0.00000     0.00000     0.00000     0.00000     0.00000     0.00000     0.00000     0.00000
   -52.99004     0.00000     0.00000     0.00000     0.00000     0.00000     0.00000     0.00000     0.00000     0.00000     0.00000
   -52.95504     0.00000     0.00000     0.00000     0.00000     0.00000     0.00000     0.00000     0.00000     0.00000     0.00000
   -52.91904     0.00000     0.00000     0.00000     0.00000     0.00000     0.00000     0.00000     0.00000     0.00000     0.00000
   -52.88404     0.00000     0.00000     0.00000     0.00000     0.00000     0.00000     0.00000     0.00000     0.00000     0.00000
   -52.84804     0.00000     0.00000     0.00000     0.00000     0.00000     0.00000     0.00000     0.00000     0.00000     0.00000
   -52.81304     0.00000     0.00000     0.00000     0.00000     0.00000     0.00000     0.00000     0.00000     0.00000     0.00000
   -52.77704     0.00000     0.00000     0.00000     0.00000     0.00000     0.00000     0.00000     0.00000     0.00000     0.00000
   -52.74204     0.00000     0.00000     0.00000     0.00000     0.00000     0.00000     0.00000     0.00000     0.00000     0.00000
   -52.70604     0.00000     0.00000     0.00000     0.00000     0.00000     0.00000     0.00000     0.00000     0.00000     0.00000
   -52.67104     0.00000     0.00000     0.00000     0.00000     0.00000     0.00000     0.00000     0.00000     0.00000     0.00000
   -52.63604     0.00000     0.00000     0.00000     0.00000     0.00000     0.00000     0.00000     0.00000     0.00000     0.00000
   -52.60004     0.00000     0.00000     0.00000     0.00000     0.00000     0.00000     0.00000     0.00000     0.00000     0.00000
   -52.56504     0.00000     0.00000     0.00000     0.00000     0.00000     0.00000     0.00000     0.00000     0.00000     0.00000
   -52.52904     0.00000     0.00000     0.00000     0.00000     0.00000     0.00000     0.00000     0.00000     0.00000     0.00000
   -52.49404     0.00000     0.00000     0.00000     0.00000     0.00000     0.00000     0.00000     0.00000     0.00000     0.00000
   -52.45804     0.00000     0.00000     0.00000     0.00000     0.00000     0.00000     0.00000     0.00000     0.00000     0.00000
   -52.42304     0.00000     0.00000     0.00000     0.00000     0.00000     0.00000     0.00000     0.00000     0.00000     0.00000
   -52.38704     0.00000     0.00000     0.00000     0.00000     0.00000     0.00000     0.00000     0.00000     0.00000     0.00000
   -52.35204     0.00000     0.00000     0.00000     0.00000     0.00000     0.00000     0.00000     0.00000     0.00000     0.00000
   -52.31704     0.00000     0.00000     0.00000     0.00000     0.00000     0.00000     0.00000     0.00000     0.00000     0.00000
   -52.28104     0.00000     0.00000     0.00000     0.00000     0.00000     0.00000     0.00000     0.00000     0.00000     0.00000
   -52.24604     0.00000     0.00000     0.00000     0.00000     0.00000     0.00000     0.00000     0.00000     0.00000     0.00000
   -52.21004     0.00000     0.00000     0.00000     0.00000     0.00000     0.00000     0.00000     0.00000     0.00000     0.00000
   -52.17504     0.00000     0.00000     0.00000     0.00000     0.00000     0.00000     0.00000     0.00000     0.00000     0.00000
   -52.13904     0.00000     0.00000     0.00000     0.00000     0.00000     0.00000     0.00000     0.00000     0.00000     0.00000
   -52.10404     0.00000     0.00000     0.00000     0.00000     0.00000     0.00000     0.00000     0.00000     0.00000     0.00000
   -52.06904     0.00000     0.00000     0.00000     0.00000     0.00000     0.00000     0.00000     0.00000     0.00000     0.00000
   -52.03304     0.00000     0.00000     0.00000     0.00000     0.00000     0.00000     0.00000     0.00000     0.00000     0.00000
   -51.99804     0.00000     0.00000     0.00000     0.00000     0.00000     0.00000     0.00000     0.00000     0.00000     0.00000
   -51.96204     0.00000     0.00000     0.00000     0.00000     0.00000     0.00000     0.00000     0.00000     0.00000     0.00000
   -51.92704     0.00000     0.00000     0.00000     0.00000     0.00000     0.00000     0.00000     0.00000     0.00000     0.00000
   -51.89104     0.00000     0.00000     0.00000     0.00000     0.00000     0.00000     0.00000     0.00000     0.00000     0.00000
   -51.85604     0.00000     0.00000     0.00000     0.00000     0.00000     0.00000     0.00000     0.00000     0.00000     0.00000
   -51.82004     0.00000     0.00000     0.00000     0.00000     0.00000     0.00000     0.00000     0.00000     0.00000     0.00000
   -51.78504     0.00000     0.00000     0.00000     0.00000     0.00000     0.00000     0.00000     0.00000     0.00000     0.00000
   -51.75004     0.00000     0.00000     0.00000     0.00000     0.00000     0.00000     0.00000     0.00000     0.00000     0.00000
   -51.71404     0.00000     0.00000     0.00000     0.00000     0.00000     0.00000     0.00000     0.00000     0.00000     0.00000
   -51.67904     0.00000     0.00000     0.00000     0.00000     0.00000     0.00000     0.00000     0.00000     0.00000     0.00000
   -51.64304     0.00000     0.00000     0.00000     0.00000     0.00000     0.00000     0.00000     0.00000     0.00000     0.00000
   -51.60804     0.00000     0.00000     0.00000     0.00000     0.00000     0.00000     0.00000     0.00000     0.00000     0.00000
   -51.57204     0.00000     0.00000     0.00000     0.00000     0.00000     0.00000     0.00000     0.00000     0.00000     0.00000
   -51.53704     0.00000     0.00000     0.00000     0.00000     0.00000     0.00000     0.00000     0.00000     0.00000     0.00000
   -51.50104     0.00000     0.00000     0.00000     0.00000     0.00000     0.00000     0.00000     0.00000     0.00000     0.00000
   -51.46604     0.00000     0.00000     0.00000     0.00000     0.00000     0.00000     0.00000     0.00000     0.00000     0.00000
   -51.43104     0.00000     0.00000     0.00000     0.00000     0.00000     0.00000     0.00000     0.00000     0.00000     0.00000
   -51.39504     0.00000     0.00000     0.00000     0.00000     0.00000     0.00000     0.00000     0.00000     0.00000     0.00000
   -51.36004     0.00000     0.00000     0.00000     0.00000     0.00000     0.00000     0.00000     0.00000     0.00000     0.00000
   -51.32404     0.00000     0.00000     0.00000     0.00000     0.00000     0.00000     0.00000     0.00000     0.00000     0.00000
   -51.28904     0.00000     0.00000     0.00000     0.00000     0.00000     0.00000     0.00000     0.00000     0.00000     0.00000
   -51.25304     0.00000     0.00000     0.00000     0.00000     0.00000     0.00000     0.00000     0.00000     0.00000     0.00000
   -51.21804     0.00000     0.00000     0.00000     0.00000     0.00000     0.00000     0.00000     0.00000     0.00000     0.00000
   -51.18204     0.00000     0.00000     0.00000     0.00000     0.00000     0.00000     0.00000     0.00000     0.00000     0.00000
   -51.14704     0.00000     0.00000     0.00000     0.00000     0.00000     0.00000     0.00000     0.00000     0.00000     0.00000
   -51.11204     0.00000     0.00000     0.00000     0.00000     0.00000     0.00000     0.00000     0.00000     0.00000     0.00000
   -51.07604     0.00000     0.00000     0.00000     0.00000     0.00000     0.00000     0.00000     0.00000     0.00000     0.00000
   -51.04104     0.00000     0.00000     0.00000     0.00000     0.00000     0.00000     0.00000     0.00000     0.00000     0.00000
   -51.00504     0.00000     0.00000     0.00000     0.00000     0.00000     0.00000     0.00000     0.00000     0.00000     0.00000
   -50.97004     0.00000     0.00000     0.00000     0.00000     0.00000     0.00000     0.00000     0.00000     0.00000     0.00000
   -50.93404     0.00000     0.00000     0.00000     0.00000     0.00000     0.00000     0.00000     0.00000     0.00000     0.00000
   -50.89904     0.00000     0.00000     0.00000     0.00000     0.00000     0.00000     0.00000     0.00000     0.00000     0.00000
   -50.86304     0.00000     0.00000     0.00000     0.00000     0.00000     0.00000     0.00000     0.00000     0.00000     0.00000
   -50.82804     0.00000     0.00000     0.00000     0.00000     0.00000     0.00000     0.00000     0.00000     0.00000     0.00000
   -50.79304     0.00000     0.00000     0.00000     0.00000     0.00000     0.00000     0.00000     0.00000     0.00000     0.00000
   -50.75704     0.00000     0.00000     0.00000     0.00000     0.00000     0.00000     0.00000     0.00000     0.00000     0.00000
   -50.72204     0.00000     0.00000     0.00000     0.00000     0.00000     0.00000     0.00000     0.00000     0.00000     0.00000
   -50.68604     0.00000     0.00000     0.00000     0.00000     0.00000     0.00000     0.00000     0.00000     0.00000     0.00000
   -50.65104     0.00000     0.00000     0.00000     0.00000     0.00000     0.00000     0.00000     0.00000     0.00000     0.00000
   -50.61504     0.00000     0.00000     0.00000     0.00000     0.00000     0.00000     0.00000     0.00000     0.00000     0.00000
   -50.58004     0.00000     0.00000     0.00000     0.00000     0.00000     0.00000     0.00000     0.00000     0.00000     0.00000
   -50.54404     0.00000     0.00000     0.00000     0.00000     0.00000     0.00000     0.00000     0.00000     0.00000     0.00000
   -50.50904     0.00000     0.00000     0.00000     0.00000     0.00000     0.00000     0.00000     0.00000     0.00000     0.00000
   -50.47404     0.00000     0.00000     0.00000     0.00000     0.00000     0.00000     0.00000     0.00000     0.00000     0.00000
   -50.43804     0.00000     0.00000     0.00000     0.00000     0.00000     0.00000     0.00000     0.00000     0.00000     0.00000
   -50.40304     0.00000     0.00000     0.00000     0.00000     0.00000     0.00000     0.00000     0.00000     0.00000     0.00000
   -50.36704     0.00000     0.00000     0.00000     0.00000     0.00000     0.00000     0.00000     0.00000     0.00000     0.00000
   -50.33204     0.00000     0.00000     0.00000     0.00000     0.00000     0.00000     0.00000     0.00000     0.00000     0.00000
   -50.29604     0.00000     0.00000     0.00000     0.00000     0.00000     0.00000     0.00000     0.00000     0.00000     0.00000
   -50.26104     0.00000     0.00000     0.00000     0.00000     0.00000     0.00000     0.00000     0.00000     0.00000     0.00000
   -50.22504     0.00000     0.00000     0.00000     0.00000     0.00000     0.00000     0.00000     0.00000     0.00000     0.00000
   -50.19004     0.00000     0.00000     0.00000     0.00000     0.00000     0.00000     0.00000     0.00000     0.00000     0.00000
   -50.15504     0.00000     0.00000     0.00000     0.00000     0.00000     0.00000     0.00000     0.00000     0.00000     0.00000
   -50.11904     0.00000     0.00000     0.00000     0.00000     0.00000     0.00000     0.00000     0.00000     0.00000     0.00000
   -50.08404     0.00000     0.00000     0.00000     0.00000     0.00000     0.00000     0.00000     0.00000     0.00000     0.00000
   -50.04804     0.00000     0.00000     0.00000     0.00000     0.00000     0.00000     0.00000     0.00000     0.00000     0.00000
   -50.01304     0.00000     0.00000     0.00000     0.00000     0.00000     0.00000     0.00000     0.00000     0.00000     0.00000
   -49.97704     0.00000     0.00000     0.00000     0.00000     0.00000     0.00000     0.00000     0.00000     0.00000     0.00000
   -49.94204     0.00000     0.00000     0.00000     0.00000     0.00000     0.00000     0.00000     0.00000     0.00000     0.00000
   -49.90604     0.00000     0.00000     0.00000     0.00000     0.00000     0.00000     0.00000     0.00000     0.00000     0.00000
   -49.87104     0.00000     0.00000     0.00000     0.00000     0.00000     0.00000     0.00000     0.00000     0.00000     0.00000
   -49.83604     0.00000     0.00000     0.00000     0.00000     0.00000     0.00000     0.00000     0.00000     0.00000     0.00000
   -49.80004     0.00000     0.00000     0.00000     0.00000     0.00000     0.00000     0.00000     0.00000     0.00000     0.00000
   -49.76504     0.00000     0.00000     0.00000     0.00000     0.00000     0.00000     0.00000     0.00000     0.00000     0.00000
   -49.72904     0.00000     0.00000     0.00000     0.00000     0.00000     0.00000     0.00000     0.00000     0.00000     0.00000
   -49.69404     0.00000     0.00000     0.00000     0.00000     0.00000     0.00000     0.00000     0.00000     0.00000     0.00000
   -49.65804     0.00000     0.00000     0.00000     0.00000     0.00000     0.00000     0.00000     0.00000     0.00000     0.00000
   -49.62304     0.00000     0.00000     0.00000     0.00000     0.00000     0.00000     0.00000     0.00000     0.00000     0.00000
   -49.58704     0.00000     0.00000     0.00000     0.00000     0.00000     0.00000     0.00000     0.00000     0.00000     0.00000
   -49.55204     0.00000     0.00000     0.00000     0.00000     0.00000     0.00000     0.00000     0.00000     0.00000     0.00000
   -49.51704     0.00000     0.00000     0.00000     0.00000     0.00000     0.00000     0.00000     0.00000     0.00000     0.00000
   -49.48104     0.00000     0.00000     0.00000     0.00000     0.00000     0.00000     0.00000     0.00000     0.00000     0.00000
   -49.44604     0.00000     0.00000     0.00000     0.00000     0.00000     0.00000     0.00000     0.00000     0.00000     0.00000
   -49.41004     0.00000     0.00000     0.00000     0.00000     0.00000     0.00000     0.00000     0.00000     0.00000     0.00000
   -49.37504     0.00000     0.00000     0.00000     0.00000     0.00000     0.00000     0.00000     0.00000     0.00000     0.00000
   -49.33904     0.00000     0.00000     0.00000     0.00000     0.00000     0.00000     0.00000     0.00000     0.00000     0.00000
   -49.30404     0.00000     0.00000     0.00000     0.00000     0.00000     0.00000     0.00000     0.00000     0.00000     0.00000
   -49.26904     0.00000     0.00000     0.00000     0.00000     0.00000     0.00000     0.00000     0.00000     0.00000     0.00000
   -49.23304     0.00000     0.00000     0.00000     0.00000     0.00000     0.00000     0.00000     0.00000     0.00000     0.00000
   -49.19804     0.00000     0.00000     0.00000     0.00000     0.00000     0.00000     0.00000     0.00000     0.00000     0.00000
   -49.16204     0.00000     0.00000     0.00000     0.00000     0.00000     0.00000     0.00000     0.00000     0.00000     0.00000
   -49.12704     0.00000     0.00000     0.00000     0.00000     0.00000     0.00000     0.00000     0.00000     0.00000     0.00000
   -49.09104     0.00000     0.00000     0.00000     0.00000     0.00000     0.00000     0.00000     0.00000     0.00000     0.00000
   -49.05604     0.00000     0.00000     0.00000     0.00000     0.00000     0.00000     0.00000     0.00000     0.00000     0.00000
   -49.02004     0.00000     0.00000     0.00000     0.00000     0.00000     0.00000     0.00000     0.00000     0.00000     0.00000
   -48.98504     0.00000     0.00000     0.00000     0.00000     0.00000     0.00000     0.00000     0.00000     0.00000     0.00000
   -48.95004     0.00000     0.00000     0.00000     0.00000     0.00000     0.00000     0.00000     0.00000     0.00000     0.00000
   -48.91404     0.00000     0.00000     0.00000     0.00000     0.00000     0.00000     0.00000     0.00000     0.00000     0.00000
   -48.87904     0.00000     0.00000     0.00000     0.00000     0.00000     0.00000     0.00000     0.00000     0.00000     0.00000
   -48.84304     0.00000     0.00000     0.00000     0.00000     0.00000     0.00000     0.00000     0.00000     0.00000     0.00000
   -48.80804     0.00000     0.00000     0.00000     0.00000     0.00000     0.00000     0.00000     0.00000     0.00000     0.00000
   -48.77204     0.00000     0.00000     0.00000     0.00000     0.00000     0.00000     0.00000     0.00000     0.00000     0.00000
   -48.73704     0.00000     0.00000     0.00000     0.00000     0.00000     0.00000     0.00000     0.00000     0.00000     0.00000
   -48.70104     0.00000     0.00000     0.00000     0.00000     0.00000     0.00000     0.00000     0.00000     0.00000     0.00000
   -48.66604     0.00000     0.00000     0.00000     0.00000     0.00000     0.00000     0.00000     0.00000     0.00000     0.00000
   -48.63104     0.00000     0.00000     0.00000     0.00000     0.00000     0.00000     0.00000     0.00000     0.00000     0.00000
   -48.59504     0.00000     0.00000     0.00000     0.00000     0.00000     0.00000     0.00000     0.00000     0.00000     0.00000
   -48.56004     0.00000     0.00000     0.00000     0.00000     0.00000     0.00000     0.00000     0.00000     0.00000     0.00000
   -48.52404     0.00000     0.00000     0.00000     0.00000     0.00000     0.00000     0.00000     0.00000     0.00000     0.00000
   -48.48904     0.00000     0.00000     0.00000     0.00000     0.00000     0.00000     0.00000     0.00000     0.00000     0.00000
   -48.45304     0.00000     0.00000     0.00000     0.00000     0.00000     0.00000     0.00000     0.00000     0.00000     0.00000
   -48.41804     0.00000     0.00000     0.00000     0.00000     0.00000     0.00000     0.00000     0.00000     0.00000     0.00000
   -48.38204     0.00000     0.00000     0.00000     0.00000     0.00000     0.00000     0.00000     0.00000     0.00000     0.00000
   -48.34704     0.00000     0.00000     0.00000     0.00000     0.00000     0.00000     0.00000     0.00000     0.00000     0.00000
   -48.31204     0.00000     0.00000     0.00000     0.00000     0.00000     0.00000     0.00000     0.00000     0.00000     0.00000
   -48.27604     0.00000     0.00000     0.00000     0.00000     0.00000     0.00000     0.00000     0.00000     0.00000     0.00000
   -48.24104     0.00000     0.00000     0.00000     0.00000     0.00000     0.00000     0.00000     0.00000     0.00000     0.00000
   -48.20504     0.00000     0.00000     0.00000     0.00000     0.00000     0.00000     0.00000     0.00000     0.00000     0.00000
   -48.17004     0.00000     0.00000     0.00000     0.00000     0.00000     0.00000     0.00000     0.00000     0.00000     0.00000
   -48.13404     0.00000     0.00000     0.00000     0.00000     0.00000     0.00000     0.00000     0.00000     0.00000     0.00000
   -48.09904     0.00000     0.00000     0.00000     0.00000     0.00000     0.00000     0.00000     0.00000     0.00000     0.00000
   -48.06304     0.00000     0.00000     0.00000     0.00000     0.00000     0.00000     0.00000     0.00000     0.00000     0.00000
   -48.02804     0.00000     0.00000     0.00000     0.00000     0.00000     0.00000     0.00000     0.00000     0.00000     0.00000
   -47.99304     0.00000     0.00000     0.00000     0.00000     0.00000     0.00000     0.00000     0.00000     0.00000     0.00000
   -47.95704     0.00000     0.00000     0.00000     0.00000     0.00000     0.00000     0.00000     0.00000     0.00000     0.00000
   -47.92204     0.00000     0.00000     0.00000     0.00000     0.00000     0.00000     0.00000     0.00000     0.00000     0.00000
   -47.88604     0.00000     0.00000     0.00000     0.00000     0.00000     0.00000     0.00000     0.00000     0.00000     0.00000
   -47.85104     0.00000     0.00000     0.00000     0.00000     0.00000     0.00000     0.00000     0.00000     0.00000     0.00000
   -47.81504     0.00000     0.00000     0.00000     0.00000     0.00000     0.00000     0.00000     0.00000     0.00000     0.00000
   -47.78004     0.00000     0.00000     0.00000     0.00000     0.00000     0.00000     0.00000     0.00000     0.00000     0.00000
   -47.74404     0.00000     0.00000     0.00000     0.00000     0.00000     0.00000     0.00000     0.00000     0.00000     0.00000
   -47.70904     0.00000     0.00000     0.00000     0.00000     0.00000     0.00000     0.00000     0.00000     0.00000     0.00000
   -47.67404     0.00000     0.00000     0.00000     0.00000     0.00000     0.00000     0.00000     0.00000     0.00000     0.00000
   -47.63804     0.00000     0.00000     0.00000     0.00000     0.00000     0.00000     0.00000     0.00000     0.00000     0.00000
   -47.60304     0.00000     0.00000     0.00000     0.00000     0.00000     0.00000     0.00000     0.00000     0.00000     0.00000
   -47.56704     0.00000     0.00000     0.00000     0.00000     0.00000     0.00000     0.00000     0.00000     0.00000     0.00000
   -47.53204     0.00000     0.00000     0.00000     0.00000     0.00000     0.00000     0.00000     0.00000     0.00000     0.00000
   -47.49604     0.00000     0.00000     0.00000     0.00000     0.00000     0.00000     0.00000     0.00000     0.00000     0.00000
   -47.46104     0.00000     0.00000     0.00000     0.00000     0.00000     0.00000     0.00000     0.00000     0.00000     0.00000
   -47.42504     0.00000     0.00000     0.00000     0.00000     0.00000     0.00000     0.00000     0.00000     0.00000     0.00000
   -47.39004     0.00000     0.00000     0.00000     0.00000     0.00000     0.00000     0.00000     0.00000     0.00000     0.00000
   -47.35504     0.00000     0.00000     0.00000     0.00000     0.00000     0.00000     0.00000     0.00000     0.00000     0.00000
   -47.31904     0.00000     0.00000     0.00000     0.00000     0.00000     0.00000     0.00000     0.00000     0.00000     0.00000
   -47.28404     0.00000     0.00000     0.00000     0.00000     0.00000     0.00000     0.00000     0.00000     0.00000     0.00000
   -47.24804     0.00000     0.00000     0.00000     0.00000     0.00000     0.00000     0.00000     0.00000     0.00000     0.00000
   -47.21304     0.00000     0.00000     0.00000     0.00000     0.00000     0.00000     0.00000     0.00000     0.00000     0.00000
   -47.17704     0.00000     0.00000     0.00000     0.00000     0.00000     0.00000     0.00000     0.00000     0.00000     0.00000
   -47.14204     0.00000     0.00000     0.00000     0.00000     0.00000     0.00000     0.00000     0.00000     0.00000     0.00000
   -47.10604     0.00000     0.00000     0.00000     0.00000     0.00000     0.00000     0.00000     0.00000     0.00000     0.00000
   -47.07104     0.00000     0.00000     0.00000     0.00000     0.00000     0.00000     0.00000     0.00000     0.00000     0.00000
   -47.03604     0.00000     0.00000     0.00000     0.00000     0.00000     0.00000     0.00000     0.00000     0.00000     0.00000
   -47.00004     0.00000     0.00000     0.00000     0.00000     0.00000     0.00000     0.00000     0.00000     0.00000     0.00000
   -46.96504     0.00000     0.00000     0.00000     0.00000     0.00000     0.00000     0.00000     0.00000     0.00000     0.00000
   -46.92904     0.00000     0.00000     0.00000     0.00000     0.00000     0.00000     0.00000     0.00000     0.00000     0.00000
   -46.89404     0.00000     0.00000     0.00000     0.00000     0.00000     0.00000     0.00000     0.00000     0.00000     0.00000
   -46.85804     0.00000     0.00000     0.00000     0.00000     0.00000     0.00000     0.00000     0.00000     0.00000     0.00000
   -46.82304     0.00000     0.00000     0.00000     0.00000     0.00000     0.00000     0.00000     0.00000     0.00000     0.00000
   -46.78704     0.00000     0.00000     0.00000     0.00000     0.00000     0.00000     0.00000     0.00000     0.00000     0.00000
   -46.75204     0.00000     0.00000     0.00000     0.00000     0.00000     0.00000     0.00000     0.00000     0.00000     0.00000
   -46.71704     0.00000     0.00000     0.00000     0.00000     0.00000     0.00000     0.00000     0.00000     0.00000     0.00000
   -46.68104     0.00000     0.00000     0.00000     0.00000     0.00000     0.00000     0.00000     0.00000     0.00000     0.00000
   -46.64604     0.00000     0.00000     0.00000     0.00000     0.00000     0.00000     0.00000     0.00000     0.00000     0.00000
   -46.61004     0.00000     0.00000     0.00000     0.00000     0.00000     0.00000     0.00000     0.00000     0.00000     0.00000
   -46.57504     0.00000     0.00000     0.00000     0.00000     0.00000     0.00000     0.00000     0.00000     0.00000     0.00000
   -46.53904     0.00000     0.00000     0.00000     0.00000     0.00000     0.00000     0.00000     0.00000     0.00000     0.00000
   -46.50404     0.00000     0.00000     0.00000     0.00000     0.00000     0.00000     0.00000     0.00000     0.00000     0.00000
   -46.46804     0.00000     0.00000     0.00000     0.00000     0.00000     0.00000     0.00000     0.00000     0.00000     0.00000
   -46.43304     0.00000     0.00000     0.00000     0.00000     0.00000     0.00000     0.00000     0.00000     0.00000     0.00000
   -46.39804     0.00000     0.00000     0.00000     0.00000     0.00000     0.00000     0.00000     0.00000     0.00000     0.00000
   -46.36204     0.00000     0.00000     0.00000     0.00000     0.00000     0.00000     0.00000     0.00000     0.00000     0.00000
   -46.32704     0.00000     0.00000     0.00000     0.00000     0.00000     0.00000     0.00000     0.00000     0.00000     0.00000
   -46.29104     0.00000     0.00000     0.00000     0.00000     0.00000     0.00000     0.00000     0.00000     0.00000     0.00000
   -46.25604     0.00000     0.00000     0.00000     0.00000     0.00000     0.00000     0.00000     0.00000     0.00000     0.00000
   -46.22004     0.00000     0.00000     0.00000     0.00000     0.00000     0.00000     0.00000     0.00000     0.00000     0.00000
   -46.18504     0.00000     0.00000     0.00000     0.00000     0.00000     0.00000     0.00000     0.00000     0.00000     0.00000
   -46.15004     0.00000     0.00000     0.00000     0.00000     0.00000     0.00000     0.00000     0.00000     0.00000     0.00000
   -46.11404     0.00000     0.00000     0.00000     0.00000     0.00000     0.00000     0.00000     0.00000     0.00000     0.00000
   -46.07904     0.00000     0.00000     0.00000     0.00000     0.00000     0.00000     0.00000     0.00000     0.00000     0.00000
   -46.04304     0.00000     0.00000     0.00000     0.00000     0.00000     0.00000     0.00000     0.00000     0.00000     0.00000
   -46.00804     0.00000     0.00000     0.00000     0.00000     0.00000     0.00000     0.00000     0.00000     0.00000     0.00000
   -45.97204     0.00000     0.00000     0.00000     0.00000     0.00000     0.00000     0.00000     0.00000     0.00000     0.00000
   -45.93704     0.00000     0.00000     0.00000     0.00000     0.00000     0.00000     0.00000     0.00000     0.00000     0.00000
   -45.90104     0.00000     0.00000     0.00000     0.00000     0.00000     0.00000     0.00000     0.00000     0.00000     0.00000
   -45.86604     0.00000     0.00000     0.00000     0.00000     0.00000     0.00000     0.00000     0.00000     0.00000     0.00000
   -45.83104     0.00000     0.00000     0.00000     0.00000     0.00000     0.00000     0.00000     0.00000     0.00000     0.00000
   -45.79504     0.00000     0.00000     0.00000     0.00000     0.00000     0.00000     0.00000     0.00000     0.00000     0.00000
   -45.76004     0.00000     0.00000     0.00000     0.00000     0.00000     0.00000     0.00000     0.00000     0.00000     0.00000
   -45.72404     0.00000     0.00000     0.00000     0.00000     0.00000     0.00000     0.00000     0.00000     0.00000     0.00000
   -45.68904     0.00000     0.00000     0.00000     0.00000     0.00000     0.00000     0.00000     0.00000     0.00000     0.00000
   -45.65304     0.00000     0.00000     0.00000     0.00000     0.00000     0.00000     0.00000     0.00000     0.00000     0.00000
   -45.61804     0.00000     0.00000     0.00000     0.00000     0.00000     0.00000     0.00000     0.00000     0.00000     0.00000
   -45.58204     0.00000     0.00000     0.00000     0.00000     0.00000     0.00000     0.00000     0.00000     0.00000     0.00000
   -45.54704     0.00000     0.00000     0.00000     0.00000     0.00000     0.00000     0.00000     0.00000     0.00000     0.00000
   -45.51204     0.00000     0.00000     0.00000     0.00000     0.00000     0.00000     0.00000     0.00000     0.00000     0.00000
   -45.47604     0.00000     0.00000     0.00000     0.00000     0.00000     0.00000     0.00000     0.00000     0.00000     0.00000
   -45.44104     0.00000     0.00000     0.00000     0.00000     0.00000     0.00000     0.00000     0.00000     0.00000     0.00000
   -45.40504     0.00000     0.00000     0.00000     0.00000     0.00000     0.00000     0.00000     0.00000     0.00000     0.00000
   -45.37004     0.00000     0.00000     0.00000     0.00000     0.00000     0.00000     0.00000     0.00000     0.00000     0.00000
   -45.33404     0.00000     0.00000     0.00000     0.00000     0.00000     0.00000     0.00000     0.00000     0.00000     0.00000
   -45.29904     0.00000     0.00000     0.00000     0.00000     0.00000     0.00000     0.00000     0.00000     0.00000     0.00000
   -45.26304     0.00000     0.00000     0.00000     0.00000     0.00000     0.00000     0.00000     0.00000     0.00000     0.00000
   -45.22804     0.00000     0.00000     0.00000     0.00000     0.00000     0.00000     0.00000     0.00000     0.00000     0.00000
   -45.19304     0.00000     0.00000     0.00000     0.00000     0.00000     0.00000     0.00000     0.00000     0.00000     0.00000
   -45.15704     0.00000     0.00000     0.00000     0.00000     0.00000     0.00000     0.00000     0.00000     0.00000     0.00000
   -45.12204     0.00000     0.00000     0.00000     0.00000     0.00000     0.00000     0.00000     0.00000     0.00000     0.00000
   -45.08604     0.00000     0.00000     0.00000     0.00000     0.00000     0.00000     0.00000     0.00000     0.00000     0.00000
   -45.05104     0.00000     0.00000     0.00000     0.00000     0.00000     0.00000     0.00000     0.00000     0.00000     0.00000
   -45.01504     0.00000     0.00000     0.00000     0.00000     0.00000     0.00000     0.00000     0.00000     0.00000     0.00000
   -44.98004     0.00000     0.00000     0.00000     0.00000     0.00000     0.00000     0.00000     0.00000     0.00000     0.00000
   -44.94404     0.00000     0.00000     0.00000     0.00000     0.00000     0.00000     0.00000     0.00000     0.00000     0.00000
   -44.90904     0.00000     0.00000     0.00000     0.00000     0.00000     0.00000     0.00000     0.00000     0.00000     0.00000
   -44.87404     0.00000     0.00000     0.00000     0.00000     0.00000     0.00000     0.00000     0.00000     0.00000     0.00000
   -44.83804     0.00000     0.00000     0.00000     0.00000     0.00000     0.00000     0.00000     0.00000     0.00000     0.00000
   -44.80304     0.00000     0.00000     0.00000     0.00000     0.00000     0.00000     0.00000     0.00000     0.00000     0.00000
   -44.76704     0.00000     0.00000     0.00000     0.00000     0.00000     0.00000     0.00000     0.00000     0.00000     0.00000
   -44.73204     0.00000     0.00000     0.00000     0.00000     0.00000     0.00000     0.00000     0.00000     0.00000     0.00000
   -44.69604     0.00000     0.00000     0.00000     0.00000     0.00000     0.00000     0.00000     0.00000     0.00000     0.00000
   -44.66104     0.00000     0.00000     0.00000     0.00000     0.00000     0.00000     0.00000     0.00000     0.00000     0.00000
   -44.62504     0.00000     0.00000     0.00000     0.00000     0.00000     0.00000     0.00000     0.00000     0.00000     0.00000
   -44.59004     0.00000     0.00000     0.00000     0.00000     0.00000     0.00000     0.00000     0.00000     0.00000     0.00000
   -44.55504     0.00000     0.00000     0.00000     0.00000     0.00000     0.00000     0.00000     0.00000     0.00000     0.00000
   -44.51904     0.00000     0.00000     0.00000     0.00000     0.00000     0.00000     0.00000     0.00000     0.00000     0.00000
   -44.48404     0.00000     0.00000     0.00000     0.00000     0.00000     0.00000     0.00000     0.00000     0.00000     0.00000
   -44.44804     0.00000     0.00000     0.00000     0.00000     0.00000     0.00000     0.00000     0.00000     0.00000     0.00000
   -44.41304     0.00000     0.00000     0.00000     0.00000     0.00000     0.00000     0.00000     0.00000     0.00000     0.00000
   -44.37704     0.00000     0.00000     0.00000     0.00000     0.00000     0.00000     0.00000     0.00000     0.00000     0.00000
   -44.34204     0.00000     0.00000     0.00000     0.00000     0.00000     0.00000     0.00000     0.00000     0.00000     0.00000
   -44.30604     0.00000     0.00000     0.00000     0.00000     0.00000     0.00000     0.00000     0.00000     0.00000     0.00000
   -44.27104     0.00000     0.00000     0.00000     0.00000     0.00000     0.00000     0.00000     0.00000     0.00000     0.00000
   -44.23604     0.00000     0.00000     0.00000     0.00000     0.00000     0.00000     0.00000     0.00000     0.00000     0.00000
   -44.20004     0.00000     0.00000     0.00000     0.00000     0.00000     0.00000     0.00000     0.00000     0.00000     0.00000
   -44.16504     0.00000     0.00000     0.00000     0.00000     0.00000     0.00000     0.00000     0.00000     0.00000     0.00000
   -44.12904     0.00000     0.00000     0.00000     0.00000     0.00000     0.00000     0.00000     0.00000     0.00000     0.00000
   -44.09404     0.00000     0.00000     0.00000     0.00000     0.00000     0.00000     0.00000     0.00000     0.00000     0.00000
   -44.05804     0.00000     0.00000     0.00000     0.00000     0.00000     0.00000     0.00000     0.00000     0.00000     0.00000
   -44.02304     0.00000     0.00000     0.00000     0.00000     0.00000     0.00000     0.00000     0.00000     0.00000     0.00000
   -43.98704     0.00000     0.00000     0.00000     0.00000     0.00000     0.00000     0.00000     0.00000     0.00000     0.00000
   -43.95204     0.00000     0.00000     0.00000     0.00000     0.00000     0.00000     0.00000     0.00000     0.00000     0.00000
   -43.91704     0.00000     0.00000     0.00000     0.00000     0.00000     0.00000     0.00000     0.00000     0.00000     0.00000
   -43.88104     0.00000     0.00000     0.00000     0.00000     0.00000     0.00000     0.00000     0.00000     0.00000     0.00000
   -43.84604     0.00000     0.00000     0.00000     0.00000     0.00000     0.00000     0.00000     0.00000     0.00000     0.00000
   -43.81004     0.00000     0.00000     0.00000     0.00000     0.00000     0.00000     0.00000     0.00000     0.00000     0.00000
   -43.77504     0.00000     0.00000     0.00000     0.00000     0.00000     0.00000     0.00000     0.00000     0.00000     0.00000
   -43.73904     0.00000     0.00000     0.00000     0.00000     0.00000     0.00000     0.00000     0.00000     0.00000     0.00000
   -43.70404     0.00000     0.00000     0.00000     0.00000     0.00000     0.00000     0.00000     0.00000     0.00000     0.00000
   -43.66804     0.00000     0.00000     0.00000     0.00000     0.00000     0.00000     0.00000     0.00000     0.00000     0.00000
   -43.63304     0.00000     0.00000     0.00000     0.00000     0.00000     0.00000     0.00000     0.00000     0.00000     0.00000
   -43.59804     0.00000     0.00000     0.00000     0.00000     0.00000     0.00000     0.00000     0.00000     0.00000     0.00000
   -43.56204     0.00000     0.00000     0.00000     0.00000     0.00000     0.00000     0.00000     0.00000     0.00000     0.00000
   -43.52704     0.00000     0.00000     0.00000     0.00000     0.00000     0.00000     0.00000     0.00000     0.00000     0.00000
   -43.49104     0.00000     0.00000     0.00000     0.00000     0.00000     0.00000     0.00000     0.00000     0.00000     0.00000
   -43.45604     0.00000     0.00000     0.00000     0.00000     0.00000     0.00000     0.00000     0.00000     0.00000     0.00000
   -43.42004     0.00000     0.00000     0.00000     0.00000     0.00000     0.00000     0.00000     0.00000     0.00000     0.00000
   -43.38504     0.00000     0.00000     0.00000     0.00000     0.00000     0.00000     0.00000     0.00000     0.00000     0.00000
   -43.35004     0.00000     0.00000     0.00000     0.00000     0.00000     0.00000     0.00000     0.00000     0.00000     0.00000
   -43.31404     0.00000     0.00000     0.00000     0.00000     0.00000     0.00000     0.00000     0.00000     0.00000     0.00000
   -43.27904     0.00000     0.00000     0.00000     0.00000     0.00000     0.00000     0.00000     0.00000     0.00000     0.00000
   -43.24304     0.00000     0.00000     0.00000     0.00000     0.00000     0.00000     0.00000     0.00000     0.00000     0.00000
   -43.20804     0.00000     0.00000     0.00000     0.00000     0.00000     0.00000     0.00000     0.00000     0.00000     0.00000
   -43.17204     0.00000     0.00000     0.00000     0.00000     0.00000     0.00000     0.00000     0.00000     0.00000     0.00000
   -43.13704     0.00000     0.00000     0.00000     0.00000     0.00000     0.00000     0.00000     0.00000     0.00000     0.00000
   -43.10104     0.00000     0.00000     0.00000     0.00000     0.00000     0.00000     0.00000     0.00000     0.00000     0.00000
   -43.06604     0.00000     0.00000     0.00000     0.00000     0.00000     0.00000     0.00000     0.00000     0.00000     0.00000
   -43.03104     0.00000     0.00000     0.00000     0.00000     0.00000     0.00000     0.00000     0.00000     0.00000     0.00000
   -42.99504     0.00000     0.00000     0.00000     0.00000     0.00000     0.00000     0.00000     0.00000     0.00000     0.00000
   -42.96004     0.00000     0.00000     0.00000     0.00000     0.00000     0.00000     0.00000     0.00000     0.00000     0.00000
   -42.92404     0.00000     0.00000     0.00000     0.00000     0.00000     0.00000     0.00000     0.00000     0.00000     0.00000
   -42.88904     0.00000     0.00000     0.00000     0.00000     0.00000     0.00000     0.00000     0.00000     0.00000     0.00000
   -42.85304     0.00000     0.00000     0.00000     0.00000     0.00000     0.00000     0.00000     0.00000     0.00000     0.00000
   -42.81804     0.00000     0.00000     0.00000     0.00000     0.00000     0.00000     0.00000     0.00000     0.00000     0.00000
   -42.78204     0.00000     0.00000     0.00000     0.00000     0.00000     0.00000     0.00000     0.00000     0.00000     0.00000
   -42.74704     0.00000     0.00000     0.00000     0.00000     0.00000     0.00000     0.00000     0.00000     0.00000     0.00000
   -42.71204     0.00000     0.00000     0.00000     0.00000     0.00000     0.00000     0.00000     0.00000     0.00000     0.00000
   -42.67604     0.00000     0.00000     0.00000     0.00000     0.00000     0.00000     0.00000     0.00000     0.00000     0.00000
   -42.64104     0.00000     0.00000     0.00000     0.00000     0.00000     0.00000     0.00000     0.00000     0.00000     0.00000
   -42.60504     0.00000     0.00000     0.00000     0.00000     0.00000     0.00000     0.00000     0.00000     0.00000     0.00000
   -42.57004     0.00000     0.00000     0.00000     0.00000     0.00000     0.00000     0.00000     0.00000     0.00000     0.00000
   -42.53404     0.00000     0.00000     0.00000     0.00000     0.00000     0.00000     0.00000     0.00000     0.00000     0.00000
   -42.49904     0.00000     0.00000     0.00000     0.00000     0.00000     0.00000     0.00000     0.00000     0.00000     0.00000
   -42.46304     0.00000     0.00000     0.00000     0.00000     0.00000     0.00000     0.00000     0.00000     0.00000     0.00000
   -42.42804     0.00000     0.00000     0.00000     0.00000     0.00000     0.00000     0.00000     0.00000     0.00000     0.00000
   -42.39304     0.00000     0.00000     0.00000     0.00000     0.00000     0.00000     0.00000     0.00000     0.00000     0.00000
   -42.35704     0.00000     0.00000     0.00000     0.00000     0.00000     0.00000     0.00000     0.00000     0.00000     0.00000
   -42.32204     0.00000     0.00000     0.00000     0.00000     0.00000     0.00000     0.00000     0.00000     0.00000     0.00000
   -42.28604     0.00000     0.00000     0.00000     0.00000     0.00000     0.00000     0.00000     0.00000     0.00000     0.00000
   -42.25104     0.00000     0.00000     0.00000     0.00000     0.00000     0.00000     0.00000     0.00000     0.00000     0.00000
   -42.21504     0.00000     0.00000     0.00000     0.00000     0.00000     0.00000     0.00000     0.00000     0.00000     0.00000
   -42.18004     0.00000     0.00000     0.00000     0.00000     0.00000     0.00000     0.00000     0.00000     0.00000     0.00000
   -42.14404     0.00000     0.00000     0.00000     0.00000     0.00000     0.00000     0.00000     0.00000     0.00000     0.00000
   -42.10904     0.00000     0.00000     0.00000     0.00000     0.00000     0.00000     0.00000     0.00000     0.00000     0.00000
   -42.07404     0.00000     0.00000     0.00000     0.00000     0.00000     0.00000     0.00000     0.00000     0.00000     0.00000
   -42.03804     0.00000     0.00000     0.00000     0.00000     0.00000     0.00000     0.00000     0.00000     0.00000     0.00000
   -42.00304     0.00000     0.00000     0.00000     0.00000     0.00000     0.00000     0.00000     0.00000     0.00000     0.00000
   -41.96704     0.00000     0.00000     0.00000     0.00000     0.00000     0.00000     0.00000     0.00000     0.00000     0.00000
   -41.93204     0.00000     0.00000     0.00000     0.00000     0.00000     0.00000     0.00000     0.00000     0.00000     0.00000
   -41.89604     0.00000     0.00000     0.00000     0.00000     0.00000     0.00000     0.00000     0.00000     0.00000     0.00000
   -41.86104     0.00000     0.00000     0.00000     0.00000     0.00000     0.00000     0.00000     0.00000     0.00000     0.00000
   -41.82504     0.00000     0.00000     0.00000     0.00000     0.00000     0.00000     0.00000     0.00000     0.00000     0.00000
   -41.79004     0.00000     0.00000     0.00000     0.00000     0.00000     0.00000     0.00000     0.00000     0.00000     0.00000
   -41.75504     0.00000     0.00000     0.00000     0.00000     0.00000     0.00000     0.00000     0.00000     0.00000     0.00000
   -41.71904     0.00000     0.00000     0.00000     0.00000     0.00000     0.00000     0.00000     0.00000     0.00000     0.00000
   -41.68404     0.00000     0.00000     0.00000     0.00000     0.00000     0.00000     0.00000     0.00000     0.00000     0.00000
   -41.64804     0.00000     0.00000     0.00000     0.00000     0.00000     0.00000     0.00000     0.00000     0.00000     0.00000
   -41.61304     0.00000     0.00000     0.00000     0.00000     0.00000     0.00000     0.00000     0.00000     0.00000     0.00000
   -41.57704     0.00000     0.00000     0.00000     0.00000     0.00000     0.00000     0.00000     0.00000     0.00000     0.00000
   -41.54204     0.00000     0.00000     0.00000     0.00000     0.00000     0.00000     0.00000     0.00000     0.00000     0.00000
   -41.50604     0.00000     0.00000     0.00000     0.00000     0.00000     0.00000     0.00000     0.00000     0.00000     0.00000
   -41.47104     0.00000     0.00000     0.00000     0.00000     0.00000     0.00000     0.00000     0.00000     0.00000     0.00000
   -41.43604     0.00000     0.00000     0.00000     0.00000     0.00000     0.00000     0.00000     0.00000     0.00000     0.00000
   -41.40004     0.00000     0.00000     0.00000     0.00000     0.00000     0.00000     0.00000     0.00000     0.00000     0.00000
   -41.36504     0.00000     0.00000     0.00000     0.00000     0.00000     0.00000     0.00000     0.00000     0.00000     0.00000
   -41.32904     0.00000     0.00000     0.00000     0.00000     0.00000     0.00000     0.00000     0.00000     0.00000     0.00000
   -41.29404     0.00000     0.00000     0.00000     0.00000     0.00000     0.00000     0.00000     0.00000     0.00000     0.00000
   -41.25804     0.00000     0.00000     0.00000     0.00000     0.00000     0.00000     0.00000     0.00000     0.00000     0.00000
   -41.22304     0.00000     0.00000     0.00000     0.00000     0.00000     0.00000     0.00000     0.00000     0.00000     0.00000
   -41.18704     0.00000     0.00000     0.00000     0.00000     0.00000     0.00000     0.00000     0.00000     0.00000     0.00000
   -41.15204     0.00000     0.00000     0.00000     0.00000     0.00000     0.00000     0.00000     0.00000     0.00000     0.00000
   -41.11704     0.00000     0.00000     0.00000     0.00000     0.00000     0.00000     0.00000     0.00000     0.00000     0.00000
   -41.08104     0.00000     0.00000     0.00000     0.00000     0.00000     0.00000     0.00000     0.00000     0.00000     0.00000
   -41.04604     0.00000     0.00000     0.00000     0.00000     0.00000     0.00000     0.00000     0.00000     0.00000     0.00000
   -41.01004     0.00000     0.00000     0.00000     0.00000     0.00000     0.00000     0.00000     0.00000     0.00000     0.00000
   -40.97504     0.00000     0.00000     0.00000     0.00000     0.00000     0.00000     0.00000     0.00000     0.00000     0.00000
   -40.93904     0.00000     0.00000     0.00000     0.00000     0.00000     0.00000     0.00000     0.00000     0.00000     0.00000
   -40.90404     0.00000     0.00000     0.00000     0.00000     0.00000     0.00000     0.00000     0.00000     0.00000     0.00000
   -40.86804     0.00000     0.00000     0.00000     0.00000     0.00000     0.00000     0.00000     0.00000     0.00000     0.00000
   -40.83304     0.00000     0.00000     0.00000     0.00000     0.00000     0.00000     0.00000     0.00000     0.00000     0.00000
   -40.79804     0.00000     0.00000     0.00000     0.00000     0.00000     0.00000     0.00000     0.00000     0.00000     0.00000
   -40.76204     0.00000     0.00000     0.00000     0.00000     0.00000     0.00000     0.00000     0.00000     0.00000     0.00000
   -40.72704     0.00000     0.00000     0.00000     0.00000     0.00000     0.00000     0.00000     0.00000     0.00000     0.00000
   -40.69104     0.00000     0.00000     0.00000     0.00000     0.00000     0.00000     0.00000     0.00000     0.00000     0.00000
   -40.65604     0.00000     0.00000     0.00000     0.00000     0.00000     0.00000     0.00000     0.00000     0.00000     0.00000
   -40.62004     0.00000     0.00000     0.00000     0.00000     0.00000     0.00000     0.00000     0.00000     0.00000     0.00000
   -40.58504     0.00000     0.00000     0.00000     0.00000     0.00000     0.00000     0.00000     0.00000     0.00000     0.00000
   -40.54904     0.00000     0.00000     0.00000     0.00000     0.00000     0.00000     0.00000     0.00000     0.00000     0.00000
   -40.51404     0.00000     0.00000     0.00000     0.00000     0.00000     0.00000     0.00000     0.00000     0.00000     0.00000
   -40.47904     0.00000     0.00000     0.00000     0.00000     0.00000     0.00000     0.00000     0.00000     0.00000     0.00000
   -40.44304     0.00000     0.00000     0.00000     0.00000     0.00000     0.00000     0.00000     0.00000     0.00000     0.00000
   -40.40804     0.00000     0.00000     0.00000     0.00000     0.00000     0.00000     0.00000     0.00000     0.00000     0.00000
   -40.37204     0.00000     0.00000     0.00000     0.00000     0.00000     0.00000     0.00000     0.00000     0.00000     0.00000
   -40.33704     0.00000     0.00000     0.00000     0.00000     0.00000     0.00000     0.00000     0.00000     0.00000     0.00000
   -40.30104     0.00000     0.00000     0.00000     0.00000     0.00000     0.00000     0.00000     0.00000     0.00000     0.00000
   -40.26604     0.00000     0.00000     0.00000     0.00000     0.00000     0.00000     0.00000     0.00000     0.00000     0.00000
   -40.23104     0.00000     0.00000     0.00000     0.00000     0.00000     0.00000     0.00000     0.00000     0.00000     0.00000
   -40.19504     0.00000     0.00000     0.00000     0.00000     0.00000     0.00000     0.00000     0.00000     0.00000     0.00000
   -40.16004     0.00000     0.00000     0.00000     0.00000     0.00000     0.00000     0.00000     0.00000     0.00000     0.00000
   -40.12404     0.00000     0.00000     0.00000     0.00000     0.00000     0.00000     0.00000     0.00000     0.00000     0.00000
   -40.08904     0.00000     0.00000     0.00000     0.00000     0.00000     0.00000     0.00000     0.00000     0.00000     0.00000
   -40.05304     0.00000     0.00000     0.00000     0.00000     0.00000     0.00000     0.00000     0.00000     0.00000     0.00000
   -40.01804     0.00000     0.00000     0.00000     0.00000     0.00000     0.00000     0.00000     0.00000     0.00000     0.00000
   -39.98204     0.00000     0.00000     0.00000     0.00000     0.00000     0.00000     0.00000     0.00000     0.00000     0.00000
   -39.94704     0.00000     0.00000     0.00000     0.00000     0.00000     0.00000     0.00000     0.00000     0.00000     0.00000
   -39.91204     0.00000     0.00000     0.00000     0.00000     0.00000     0.00000     0.00000     0.00000     0.00000     0.00000
   -39.87604     0.00000     0.00000     0.00000     0.00000     0.00000     0.00000     0.00000     0.00000     0.00000     0.00000
   -39.84104     0.00000     0.00000     0.00000     0.00000     0.00000     0.00000     0.00000     0.00000     0.00000     0.00000
   -39.80504     0.00000     0.00000     0.00000     0.00000     0.00000     0.00000     0.00000     0.00000     0.00000     0.00000
   -39.77004     0.00000     0.00000     0.00000     0.00000     0.00000     0.00000     0.00000     0.00000     0.00000     0.00000
   -39.73404     0.00000     0.00000     0.00000     0.00000     0.00000     0.00000     0.00000     0.00000     0.00000     0.00000
   -39.69904     0.00000     0.00000     0.00000     0.00000     0.00000     0.00000     0.00000     0.00000     0.00000     0.00000
   -39.66304     0.00000     0.00000     0.00000     0.00000     0.00000     0.00000     0.00000     0.00000     0.00000     0.00000
   -39.62804     0.00000     0.00000     0.00000     0.00000     0.00000     0.00000     0.00000     0.00000     0.00000     0.00000
   -39.59304     0.00000     0.00000     0.00000     0.00000     0.00000     0.00000     0.00000     0.00000     0.00000     0.00000
   -39.55704     0.00000     0.00000     0.00000     0.00000     0.00000     0.00000     0.00000     0.00000     0.00000     0.00000
   -39.52204     0.00000     0.00000     0.00000     0.00000     0.00000     0.00000     0.00000     0.00000     0.00000     0.00000
   -39.48604     0.00000     0.00000     0.00000     0.00000     0.00000     0.00000     0.00000     0.00000     0.00000     0.00000
   -39.45104     0.00000     0.00000     0.00000     0.00000     0.00000     0.00000     0.00000     0.00000     0.00000     0.00000
   -39.41504     0.00000     0.00000     0.00000     0.00000     0.00000     0.00000     0.00000     0.00000     0.00000     0.00000
   -39.38004     0.00000     0.00000     0.00000     0.00000     0.00000     0.00000     0.00000     0.00000     0.00000     0.00000
   -39.34404     0.00000     0.00000     0.00000     0.00000     0.00000     0.00000     0.00000     0.00000     0.00000     0.00000
   -39.30904     0.00000     0.00000     0.00000     0.00000     0.00000     0.00000     0.00000     0.00000     0.00000     0.00000
   -39.27404     0.00000     0.00000     0.00000     0.00000     0.00000     0.00000     0.00000     0.00000     0.00000     0.00000
   -39.23804     0.00000     0.00000     0.00000     0.00000     0.00000     0.00000     0.00000     0.00000     0.00000     0.00000
   -39.20304     0.00000     0.00000     0.00000     0.00000     0.00000     0.00000     0.00000     0.00000     0.00000     0.00000
   -39.16704     0.00000     0.00000     0.00000     0.00000     0.00000     0.00000     0.00000     0.00000     0.00000     0.00000
   -39.13204     0.00000     0.00000     0.00000     0.00000     0.00000     0.00000     0.00000     0.00000     0.00000     0.00000
   -39.09604     0.00000     0.00000     0.00000     0.00000     0.00000     0.00000     0.00000     0.00000     0.00000     0.00000
   -39.06104     0.00000     0.00000     0.00000     0.00000     0.00000     0.00000     0.00000     0.00000     0.00000     0.00000
   -39.02504     0.00000     0.00000     0.00000     0.00000     0.00000     0.00000     0.00000     0.00000     0.00000     0.00000
   -38.99004     0.00000     0.00000     0.00000     0.00000     0.00000     0.00000     0.00000     0.00000     0.00000     0.00000
   -38.95504     0.00000     0.00000     0.00000     0.00000     0.00000     0.00000     0.00000     0.00000     0.00000     0.00000
   -38.91904     0.00000     0.00000     0.00000     0.00000     0.00000     0.00000     0.00000     0.00000     0.00000     0.00000
   -38.88404     0.00000     0.00000     0.00000     0.00000     0.00000     0.00000     0.00000     0.00000     0.00000     0.00000
   -38.84804     0.00000     0.00000     0.00000     0.00000     0.00000     0.00000     0.00000     0.00000     0.00000     0.00000
   -38.81304     0.00000     0.00000     0.00000     0.00000     0.00000     0.00000     0.00000     0.00000     0.00000     0.00000
   -38.77704     0.00000     0.00000     0.00000     0.00000     0.00000     0.00000     0.00000     0.00000     0.00000     0.00000
   -38.74204     0.00000     0.00000     0.00000     0.00000     0.00000     0.00000     0.00000     0.00000     0.00000     0.00000
   -38.70604     0.00000     0.00000     0.00000     0.00000     0.00000     0.00000     0.00000     0.00000     0.00000     0.00000
   -38.67104     0.00000     0.00000     0.00000     0.00000     0.00000     0.00000     0.00000     0.00000     0.00000     0.00000
   -38.63604     0.00000     0.00000     0.00000     0.00000     0.00000     0.00000     0.00000     0.00000     0.00000     0.00000
   -38.60004     0.00000     0.00000     0.00000     0.00000     0.00000     0.00000     0.00000     0.00000     0.00000     0.00000
   -38.56504     0.00000     0.00000     0.00000     0.00000     0.00000     0.00000     0.00000     0.00000     0.00000     0.00000
   -38.52904     0.00000     0.00000     0.00000     0.00000     0.00000     0.00000     0.00000     0.00000     0.00000     0.00000
   -38.49404     0.00000     0.00000     0.00000     0.00000     0.00000     0.00000     0.00000     0.00000     0.00000     0.00000
   -38.45804     0.00000     0.00000     0.00000     0.00000     0.00000     0.00000     0.00000     0.00000     0.00000     0.00000
   -38.42304     0.00000     0.00000     0.00000     0.00000     0.00000     0.00000     0.00000     0.00000     0.00000     0.00000
   -38.38704     0.00000     0.00000     0.00000     0.00000     0.00000     0.00000     0.00000     0.00000     0.00000     0.00000
   -38.35204     0.00000     0.00000     0.00000     0.00000     0.00000     0.00000     0.00000     0.00000     0.00000     0.00000
   -38.31704     0.00000     0.00000     0.00000     0.00000     0.00000     0.00000     0.00000     0.00000     0.00000     0.00000
   -38.28104     0.00000     0.00000     0.00000     0.00000     0.00000     0.00000     0.00000     0.00000     0.00000     0.00000
   -38.24604     0.00000     0.00000     0.00000     0.00000     0.00000     0.00000     0.00000     0.00000     0.00000     0.00000
   -38.21004     0.00000     0.00000     0.00000     0.00000     0.00000     0.00000     0.00000     0.00000     0.00000     0.00000
   -38.17504     0.00000     0.00000     0.00000     0.00000     0.00000     0.00000     0.00000     0.00000     0.00000     0.00000
   -38.13904     0.00000     0.00000     0.00000     0.00000     0.00000     0.00000     0.00000     0.00000     0.00000     0.00000
   -38.10404     0.00000     0.00000     0.00000     0.00000     0.00000     0.00000     0.00000     0.00000     0.00000     0.00000
   -38.06804     0.00000     0.00000     0.00000     0.00000     0.00000     0.00000     0.00000     0.00000     0.00000     0.00000
   -38.03304     0.00000     0.00000     0.00000     0.00000     0.00000     0.00000     0.00000     0.00000     0.00000     0.00000
   -37.99804     0.00000     0.00000     0.00000     0.00000     0.00000     0.00000     0.00000     0.00000     0.00000     0.00000
   -37.96204     0.00000     0.00000     0.00000     0.00000     0.00000     0.00000     0.00000     0.00000     0.00000     0.00000
   -37.92704     0.00000     0.00000     0.00000     0.00000     0.00000     0.00000     0.00000     0.00000     0.00000     0.00000
   -37.89104     0.00000     0.00000     0.00000     0.00000     0.00000     0.00000     0.00000     0.00000     0.00000     0.00000
   -37.85604     0.00000     0.00000     0.00000     0.00000     0.00000     0.00000     0.00000     0.00000     0.00000     0.00000
   -37.82004     0.00000     0.00000     0.00000     0.00000     0.00000     0.00000     0.00000     0.00000     0.00000     0.00000
   -37.78504     0.00000     0.00000     0.00000     0.00000     0.00000     0.00000     0.00000     0.00000     0.00000     0.00000
   -37.74904     0.00000     0.00000     0.00000     0.00000     0.00000     0.00000     0.00000     0.00000     0.00000     0.00000
   -37.71404     0.00000     0.00000     0.00000     0.00000     0.00000     0.00000     0.00000     0.00000     0.00000     0.00000
   -37.67904     0.00000     0.00000     0.00000     0.00000     0.00000     0.00000     0.00000     0.00000     0.00000     0.00000
   -37.64304     0.00000     0.00000     0.00000     0.00000     0.00000     0.00000     0.00000     0.00000     0.00000     0.00000
   -37.60804     0.00000     0.00000     0.00000     0.00000     0.00000     0.00000     0.00000     0.00000     0.00000     0.00000
   -37.57204     0.00000     0.00000     0.00000     0.00000     0.00000     0.00000     0.00000     0.00000     0.00000     0.00000
   -37.53704     0.00000     0.00000     0.00000     0.00000     0.00000     0.00000     0.00000     0.00000     0.00000     0.00000
   -37.50104     0.00000     0.00000     0.00000     0.00000     0.00000     0.00000     0.00000     0.00000     0.00000     0.00000
   -37.46604     0.00000     0.00000     0.00000     0.00000     0.00000     0.00000     0.00000     0.00000     0.00000     0.00000
   -37.43104     0.00000     0.00000     0.00000     0.00000     0.00000     0.00000     0.00000     0.00000     0.00000     0.00000
   -37.39504     0.00000     0.00000     0.00000     0.00000     0.00000     0.00000     0.00000     0.00000     0.00000     0.00000
   -37.36004     0.00000     0.00000     0.00000     0.00000     0.00000     0.00000     0.00000     0.00000     0.00000     0.00000
   -37.32404     0.00000     0.00000     0.00000     0.00000     0.00000     0.00000     0.00000     0.00000     0.00000     0.00000
   -37.28904     0.00000     0.00000     0.00000     0.00000     0.00000     0.00000     0.00000     0.00000     0.00000     0.00000
   -37.25304     0.00000     0.00000     0.00000     0.00000     0.00000     0.00000     0.00000     0.00000     0.00000     0.00000
   -37.21804     0.00000     0.00000     0.00000     0.00000     0.00000     0.00000     0.00000     0.00000     0.00000     0.00000
   -37.18204     0.00000     0.00000     0.00000     0.00000     0.00000     0.00000     0.00000     0.00000     0.00000     0.00000
   -37.14704     0.00000     0.00000     0.00000     0.00000     0.00000     0.00000     0.00000     0.00000     0.00000     0.00000
   -37.11204     0.00000     0.00000     0.00000     0.00000     0.00000     0.00000     0.00000     0.00000     0.00000     0.00000
   -37.07604     0.00000     0.00000     0.00000     0.00000     0.00000     0.00000     0.00000     0.00000     0.00000     0.00000
   -37.04104     0.00000     0.00000     0.00000     0.00000     0.00000     0.00000     0.00000     0.00000     0.00000     0.00000
   -37.00504     0.00000     0.00000     0.00000     0.00000     0.00000     0.00000     0.00000     0.00000     0.00000     0.00000
   -36.97004     0.00000     0.00000     0.00000     0.00000     0.00000     0.00000     0.00000     0.00000     0.00000     0.00000
   -36.93404     0.00000     0.00000     0.00000     0.00000     0.00000     0.00000     0.00000     0.00000     0.00000     0.00000
   -36.89904     0.00000     0.00000     0.00000     0.00000     0.00000     0.00000     0.00000     0.00000     0.00000     0.00000
   -36.86304     0.00000     0.00000     0.00000     0.00000     0.00000     0.00000     0.00000     0.00000     0.00000     0.00000
   -36.82804     0.00000     0.00000     0.00000     0.00000     0.00000     0.00000     0.00000     0.00000     0.00000     0.00000
   -36.79304     0.00000     0.00000     0.00000     0.00000     0.00000     0.00000     0.00000     0.00000     0.00000     0.00000
   -36.75704     0.00000     0.00000     0.00000     0.00000     0.00000     0.00000     0.00000     0.00000     0.00000     0.00000
   -36.72204     0.00000     0.00000     0.00000     0.00000     0.00000     0.00000     0.00000     0.00000     0.00000     0.00000
   -36.68604     0.00000     0.00000     0.00000     0.00000     0.00000     0.00000     0.00000     0.00000     0.00000     0.00000
   -36.65104     0.00000     0.00000     0.00000     0.00000     0.00000     0.00000     0.00000     0.00000     0.00000     0.00000
   -36.61504     0.00000     0.00000     0.00000     0.00000     0.00000     0.00000     0.00000     0.00000     0.00000     0.00000
   -36.58004     0.00000     0.00000     0.00000     0.00000     0.00000     0.00000     0.00000     0.00000     0.00000     0.00000
   -36.54404     0.00000     0.00000     0.00000     0.00000     0.00000     0.00000     0.00000     0.00000     0.00000     0.00000
   -36.50904     0.00000     0.00000     0.00000     0.00000     0.00000     0.00000     0.00000     0.00000     0.00000     0.00000
   -36.47404     0.00000     0.00000     0.00000     0.00000     0.00000     0.00000     0.00000     0.00000     0.00000     0.00000
   -36.43804     0.00000     0.00000     0.00000     0.00000     0.00000     0.00000     0.00000     0.00000     0.00000     0.00000
   -36.40304     0.00000     0.00000     0.00000     0.00000     0.00000     0.00000     0.00000     0.00000     0.00000     0.00000
   -36.36704     0.00000     0.00000     0.00000     0.00000     0.00000     0.00000     0.00000     0.00000     0.00000     0.00000
   -36.33204     0.00000     0.00000     0.00000     0.00000     0.00000     0.00000     0.00000     0.00000     0.00000     0.00000
   -36.29604     0.00000     0.00000     0.00000     0.00000     0.00000     0.00000     0.00000     0.00000     0.00000     0.00000
   -36.26104     0.00000     0.00000     0.00000     0.00000     0.00000     0.00000     0.00000     0.00000     0.00000     0.00000
   -36.22504     0.00000     0.00000     0.00000     0.00000     0.00000     0.00000     0.00000     0.00000     0.00000     0.00000
   -36.19004     0.00000     0.00000     0.00000     0.00000     0.00000     0.00000     0.00000     0.00000     0.00000     0.00000
   -36.15504     0.00000     0.00000     0.00000     0.00000     0.00000     0.00000     0.00000     0.00000     0.00000     0.00000
   -36.11904     0.00000     0.00000     0.00000     0.00000     0.00000     0.00000     0.00000     0.00000     0.00000     0.00000
   -36.08404     0.00000     0.00000     0.00000     0.00000     0.00000     0.00000     0.00000     0.00000     0.00000     0.00000
   -36.04804     0.00000     0.00000     0.00000     0.00000     0.00000     0.00000     0.00000     0.00000     0.00000     0.00000
   -36.01304     0.00000     0.00000     0.00000     0.00000     0.00000     0.00000     0.00000     0.00000     0.00000     0.00000
   -35.97704     0.00000     0.00000     0.00000     0.00000     0.00000     0.00000     0.00000     0.00000     0.00000     0.00000
   -35.94204     0.00000     0.00000     0.00000     0.00000     0.00000     0.00000     0.00000     0.00000     0.00000     0.00000
   -35.90604     0.00000     0.00000     0.00000     0.00000     0.00000     0.00000     0.00000     0.00000     0.00000     0.00000
   -35.87104     0.00000     0.00000     0.00000     0.00000     0.00000     0.00000     0.00000     0.00000     0.00000     0.00000
   -35.83604     0.00000     0.00000     0.00000     0.00000     0.00000     0.00000     0.00000     0.00000     0.00000     0.00000
   -35.80004     0.00000     0.00000     0.00000     0.00000     0.00000     0.00000     0.00000     0.00000     0.00000     0.00000
   -35.76504     0.00000     0.00000     0.00000     0.00000     0.00000     0.00000     0.00000     0.00000     0.00000     0.00000
   -35.72904     0.00000     0.00000     0.00000     0.00000     0.00000     0.00000     0.00000     0.00000     0.00000     0.00000
   -35.69404     0.00000     0.00000     0.00000     0.00000     0.00000     0.00000     0.00000     0.00000     0.00000     0.00000
   -35.65804     0.00000     0.00000     0.00000     0.00000     0.00000     0.00000     0.00000     0.00000     0.00000     0.00000
   -35.62304     0.00000     0.00000     0.00000     0.00000     0.00000     0.00000     0.00000     0.00000     0.00000     0.00000
   -35.58704     0.00000     0.00000     0.00000     0.00000     0.00000     0.00000     0.00000     0.00000     0.00000     0.00000
   -35.55204     0.00000     0.00000     0.00000     0.00000     0.00000     0.00000     0.00000     0.00000     0.00000     0.00000
   -35.51704     0.00000     0.00000     0.00000     0.00000     0.00000     0.00000     0.00000     0.00000     0.00000     0.00000
   -35.48104     0.00000     0.00000     0.00000     0.00000     0.00000     0.00000     0.00000     0.00000     0.00000     0.00000
   -35.44604     0.00000     0.00000     0.00000     0.00000     0.00000     0.00000     0.00000     0.00000     0.00000     0.00000
   -35.41004     0.00000     0.00000     0.00000     0.00000     0.00000     0.00000     0.00000     0.00000     0.00000     0.00000
   -35.37504     0.00000     0.00000     0.00000     0.00000     0.00000     0.00000     0.00000     0.00000     0.00000     0.00000
   -35.33904     0.00000     0.00000     0.00000     0.00000     0.00000     0.00000     0.00000     0.00000     0.00000     0.00000
   -35.30404     0.00000     0.00000     0.00000     0.00000     0.00000     0.00000     0.00000     0.00000     0.00000     0.00000
   -35.26804     0.00000     0.00000     0.00000     0.00000     0.00000     0.00000     0.00000     0.00000     0.00000     0.00000
   -35.23304     0.00000     0.00000     0.00000     0.00000     0.00000     0.00000     0.00000     0.00000     0.00000     0.00000
   -35.19804     0.00000     0.00000     0.00000     0.00000     0.00000     0.00000     0.00000     0.00000     0.00000     0.00000
   -35.16204     0.00000     0.00000     0.00000     0.00000     0.00000     0.00000     0.00000     0.00000     0.00000     0.00000
   -35.12704     0.00000     0.00000     0.00000     0.00000     0.00000     0.00000     0.00000     0.00000     0.00000     0.00000
   -35.09104     0.00000     0.00000     0.00000     0.00000     0.00000     0.00000     0.00000     0.00000     0.00000     0.00000
   -35.05604     0.00000     0.00000     0.00000     0.00000     0.00000     0.00000     0.00000     0.00000     0.00000     0.00000
   -35.02004     0.00000     0.00000     0.00000     0.00000     0.00000     0.00000     0.00000     0.00000     0.00000     0.00000
   -34.98504     0.00000     0.00000     0.00000     0.00000     0.00000     0.00000     0.00000     0.00000     0.00000     0.00000
   -34.94904     0.00000     0.00000     0.00000     0.00000     0.00000     0.00000     0.00000     0.00000     0.00000     0.00000
   -34.91404     0.00000     0.00000     0.00000     0.00000     0.00000     0.00000     0.00000     0.00000     0.00000     0.00000
   -34.87904     0.00000     0.00000     0.00000     0.00000     0.00000     0.00000     0.00000     0.00000     0.00000     0.00000
   -34.84304     0.00000     0.00000     0.00000     0.00000     0.00000     0.00000     0.00000     0.00000     0.00000     0.00000
   -34.80804     0.00000     0.00000     0.00000     0.00000     0.00000     0.00000     0.00000     0.00000     0.00000     0.00000
   -34.77204     0.00000     0.00000     0.00000     0.00000     0.00000     0.00000     0.00000     0.00000     0.00000     0.00000
   -34.73704     0.00000     0.00000     0.00000     0.00000     0.00000     0.00000     0.00000     0.00000     0.00000     0.00000
   -34.70104     0.00000     0.00000     0.00000     0.00000     0.00000     0.00000     0.00000     0.00000     0.00000     0.00000
   -34.66604     0.00000     0.00000     0.00000     0.00000     0.00000     0.00000     0.00000     0.00000     0.00000     0.00000
   -34.63004     0.00000     0.00000     0.00000     0.00000     0.00000     0.00000     0.00000     0.00000     0.00000     0.00000
   -34.59504     0.00000     0.00000     0.00000     0.00000     0.00000     0.00000     0.00000     0.00000     0.00000     0.00000
   -34.56004     0.00000     0.00000     0.00000     0.00000     0.00000     0.00000     0.00000     0.00000     0.00000     0.00000
   -34.52404     0.00000     0.00000     0.00000     0.00000     0.00000     0.00000     0.00000     0.00000     0.00000     0.00000
   -34.48904     0.00000     0.00000     0.00000     0.00000     0.00000     0.00000     0.00000     0.00000     0.00000     0.00000
   -34.45304     0.00000     0.00000     0.00000     0.00000     0.00000     0.00000     0.00000     0.00000     0.00000     0.00000
   -34.41804     0.00000     0.00000     0.00000     0.00000     0.00000     0.00000     0.00000     0.00000     0.00000     0.00000
   -34.38204     0.00000     0.00000     0.00000     0.00000     0.00000     0.00000     0.00000     0.00000     0.00000     0.00000
   -34.34704     0.00000     0.00000     0.00000     0.00000     0.00000     0.00000     0.00000     0.00000     0.00000     0.00000
   -34.31204     0.00000     0.00000     0.00000     0.00000     0.00000     0.00000     0.00000     0.00000     0.00000     0.00000
   -34.27604     0.00000     0.00000     0.00000     0.00000     0.00000     0.00000     0.00000     0.00000     0.00000     0.00000
   -34.24104     0.00000     0.00000     0.00000     0.00000     0.00000     0.00000     0.00000     0.00000     0.00000     0.00000
   -34.20504     0.00000     0.00000     0.00000     0.00000     0.00000     0.00000     0.00000     0.00000     0.00000     0.00000
   -34.17004     0.00000     0.00000     0.00000     0.00000     0.00000     0.00000     0.00000     0.00000     0.00000     0.00000
   -34.13404     0.00000     0.00000     0.00000     0.00000     0.00000     0.00000     0.00000     0.00000     0.00000     0.00000
   -34.09904     0.00000     0.00000     0.00000     0.00000     0.00000     0.00000     0.00000     0.00000     0.00000     0.00000
   -34.06304     0.00000     0.00000     0.00000     0.00000     0.00000     0.00000     0.00000     0.00000     0.00000     0.00000
   -34.02804     0.00000     0.00000     0.00000     0.00000     0.00000     0.00000     0.00000     0.00000     0.00000     0.00000
   -33.99304     0.00000     0.00000     0.00000     0.00000     0.00000     0.00000     0.00000     0.00000     0.00000     0.00000
   -33.95704     0.00000     0.00000     0.00000     0.00000     0.00000     0.00000     0.00000     0.00000     0.00000     0.00000
   -33.92204     0.00000     0.00000     0.00000     0.00000     0.00000     0.00000     0.00000     0.00000     0.00000     0.00000
   -33.88604     0.00000     0.00000     0.00000     0.00000     0.00000     0.00000     0.00000     0.00000     0.00000     0.00000
   -33.85104     0.00000     0.00000     0.00000     0.00000     0.00000     0.00000     0.00000     0.00000     0.00000     0.00000
   -33.81504     0.00000     0.00000     0.00000     0.00000     0.00000     0.00000     0.00000     0.00000     0.00000     0.00000
   -33.78004     0.00000     0.00000     0.00000     0.00000     0.00000     0.00000     0.00000     0.00000     0.00000     0.00000
   -33.74404     0.00000     0.00000     0.00000     0.00000     0.00000     0.00000     0.00000     0.00000     0.00000     0.00000
   -33.70904     0.00000     0.00000     0.00000     0.00000     0.00000     0.00000     0.00000     0.00000     0.00000     0.00000
   -33.67404     0.00000     0.00000     0.00000     0.00000     0.00000     0.00000     0.00000     0.00000     0.00000     0.00000
   -33.63804     0.00000     0.00000     0.00000     0.00000     0.00000     0.00000     0.00000     0.00000     0.00000     0.00000
   -33.60304     0.00000     0.00000     0.00000     0.00000     0.00000     0.00000     0.00000     0.00000     0.00000     0.00000
   -33.56704     0.00901     0.00023     0.00010     0.00023     0.00000     0.00000     0.00000     0.00000     0.00000     0.00958
   -33.53204     0.01792     0.00198     0.00058     0.00198     0.00000     0.00000     0.00000     0.00000     0.00000     0.02246
   -33.49604     0.01950     0.00811     0.00120     0.00811     0.00000     0.00000     0.00000     0.00000     0.00000     0.03692
   -33.46104     0.02294     0.01170     0.00336     0.01170     0.00000     0.00000     0.00000     0.00000     0.00000     0.04970
   -33.42504     0.02406     0.00609     0.01363     0.00609     0.00000     0.00000     0.00000     0.00000     0.00000     0.04987
   -33.39004     0.02352     0.00478     0.01849     0.00478     0.00000     0.00000     0.00000     0.00000     0.00000     0.05156
   -33.35504     0.00923     0.00297     0.01749     0.00297     0.00000     0.00000     0.00000     0.00000     0.00000     0.03266
   -33.31904     0.00503     0.00151     0.00782     0.00151     0.00000     0.00000     0.00000     0.00000     0.00000     0.01587
   -33.28404     0.00407     0.00106     0.00303     0.00106     0.00000     0.00000     0.00000     0.00000     0.00000     0.00921
   -33.24804     0.00345     0.00133     0.00260     0.00133     0.00000     0.00000     0.00000     0.00000     0.00000     0.00872
   -33.21304     0.00295     0.00196     0.00223     0.00196     0.00000     0.00000     0.00000     0.00000     0.00000     0.00909
   -33.17704     0.00233     0.00353     0.00187     0.00353     0.00000     0.00000     0.00000     0.00000     0.00000     0.01126
   -33.14204     0.00133     0.00488     0.00111     0.00488     0.00000     0.00000     0.00000     0.00000     0.00000     0.01220
   -33.10604     0.00046     0.00257     0.00047     0.00257     0.00000     0.00000     0.00000     0.00000     0.00000     0.00607
   -33.07104     0.00007     0.00118     0.00009     0.00118     0.00000     0.00000     0.00000     0.00000     0.00000     0.00253
   -33.03604     0.00000     0.00002     0.00000     0.00002     0.00000     0.00000     0.00000     0.00000     0.00000     0.00004
   -33.00004     0.00000     0.00000     0.00000     0.00000     0.00000     0.00000     0.00000     0.00000     0.00000     0.00000
   -32.96504     0.00000     0.00000     0.00000     0.00000     0.00000     0.00000     0.00000     0.00000     0.00000     0.00000
   -32.92904     0.00000     0.00000     0.00000     0.00000     0.00000     0.00000     0.00000     0.00000     0.00000     0.00000
   -32.89404     0.00000     0.00000     0.00000     0.00000     0.00000     0.00000     0.00000     0.00000     0.00000     0.00000
   -32.85804     0.00000     0.00000     0.00000     0.00000     0.00000     0.00000     0.00000     0.00000     0.00000     0.00000
   -32.82304     0.00000     0.00000     0.00000     0.00000     0.00000     0.00000     0.00000     0.00000     0.00000     0.00000
   -32.78704     0.00000     0.00000     0.00000     0.00000     0.00000     0.00000     0.00000     0.00000     0.00000     0.00000
   -32.75204     0.00000     0.00000     0.00000     0.00000     0.00000     0.00000     0.00000     0.00000     0.00000     0.00000
   -32.71704     0.00000     0.00000     0.00000     0.00000     0.00000     0.00000     0.00000     0.00000     0.00000     0.00000
   -32.68104     0.00000     0.00000     0.00000     0.00000     0.00000     0.00000     0.00000     0.00000     0.00000     0.00000
   -32.64604     0.00000     0.00000     0.00000     0.00000     0.00000     0.00000     0.00000     0.00000     0.00000     0.00000
   -32.61004     0.00000     0.00000     0.00000     0.00000     0.00000     0.00000     0.00000     0.00000     0.00000     0.00000
   -32.57504     0.00000     0.00000     0.00000     0.00000     0.00000     0.00000     0.00000     0.00000     0.00000     0.00000
   -32.53904     0.00000     0.00000     0.00000     0.00000     0.00000     0.00000     0.00000     0.00000     0.00000     0.00000
   -32.50404     0.00000     0.00000     0.00000     0.00000     0.00000     0.00000     0.00000     0.00000     0.00000     0.00000
   -32.46804     0.00000     0.00000     0.00000     0.00000     0.00000     0.00000     0.00000     0.00000     0.00000     0.00000
   -32.43304     0.00000     0.00000     0.00000     0.00000     0.00000     0.00000     0.00000     0.00000     0.00000     0.00000
   -32.39804     0.00000     0.00000     0.00000     0.00000     0.00000     0.00000     0.00000     0.00000     0.00000     0.00000
   -32.36204     0.00000     0.00000     0.00000     0.00000     0.00000     0.00000     0.00000     0.00000     0.00000     0.00000
   -32.32704     0.00000     0.00000     0.00000     0.00000     0.00000     0.00000     0.00000     0.00000     0.00000     0.00000
   -32.29104     0.00000     0.00000     0.00000     0.00000     0.00000     0.00000     0.00000     0.00000     0.00000     0.00000
   -32.25604     0.00000     0.00000     0.00000     0.00000     0.00000     0.00000     0.00000     0.00000     0.00000     0.00000
   -32.22004     0.00000     0.00000     0.00000     0.00000     0.00000     0.00000     0.00000     0.00000     0.00000     0.00000
   -32.18504     0.00000     0.00000     0.00000     0.00000     0.00000     0.00000     0.00000     0.00000     0.00000     0.00000
   -32.14904     0.00000     0.00000     0.00000     0.00000     0.00000     0.00000     0.00000     0.00000     0.00000     0.00000
   -32.11404     0.00000     0.00000     0.00000     0.00000     0.00000     0.00000     0.00000     0.00000     0.00000     0.00000
   -32.07904     0.00000     0.00000     0.00000     0.00000     0.00000     0.00000     0.00000     0.00000     0.00000     0.00000
   -32.04304     0.00000     0.00000     0.00000     0.00000     0.00000     0.00000     0.00000     0.00000     0.00000     0.00000
   -32.00804     0.00000     0.00000     0.00000     0.00000     0.00000     0.00000     0.00000     0.00000     0.00000     0.00000
   -31.97204     0.00000     0.00000     0.00000     0.00000     0.00000     0.00000     0.00000     0.00000     0.00000     0.00000
   -31.93704     0.00000     0.00000     0.00000     0.00000     0.00000     0.00000     0.00000     0.00000     0.00000     0.00000
   -31.90104     0.00000     0.00000     0.00000     0.00000     0.00000     0.00000     0.00000     0.00000     0.00000     0.00000
   -31.86604     0.00000     0.00000     0.00000     0.00000     0.00000     0.00000     0.00000     0.00000     0.00000     0.00000
   -31.83004     0.00000     0.00000     0.00000     0.00000     0.00000     0.00000     0.00000     0.00000     0.00000     0.00000
   -31.79504     0.00000     0.00000     0.00000     0.00000     0.00000     0.00000     0.00000     0.00000     0.00000     0.00000
   -31.76004     0.00000     0.00000     0.00000     0.00000     0.00000     0.00000     0.00000     0.00000     0.00000     0.00000
   -31.72404     0.00000     0.00000     0.00000     0.00000     0.00000     0.00000     0.00000     0.00000     0.00000     0.00000
   -31.68904     0.00000     0.00000     0.00000     0.00000     0.00000     0.00000     0.00000     0.00000     0.00000     0.00000
   -31.65304     0.00000     0.00000     0.00000     0.00000     0.00000     0.00000     0.00000     0.00000     0.00000     0.00000
   -31.61804     0.00000     0.00000     0.00000     0.00000     0.00000     0.00000     0.00000     0.00000     0.00000     0.00000
   -31.58204     0.00000     0.00000     0.00000     0.00000     0.00000     0.00000     0.00000     0.00000     0.00000     0.00000
   -31.54704     0.00000     0.00000     0.00000     0.00000     0.00000     0.00000     0.00000     0.00000     0.00000     0.00000
   -31.51204     0.00000     0.00000     0.00000     0.00000     0.00000     0.00000     0.00000     0.00000     0.00000     0.00000
   -31.47604     0.00000     0.00000     0.00000     0.00000     0.00000     0.00000     0.00000     0.00000     0.00000     0.00000
   -31.44104     0.00000     0.00000     0.00000     0.00000     0.00000     0.00000     0.00000     0.00000     0.00000     0.00000
   -31.40504     0.00000     0.00000     0.00000     0.00000     0.00000     0.00000     0.00000     0.00000     0.00000     0.00000
   -31.37004     0.00000     0.00000     0.00000     0.00000     0.00000     0.00000     0.00000     0.00000     0.00000     0.00000
   -31.33404     0.00000     0.00000     0.00000     0.00000     0.00000     0.00000     0.00000     0.00000     0.00000     0.00000
   -31.29904     0.00000     0.00000     0.00000     0.00000     0.00000     0.00000     0.00000     0.00000     0.00000     0.00000
   -31.26304     0.00000     0.00000     0.00000     0.00000     0.00000     0.00000     0.00000     0.00000     0.00000     0.00000
   -31.22804     0.00000     0.00000     0.00000     0.00000     0.00000     0.00000     0.00000     0.00000     0.00000     0.00000
   -31.19304     0.00000     0.00000     0.00000     0.00000     0.00000     0.00000     0.00000     0.00000     0.00000     0.00000
   -31.15704     0.00000     0.00000     0.00000     0.00000     0.00000     0.00000     0.00000     0.00000     0.00000     0.00000
   -31.12204     0.00000     0.00000     0.00000     0.00000     0.00000     0.00000     0.00000     0.00000     0.00000     0.00000
   -31.08604     0.00000     0.00000     0.00000     0.00000     0.00000     0.00000     0.00000     0.00000     0.00000     0.00000
   -31.05104     0.00000     0.00000     0.00000     0.00000     0.00000     0.00000     0.00000     0.00000     0.00000     0.00000
   -31.01504     0.00000     0.00000     0.00000     0.00000     0.00000     0.00000     0.00000     0.00000     0.00000     0.00000
   -30.98004     0.00000     0.00000     0.00000     0.00000     0.00000     0.00000     0.00000     0.00000     0.00000     0.00000
   -30.94404     0.00000     0.00000     0.00000     0.00000     0.00000     0.00000     0.00000     0.00000     0.00000     0.00000
   -30.90904     0.00000     0.00000     0.00000     0.00000     0.00000     0.00000     0.00000     0.00000     0.00000     0.00000
   -30.87404     0.00000     0.00000     0.00000     0.00000     0.00000     0.00000     0.00000     0.00000     0.00000     0.00000
   -30.83804     0.00000     0.00000     0.00000     0.00000     0.00000     0.00000     0.00000     0.00000     0.00000     0.00000
   -30.80304     0.00000     0.00000     0.00000     0.00000     0.00000     0.00000     0.00000     0.00000     0.00000     0.00000
   -30.76704     0.00000     0.00000     0.00000     0.00000     0.00000     0.00000     0.00000     0.00000     0.00000     0.00000
   -30.73204     0.00000     0.00000     0.00000     0.00000     0.00000     0.00000     0.00000     0.00000     0.00000     0.00000
   -30.69604     0.00000     0.00000     0.00000     0.00000     0.00000     0.00000     0.00000     0.00000     0.00000     0.00000
   -30.66104     0.00000     0.00000     0.00000     0.00000     0.00000     0.00000     0.00000     0.00000     0.00000     0.00000
   -30.62504     0.00000     0.00000     0.00000     0.00000     0.00000     0.00000     0.00000     0.00000     0.00000     0.00000
   -30.59004     0.00000     0.00000     0.00000     0.00000     0.00000     0.00000     0.00000     0.00000     0.00000     0.00000
   -30.55504     0.00000     0.00000     0.00000     0.00000     0.00000     0.00000     0.00000     0.00000     0.00000     0.00000
   -30.51904     0.00000     0.00000     0.00000     0.00000     0.00000     0.00000     0.00000     0.00000     0.00000     0.00000
   -30.48404     0.00000     0.00000     0.00000     0.00000     0.00000     0.00000     0.00000     0.00000     0.00000     0.00000
   -30.44804     0.00000     0.00000     0.00000     0.00000     0.00000     0.00000     0.00000     0.00000     0.00000     0.00000
   -30.41304     0.00000     0.00000     0.00000     0.00000     0.00000     0.00000     0.00000     0.00000     0.00000     0.00000
   -30.37704     0.00000     0.00000     0.00000     0.00000     0.00000     0.00000     0.00000     0.00000     0.00000     0.00000
   -30.34204     0.00000     0.00000     0.00000     0.00000     0.00000     0.00000     0.00000     0.00000     0.00000     0.00000
   -30.30604     0.00000     0.00000     0.00000     0.00000     0.00000     0.00000     0.00000     0.00000     0.00000     0.00000
   -30.27104     0.00000     0.00000     0.00000     0.00000     0.00000     0.00000     0.00000     0.00000     0.00000     0.00000
   -30.23604     0.00000     0.00000     0.00000     0.00000     0.00000     0.00000     0.00000     0.00000     0.00000     0.00000
   -30.20004     0.00000     0.00000     0.00000     0.00000     0.00000     0.00000     0.00000     0.00000     0.00000     0.00000
   -30.16504     0.00000     0.00000     0.00000     0.00000     0.00000     0.00000     0.00000     0.00000     0.00000     0.00000
   -30.12904     0.00000     0.00000     0.00000     0.00000     0.00000     0.00000     0.00000     0.00000     0.00000     0.00000
   -30.09404     0.00000     0.00000     0.00000     0.00000     0.00000     0.00000     0.00000     0.00000     0.00000     0.00000
   -30.05804     0.00000     0.00000     0.00000     0.00000     0.00000     0.00000     0.00000     0.00000     0.00000     0.00000
   -30.02304     0.00000     0.00000     0.00000     0.00000     0.00000     0.00000     0.00000     0.00000     0.00000     0.00000
   -29.98704     0.00000     0.00000     0.00000     0.00000     0.00000     0.00000     0.00000     0.00000     0.00000     0.00000
   -29.95204     0.00000     0.00000     0.00000     0.00000     0.00000     0.00000     0.00000     0.00000     0.00000     0.00000
   -29.91704     0.00000     0.00000     0.00000     0.00000     0.00000     0.00000     0.00000     0.00000     0.00000     0.00000
   -29.88104     0.00000     0.00000     0.00000     0.00000     0.00000     0.00000     0.00000     0.00000     0.00000     0.00000
   -29.84604     0.00000     0.00000     0.00000     0.00000     0.00000     0.00000     0.00000     0.00000     0.00000     0.00000
   -29.81004     0.00000     0.00000     0.00000     0.00000     0.00000     0.00000     0.00000     0.00000     0.00000     0.00000
   -29.77504     0.00000     0.00000     0.00000     0.00000     0.00000     0.00000     0.00000     0.00000     0.00000     0.00000
   -29.73904     0.00000     0.00000     0.00000     0.00000     0.00000     0.00000     0.00000     0.00000     0.00000     0.00000
   -29.70404     0.00000     0.00000     0.00000     0.00000     0.00000     0.00000     0.00000     0.00000     0.00000     0.00000
   -29.66804     0.00000     0.00000     0.00000     0.00000     0.00000     0.00000     0.00000     0.00000     0.00000     0.00000
   -29.63304     0.00000     0.00000     0.00000     0.00000     0.00000     0.00000     0.00000     0.00000     0.00000     0.00000
   -29.59804     0.00000     0.00000     0.00000     0.00000     0.00000     0.00000     0.00000     0.00000     0.00000     0.00000
   -29.56204     0.00000     0.00000     0.00000     0.00000     0.00000     0.00000     0.00000     0.00000     0.00000     0.00000
   -29.52704     0.00000     0.00000     0.00000     0.00000     0.00000     0.00000     0.00000     0.00000     0.00000     0.00000
   -29.49104     0.00000     0.00000     0.00000     0.00000     0.00000     0.00000     0.00000     0.00000     0.00000     0.00000
   -29.45604     0.00000     0.00000     0.00000     0.00000     0.00000     0.00000     0.00000     0.00000     0.00000     0.00000
   -29.42004     0.00000     0.00000     0.00000     0.00000     0.00000     0.00000     0.00000     0.00000     0.00000     0.00000
   -29.38504     0.00000     0.00000     0.00000     0.00000     0.00000     0.00000     0.00000     0.00000     0.00000     0.00000
   -29.34904     0.00000     0.00000     0.00000     0.00000     0.00000     0.00000     0.00000     0.00000     0.00000     0.00000
   -29.31404     0.00000     0.00000     0.00000     0.00000     0.00000     0.00000     0.00000     0.00000     0.00000     0.00000
   -29.27904     0.00000     0.00000     0.00000     0.00000     0.00000     0.00000     0.00000     0.00000     0.00000     0.00000
   -29.24304     0.00000     0.00000     0.00000     0.00000     0.00000     0.00000     0.00000     0.00000     0.00000     0.00000
   -29.20804     0.00000     0.00000     0.00000     0.00000     0.00000     0.00000     0.00000     0.00000     0.00000     0.00000
   -29.17204     0.00000     0.00000     0.00000     0.00000     0.00000     0.00000     0.00000     0.00000     0.00000     0.00000
   -29.13704     0.00000     0.00000     0.00000     0.00000     0.00000     0.00000     0.00000     0.00000     0.00000     0.00000
   -29.10104     0.00000     0.00000     0.00000     0.00000     0.00000     0.00000     0.00000     0.00000     0.00000     0.00000
   -29.06604     0.00000     0.00000     0.00000     0.00000     0.00000     0.00000     0.00000     0.00000     0.00000     0.00000
   -29.03004     0.00000     0.00000     0.00000     0.00000     0.00000     0.00000     0.00000     0.00000     0.00000     0.00000
   -28.99504     0.00000     0.00000     0.00000     0.00000     0.00000     0.00000     0.00000     0.00000     0.00000     0.00000
   -28.96004     0.00000     0.00000     0.00000     0.00000     0.00000     0.00000     0.00000     0.00000     0.00000     0.00000
   -28.92404     0.00000     0.00000     0.00000     0.00000     0.00000     0.00000     0.00000     0.00000     0.00000     0.00000
   -28.88904     0.00000     0.00000     0.00000     0.00000     0.00000     0.00000     0.00000     0.00000     0.00000     0.00000
   -28.85304     0.00000     0.00000     0.00000     0.00000     0.00000     0.00000     0.00000     0.00000     0.00000     0.00000
   -28.81804     0.00000     0.00000     0.00000     0.00000     0.00000     0.00000     0.00000     0.00000     0.00000     0.00000
   -28.78204     0.00000     0.00000     0.00000     0.00000     0.00000     0.00000     0.00000     0.00000     0.00000     0.00000
   -28.74704     0.00000     0.00000     0.00000     0.00000     0.00000     0.00000     0.00000     0.00000     0.00000     0.00000
   -28.71104     0.00000     0.00000     0.00000     0.00000     0.00000     0.00000     0.00000     0.00000     0.00000     0.00000
   -28.67604     0.00000     0.00000     0.00000     0.00000     0.00000     0.00000     0.00000     0.00000     0.00000     0.00000
   -28.64104     0.00000     0.00000     0.00000     0.00000     0.00000     0.00000     0.00000     0.00000     0.00000     0.00000
   -28.60504     0.00000     0.00000     0.00000     0.00000     0.00000     0.00000     0.00000     0.00000     0.00000     0.00000
   -28.57004     0.00000     0.00000     0.00000     0.00000     0.00000     0.00000     0.00000     0.00000     0.00000     0.00000
   -28.53404     0.00000     0.00000     0.00000     0.00000     0.00000     0.00000     0.00000     0.00000     0.00000     0.00000
   -28.49904     0.00000     0.00000     0.00000     0.00000     0.00000     0.00000     0.00000     0.00000     0.00000     0.00000
   -28.46304     0.00000     0.00000     0.00000     0.00000     0.00000     0.00000     0.00000     0.00000     0.00000     0.00000
   -28.42804     0.00000     0.00000     0.00000     0.00000     0.00000     0.00000     0.00000     0.00000     0.00000     0.00000
   -28.39304     0.00000     0.00000     0.00000     0.00000     0.00000     0.00000     0.00000     0.00000     0.00000     0.00000
   -28.35704     0.00000     0.00000     0.00000     0.00000     0.00000     0.00000     0.00000     0.00000     0.00000     0.00000
   -28.32204     0.00000     0.00000     0.00000     0.00000     0.00000     0.00000     0.00000     0.00000     0.00000     0.00000
   -28.28604     0.00000     0.00000     0.00000     0.00000     0.00000     0.00000     0.00000     0.00000     0.00000     0.00000
   -28.25104     0.00000     0.00000     0.00000     0.00000     0.00000     0.00000     0.00000     0.00000     0.00000     0.00000
   -28.21504     0.00000     0.00000     0.00000     0.00000     0.00000     0.00000     0.00000     0.00000     0.00000     0.00000
   -28.18004     0.00000     0.00000     0.00000     0.00000     0.00000     0.00000     0.00000     0.00000     0.00000     0.00000
   -28.14404     0.00000     0.00000     0.00000     0.00000     0.00000     0.00000     0.00000     0.00000     0.00000     0.00000
   -28.10904     0.00000     0.00000     0.00000     0.00000     0.00000     0.00000     0.00000     0.00000     0.00000     0.00000
   -28.07404     0.00000     0.00000     0.00000     0.00000     0.00000     0.00000     0.00000     0.00000     0.00000     0.00000
   -28.03804     0.00000     0.00000     0.00000     0.00000     0.00000     0.00000     0.00000     0.00000     0.00000     0.00000
   -28.00304     0.00000     0.00000     0.00000     0.00000     0.00000     0.00000     0.00000     0.00000     0.00000     0.00000
   -27.96704     0.00000     0.00000     0.00000     0.00000     0.00000     0.00000     0.00000     0.00000     0.00000     0.00000
   -27.93204     0.00000     0.00000     0.00000     0.00000     0.00000     0.00000     0.00000     0.00000     0.00000     0.00000
   -27.89604     0.00000     0.00000     0.00000     0.00000     0.00000     0.00000     0.00000     0.00000     0.00000     0.00000
   -27.86104     0.00000     0.00000     0.00000     0.00000     0.00000     0.00000     0.00000     0.00000     0.00000     0.00000
   -27.82504     0.00000     0.00000     0.00000     0.00000     0.00000     0.00000     0.00000     0.00000     0.00000     0.00000
   -27.79004     0.00000     0.00000     0.00000     0.00000     0.00000     0.00000     0.00000     0.00000     0.00000     0.00000
   -27.75504     0.00000     0.00000     0.00000     0.00000     0.00000     0.00000     0.00000     0.00000     0.00000     0.00000
   -27.71904     0.00000     0.00000     0.00000     0.00000     0.00000     0.00000     0.00000     0.00000     0.00000     0.00000
   -27.68404     0.00000     0.00000     0.00000     0.00000     0.00000     0.00000     0.00000     0.00000     0.00000     0.00000
   -27.64804     0.00000     0.00000     0.00000     0.00000     0.00000     0.00000     0.00000     0.00000     0.00000     0.00000
   -27.61304     0.00000     0.00000     0.00000     0.00000     0.00000     0.00000     0.00000     0.00000     0.00000     0.00000
   -27.57704     0.00000     0.00000     0.00000     0.00000     0.00000     0.00000     0.00000     0.00000     0.00000     0.00000
   -27.54204     0.00000     0.00000     0.00000     0.00000     0.00000     0.00000     0.00000     0.00000     0.00000     0.00000
   -27.50604     0.00000     0.00000     0.00000     0.00000     0.00000     0.00000     0.00000     0.00000     0.00000     0.00000
   -27.47104     0.00000     0.00000     0.00000     0.00000     0.00000     0.00000     0.00000     0.00000     0.00000     0.00000
   -27.43604     0.00000     0.00000     0.00000     0.00000     0.00000     0.00000     0.00000     0.00000     0.00000     0.00000
   -27.40004     0.00000     0.00000     0.00000     0.00000     0.00000     0.00000     0.00000     0.00000     0.00000     0.00000
   -27.36504     0.00000     0.00000     0.00000     0.00000     0.00000     0.00000     0.00000     0.00000     0.00000     0.00000
   -27.32904     0.00000     0.00000     0.00000     0.00000     0.00000     0.00000     0.00000     0.00000     0.00000     0.00000
   -27.29404     0.00000     0.00000     0.00000     0.00000     0.00000     0.00000     0.00000     0.00000     0.00000     0.00000
   -27.25804     0.00000     0.00000     0.00000     0.00000     0.00000     0.00000     0.00000     0.00000     0.00000     0.00000
   -27.22304     0.00000     0.00000     0.00000     0.00000     0.00000     0.00000     0.00000     0.00000     0.00000     0.00000
   -27.18704     0.00000     0.00000     0.00000     0.00000     0.00000     0.00000     0.00000     0.00000     0.00000     0.00000
   -27.15204     0.00000     0.00000     0.00000     0.00000     0.00000     0.00000     0.00000     0.00000     0.00000     0.00000
   -27.11704     0.00000     0.00000     0.00000     0.00000     0.00000     0.00000     0.00000     0.00000     0.00000     0.00000
   -27.08104     0.00000     0.00000     0.00000     0.00000     0.00000     0.00000     0.00000     0.00000     0.00000     0.00000
   -27.04604     0.00000     0.00000     0.00000     0.00000     0.00000     0.00000     0.00000     0.00000     0.00000     0.00000
   -27.01004     0.00000     0.00000     0.00000     0.00000     0.00000     0.00000     0.00000     0.00000     0.00000     0.00000
   -26.97504     0.00000     0.00000     0.00000     0.00000     0.00000     0.00000     0.00000     0.00000     0.00000     0.00000
   -26.93904     0.00000     0.00000     0.00000     0.00000     0.00000     0.00000     0.00000     0.00000     0.00000     0.00000
   -26.90404     0.00000     0.00000     0.00000     0.00000     0.00000     0.00000     0.00000     0.00000     0.00000     0.00000
   -26.86804     0.00000     0.00000     0.00000     0.00000     0.00000     0.00000     0.00000     0.00000     0.00000     0.00000
   -26.83304     0.00000     0.00000     0.00000     0.00000     0.00000     0.00000     0.00000     0.00000     0.00000     0.00000
   -26.79804     0.00000     0.00000     0.00000     0.00000     0.00000     0.00000     0.00000     0.00000     0.00000     0.00000
   -26.76204     0.00000     0.00000     0.00000     0.00000     0.00000     0.00000     0.00000     0.00000     0.00000     0.00000
   -26.72704     0.00000     0.00000     0.00000     0.00000     0.00000     0.00000     0.00000     0.00000     0.00000     0.00000
   -26.69104     0.00000     0.00000     0.00000     0.00000     0.00000     0.00000     0.00000     0.00000     0.00000     0.00000
   -26.65604     0.00000     0.00000     0.00000     0.00000     0.00000     0.00000     0.00000     0.00000     0.00000     0.00000
   -26.62004     0.00000     0.00000     0.00000     0.00000     0.00000     0.00000     0.00000     0.00000     0.00000     0.00000
   -26.58504     0.00000     0.00000     0.00000     0.00000     0.00000     0.00000     0.00000     0.00000     0.00000     0.00000
   -26.54904     0.00000     0.00000     0.00000     0.00000     0.00000     0.00000     0.00000     0.00000     0.00000     0.00000
   -26.51404     0.00000     0.00000     0.00000     0.00000     0.00000     0.00000     0.00000     0.00000     0.00000     0.00000
   -26.47904     0.00000     0.00000     0.00000     0.00000     0.00000     0.00000     0.00000     0.00000     0.00000     0.00000
   -26.44304     0.00000     0.00000     0.00000     0.00000     0.00000     0.00000     0.00000     0.00000     0.00000     0.00000
   -26.40804     0.00000     0.00000     0.00000     0.00000     0.00000     0.00000     0.00000     0.00000     0.00000     0.00000
   -26.37204     0.00000     0.00000     0.00000     0.00000     0.00000     0.00000     0.00000     0.00000     0.00000     0.00000
   -26.33704     0.00000     0.00000     0.00000     0.00000     0.00000     0.00000     0.00000     0.00000     0.00000     0.00000
   -26.30104     0.00000     0.00000     0.00000     0.00000     0.00000     0.00000     0.00000     0.00000     0.00000     0.00000
   -26.26604     0.00000     0.00000     0.00000     0.00000     0.00000     0.00000     0.00000     0.00000     0.00000     0.00000
   -26.23004     0.00000     0.00000     0.00000     0.00000     0.00000     0.00000     0.00000     0.00000     0.00000     0.00000
   -26.19504     0.00000     0.00000     0.00000     0.00000     0.00000     0.00000     0.00000     0.00000     0.00000     0.00000
   -26.16004     0.00000     0.00000     0.00000     0.00000     0.00000     0.00000     0.00000     0.00000     0.00000     0.00000
   -26.12404     0.00000     0.00000     0.00000     0.00000     0.00000     0.00000     0.00000     0.00000     0.00000     0.00000
   -26.08904     0.00000     0.00000     0.00000     0.00000     0.00000     0.00000     0.00000     0.00000     0.00000     0.00000
   -26.05304     0.00000     0.00000     0.00000     0.00000     0.00000     0.00000     0.00000     0.00000     0.00000     0.00000
   -26.01804     0.00000     0.00000     0.00000     0.00000     0.00000     0.00000     0.00000     0.00000     0.00000     0.00000
   -25.98204     0.00000     0.00000     0.00000     0.00000     0.00000     0.00000     0.00000     0.00000     0.00000     0.00000
   -25.94704     0.00000     0.00000     0.00000     0.00000     0.00000     0.00000     0.00000     0.00000     0.00000     0.00000
   -25.91104     0.00000     0.00000     0.00000     0.00000     0.00000     0.00000     0.00000     0.00000     0.00000     0.00000
   -25.87604     0.00000     0.00000     0.00000     0.00000     0.00000     0.00000     0.00000     0.00000     0.00000     0.00000
   -25.84104     0.00000     0.00000     0.00000     0.00000     0.00000     0.00000     0.00000     0.00000     0.00000     0.00000
   -25.80504     0.00000     0.00000     0.00000     0.00000     0.00000     0.00000     0.00000     0.00000     0.00000     0.00000
   -25.77004     0.00000     0.00000     0.00000     0.00000     0.00000     0.00000     0.00000     0.00000     0.00000     0.00000
   -25.73404     0.00000     0.00000     0.00000     0.00000     0.00000     0.00000     0.00000     0.00000     0.00000     0.00000
   -25.69904     0.00000     0.00000     0.00000     0.00000     0.00000     0.00000     0.00000     0.00000     0.00000     0.00000
   -25.66304     0.00000     0.00000     0.00000     0.00000     0.00000     0.00000     0.00000     0.00000     0.00000     0.00000
   -25.62804     0.00000     0.00000     0.00000     0.00000     0.00000     0.00000     0.00000     0.00000     0.00000     0.00000
   -25.59304     0.00000     0.00000     0.00000     0.00000     0.00000     0.00000     0.00000     0.00000     0.00000     0.00000
   -25.55704     0.00000     0.00000     0.00000     0.00000     0.00000     0.00000     0.00000     0.00000     0.00000     0.00000
   -25.52204     0.00000     0.00000     0.00000     0.00000     0.00000     0.00000     0.00000     0.00000     0.00000     0.00000
   -25.48604     0.00000     0.00000     0.00000     0.00000     0.00000     0.00000     0.00000     0.00000     0.00000     0.00000
   -25.45104     0.00000     0.00000     0.00000     0.00000     0.00000     0.00000     0.00000     0.00000     0.00000     0.00000
   -25.41504     0.00000     0.00000     0.00000     0.00000     0.00000     0.00000     0.00000     0.00000     0.00000     0.00000
   -25.38004     0.00000     0.00000     0.00000     0.00000     0.00000     0.00000     0.00000     0.00000     0.00000     0.00000
   -25.34404     0.00000     0.00000     0.00000     0.00000     0.00000     0.00000     0.00000     0.00000     0.00000     0.00000
   -25.30904     0.00000     0.00000     0.00000     0.00000     0.00000     0.00000     0.00000     0.00000     0.00000     0.00000
   -25.27404     0.00000     0.00000     0.00000     0.00000     0.00000     0.00000     0.00000     0.00000     0.00000     0.00000
   -25.23804     0.00000     0.00000     0.00000     0.00000     0.00000     0.00000     0.00000     0.00000     0.00000     0.00000
   -25.20304     0.00000     0.00000     0.00000     0.00000     0.00000     0.00000     0.00000     0.00000     0.00000     0.00000
   -25.16704     0.00000     0.00000     0.00000     0.00000     0.00000     0.00000     0.00000     0.00000     0.00000     0.00000
   -25.13204     0.00000     0.00000     0.00000     0.00000     0.00000     0.00000     0.00000     0.00000     0.00000     0.00000
   -25.09604     0.00000     0.00000     0.00000     0.00000     0.00000     0.00000     0.00000     0.00000     0.00000     0.00000
   -25.06104     0.00000     0.00000     0.00000     0.00000     0.00000     0.00000     0.00000     0.00000     0.00000     0.00000
   -25.02504     0.00000     0.00000     0.00000     0.00000     0.00000     0.00000     0.00000     0.00000     0.00000     0.00000
   -24.99004     0.00000     0.00000     0.00000     0.00000     0.00000     0.00000     0.00000     0.00000     0.00000     0.00000
   -24.95504     0.00000     0.00000     0.00000     0.00000     0.00000     0.00000     0.00000     0.00000     0.00000     0.00000
   -24.91904     0.00000     0.00000     0.00000     0.00000     0.00000     0.00000     0.00000     0.00000     0.00000     0.00000
   -24.88404     0.00000     0.00000     0.00000     0.00000     0.00000     0.00000     0.00000     0.00000     0.00000     0.00000
   -24.84804     0.00000     0.00000     0.00000     0.00000     0.00000     0.00000     0.00000     0.00000     0.00000     0.00000
   -24.81304     0.00000     0.00000     0.00000     0.00000     0.00000     0.00000     0.00000     0.00000     0.00000     0.00000
   -24.77704     0.00000     0.00000     0.00000     0.00000     0.00000     0.00000     0.00000     0.00000     0.00000     0.00000
   -24.74204     0.00000     0.00000     0.00000     0.00000     0.00000     0.00000     0.00000     0.00000     0.00000     0.00000
   -24.70604     0.00000     0.00000     0.00000     0.00000     0.00000     0.00000     0.00000     0.00000     0.00000     0.00000
   -24.67104     0.00000     0.00000     0.00000     0.00000     0.00000     0.00000     0.00000     0.00000     0.00000     0.00000
   -24.63604     0.00000     0.00000     0.00000     0.00000     0.00000     0.00000     0.00000     0.00000     0.00000     0.00000
   -24.60004     0.00000     0.00000     0.00000     0.00000     0.00000     0.00000     0.00000     0.00000     0.00000     0.00000
   -24.56504     0.00000     0.00000     0.00000     0.00000     0.00000     0.00000     0.00000     0.00000     0.00000     0.00000
   -24.52904     0.00000     0.00000     0.00000     0.00000     0.00000     0.00000     0.00000     0.00000     0.00000     0.00000
   -24.49404     0.00000     0.00000     0.00000     0.00000     0.00000     0.00000     0.00000     0.00000     0.00000     0.00000
   -24.45804     0.00000     0.00000     0.00000     0.00000     0.00000     0.00000     0.00000     0.00000     0.00000     0.00000
   -24.42304     0.00000     0.00000     0.00000     0.00000     0.00000     0.00000     0.00000     0.00000     0.00000     0.00000
   -24.38704     0.00000     0.00000     0.00000     0.00000     0.00000     0.00000     0.00000     0.00000     0.00000     0.00000
   -24.35204     0.00000     0.00000     0.00000     0.00000     0.00000     0.00000     0.00000     0.00000     0.00000     0.00000
   -24.31704     0.00000     0.00000     0.00000     0.00000     0.00000     0.00000     0.00000     0.00000     0.00000     0.00000
   -24.28104     0.00000     0.00000     0.00000     0.00000     0.00000     0.00000     0.00000     0.00000     0.00000     0.00000
   -24.24604     0.00000     0.00000     0.00000     0.00000     0.00000     0.00000     0.00000     0.00000     0.00000     0.00000
   -24.21004     0.00000     0.00000     0.00000     0.00000     0.00000     0.00000     0.00000     0.00000     0.00000     0.00000
   -24.17504     0.00000     0.00000     0.00000     0.00000     0.00000     0.00000     0.00000     0.00000     0.00000     0.00000
   -24.13904     0.00000     0.00000     0.00000     0.00000     0.00000     0.00000     0.00000     0.00000     0.00000     0.00000
   -24.10404     0.00000     0.00000     0.00000     0.00000     0.00000     0.00000     0.00000     0.00000     0.00000     0.00000
   -24.06804     0.00000     0.00000     0.00000     0.00000     0.00000     0.00000     0.00000     0.00000     0.00000     0.00000
   -24.03304     0.00000     0.00000     0.00000     0.00000     0.00000     0.00000     0.00000     0.00000     0.00000     0.00000
   -23.99804     0.00000     0.00000     0.00000     0.00000     0.00000     0.00000     0.00000     0.00000     0.00000     0.00000
   -23.96204     0.00000     0.00000     0.00000     0.00000     0.00000     0.00000     0.00000     0.00000     0.00000     0.00000
   -23.92704     0.00000     0.00000     0.00000     0.00000     0.00000     0.00000     0.00000     0.00000     0.00000     0.00000
   -23.89104     0.00000     0.00000     0.00000     0.00000     0.00000     0.00000     0.00000     0.00000     0.00000     0.00000
   -23.85604     0.00000     0.00000     0.00000     0.00000     0.00000     0.00000     0.00000     0.00000     0.00000     0.00000
   -23.82004     0.00000     0.00000     0.00000     0.00000     0.00000     0.00000     0.00000     0.00000     0.00000     0.00000
   -23.78504     0.00000     0.00000     0.00000     0.00000     0.00000     0.00000     0.00000     0.00000     0.00000     0.00000
   -23.74904     0.00000     0.00000     0.00000     0.00000     0.00000     0.00000     0.00000     0.00000     0.00000     0.00000
   -23.71404     0.00000     0.00000     0.00000     0.00000     0.00000     0.00000     0.00000     0.00000     0.00000     0.00000
   -23.67904     0.00000     0.00000     0.00000     0.00000     0.00000     0.00000     0.00000     0.00000     0.00000     0.00000
   -23.64304     0.00000     0.00000     0.00000     0.00000     0.00000     0.00000     0.00000     0.00000     0.00000     0.00000
   -23.60804     0.00000     0.00000     0.00000     0.00000     0.00000     0.00000     0.00000     0.00000     0.00000     0.00000
   -23.57204     0.00000     0.00000     0.00000     0.00000     0.00000     0.00000     0.00000     0.00000     0.00000     0.00000
   -23.53704     0.00000     0.00000     0.00000     0.00000     0.00000     0.00000     0.00000     0.00000     0.00000     0.00000
   -23.50104     0.00000     0.00000     0.00000     0.00000     0.00000     0.00000     0.00000     0.00000     0.00000     0.00000
   -23.46604     0.00000     0.00000     0.00000     0.00000     0.00000     0.00000     0.00000     0.00000     0.00000     0.00000
   -23.43004     0.00000     0.00000     0.00000     0.00000     0.00000     0.00000     0.00000     0.00000     0.00000     0.00000
   -23.39504     0.00000     0.00000     0.00000     0.00000     0.00000     0.00000     0.00000     0.00000     0.00000     0.00000
   -23.36004     0.00000     0.00000     0.00000     0.00000     0.00000     0.00000     0.00000     0.00000     0.00000     0.00000
   -23.32404     0.00000     0.00000     0.00000     0.00000     0.00000     0.00000     0.00000     0.00000     0.00000     0.00000
   -23.28904     0.00000     0.00000     0.00000     0.00000     0.00000     0.00000     0.00000     0.00000     0.00000     0.00000
   -23.25304     0.00000     0.00000     0.00000     0.00000     0.00000     0.00000     0.00000     0.00000     0.00000     0.00000
   -23.21804     0.00000     0.00000     0.00000     0.00000     0.00000     0.00000     0.00000     0.00000     0.00000     0.00000
   -23.18204     0.00000     0.00000     0.00000     0.00000     0.00000     0.00000     0.00000     0.00000     0.00000     0.00000
   -23.14704     0.00000     0.00000     0.00000     0.00000     0.00000     0.00000     0.00000     0.00000     0.00000     0.00000
   -23.11104     0.00000     0.00000     0.00000     0.00000     0.00000     0.00000     0.00000     0.00000     0.00000     0.00000
   -23.07604     0.00000     0.00000     0.00000     0.00000     0.00000     0.00000     0.00000     0.00000     0.00000     0.00000
   -23.04104     0.00000     0.00000     0.00000     0.00000     0.00000     0.00000     0.00000     0.00000     0.00000     0.00000
   -23.00504     0.00000     0.00000     0.00000     0.00000     0.00000     0.00000     0.00000     0.00000     0.00000     0.00000
   -22.97004     0.00000     0.00000     0.00000     0.00000     0.00000     0.00000     0.00000     0.00000     0.00000     0.00000
   -22.93404     0.00000     0.00000     0.00000     0.00000     0.00000     0.00000     0.00000     0.00000     0.00000     0.00000
   -22.89904     0.00000     0.00000     0.00000     0.00000     0.00000     0.00000     0.00000     0.00000     0.00000     0.00000
   -22.86304     0.00000     0.00000     0.00000     0.00000     0.00000     0.00000     0.00000     0.00000     0.00000     0.00000
   -22.82804     0.00000     0.00000     0.00000     0.00000     0.00000     0.00000     0.00000     0.00000     0.00000     0.00000
   -22.79204     0.00000     0.00000     0.00000     0.00000     0.00000     0.00000     0.00000     0.00000     0.00000     0.00000
   -22.75704     0.00000     0.00000     0.00000     0.00000     0.00000     0.00000     0.00000     0.00000     0.00000     0.00000
   -22.72204     0.00000     0.00000     0.00000     0.00000     0.00000     0.00000     0.00000     0.00000     0.00000     0.00000
   -22.68604     0.00000     0.00000     0.00000     0.00000     0.00000     0.00000     0.00000     0.00000     0.00000     0.00000
   -22.65104     0.00000     0.00000     0.00000     0.00000     0.00000     0.00000     0.00000     0.00000     0.00000     0.00000
   -22.61504     0.00000     0.00000     0.00000     0.00000     0.00000     0.00000     0.00000     0.00000     0.00000     0.00000
   -22.58004     0.00000     0.00000     0.00000     0.00000     0.00000     0.00000     0.00000     0.00000     0.00000     0.00000
   -22.54404     0.00000     0.00000     0.00000     0.00000     0.00000     0.00000     0.00000     0.00000     0.00000     0.00000
   -22.50904     0.00000     0.00000     0.00000     0.00000     0.00000     0.00000     0.00000     0.00000     0.00000     0.00000
   -22.47404     0.00000     0.00000     0.00000     0.00000     0.00000     0.00000     0.00000     0.00000     0.00000     0.00000
   -22.43804     0.00000     0.00000     0.00000     0.00000     0.00000     0.00000     0.00000     0.00000     0.00000     0.00000
   -22.40304     0.00000     0.00000     0.00000     0.00000     0.00000     0.00000     0.00000     0.00000     0.00000     0.00000
   -22.36704     0.00000     0.00000     0.00000     0.00000     0.00000     0.00000     0.00000     0.00000     0.00000     0.00000
   -22.33204     0.00000     0.00000     0.00000     0.00000     0.00000     0.00000     0.00000     0.00000     0.00000     0.00000
   -22.29604     0.00000     0.00000     0.00000     0.00000     0.00000     0.00000     0.00000     0.00000     0.00000     0.00000
   -22.26104     0.00000     0.00000     0.00000     0.00000     0.00000     0.00000     0.00000     0.00000     0.00000     0.00000
   -22.22504     0.00000     0.00000     0.00000     0.00000     0.00000     0.00000     0.00000     0.00000     0.00000     0.00000
   -22.19004     0.00000     0.00000     0.00000     0.00000     0.00000     0.00000     0.00000     0.00000     0.00000     0.00000
   -22.15504     0.00000     0.00000     0.00000     0.00000     0.00000     0.00000     0.00000     0.00000     0.00000     0.00000
   -22.11904     0.00000     0.00000     0.00000     0.00000     0.00000     0.00000     0.00000     0.00000     0.00000     0.00000
   -22.08404     0.00000     0.00000     0.00000     0.00000     0.00000     0.00000     0.00000     0.00000     0.00000     0.00000
   -22.04804     0.00000     0.00000     0.00000     0.00000     0.00000     0.00000     0.00000     0.00000     0.00000     0.00000
   -22.01304     0.00000     0.00000     0.00000     0.00000     0.00000     0.00000     0.00000     0.00000     0.00000     0.00000
   -21.97704     0.00000     0.00000     0.00000     0.00000     0.00000     0.00000     0.00000     0.00000     0.00000     0.00000
   -21.94204     0.00000     0.00000     0.00000     0.00000     0.00000     0.00000     0.00000     0.00000     0.00000     0.00000
   -21.90604     0.00000     0.00000     0.00000     0.00000     0.00000     0.00000     0.00000     0.00000     0.00000     0.00000
   -21.87104     0.00000     0.00000     0.00000     0.00000     0.00000     0.00000     0.00000     0.00000     0.00000     0.00000
   -21.83604     0.00000     0.00000     0.00000     0.00000     0.00000     0.00000     0.00000     0.00000     0.00000     0.00000
   -21.80004     0.00000     0.00000     0.00000     0.00000     0.00000     0.00000     0.00000     0.00000     0.00000     0.00000
   -21.76504     0.00000     0.00000     0.00000     0.00000     0.00000     0.00000     0.00000     0.00000     0.00000     0.00000
   -21.72904     0.00000     0.00000     0.00000     0.00000     0.00000     0.00000     0.00000     0.00000     0.00000     0.00000
   -21.69404     0.00000     0.00000     0.00000     0.00000     0.00000     0.00000     0.00000     0.00000     0.00000     0.00000
   -21.65804     0.00000     0.00000     0.00000     0.00000     0.00000     0.00000     0.00000     0.00000     0.00000     0.00000
   -21.62304     0.00000     0.00000     0.00000     0.00000     0.00000     0.00000     0.00000     0.00000     0.00000     0.00000
   -21.58704     0.00000     0.00000     0.00000     0.00000     0.00000     0.00000     0.00000     0.00000     0.00000     0.00000
   -21.55204     0.00000     0.00000     0.00000     0.00000     0.00000     0.00000     0.00000     0.00000     0.00000     0.00000
   -21.51704     0.00000     0.00000     0.00000     0.00000     0.00000     0.00000     0.00000     0.00000     0.00000     0.00000
   -21.48104     0.00000     0.00000     0.00000     0.00000     0.00000     0.00000     0.00000     0.00000     0.00000     0.00000
   -21.44604     0.00000     0.00000     0.00000     0.00000     0.00000     0.00000     0.00000     0.00000     0.00000     0.00000
   -21.41004     0.00000     0.00000     0.00000     0.00000     0.00000     0.00000     0.00000     0.00000     0.00000     0.00000
   -21.37504     0.00000     0.00000     0.00000     0.00000     0.00000     0.00000     0.00000     0.00000     0.00000     0.00000
   -21.33904     0.00000     0.00000     0.00000     0.00000     0.00000     0.00000     0.00000     0.00000     0.00000     0.00000
   -21.30404     0.00000     0.00000     0.00000     0.00000     0.00000     0.00000     0.00000     0.00000     0.00000     0.00000
   -21.26804     0.00000     0.00000     0.00000     0.00000     0.00000     0.00000     0.00000     0.00000     0.00000     0.00000
   -21.23304     0.00000     0.00000     0.00000     0.00000     0.00000     0.00000     0.00000     0.00000     0.00000     0.00000
   -21.19804     0.00000     0.00000     0.00000     0.00000     0.00000     0.00000     0.00000     0.00000     0.00000     0.00000
   -21.16204     0.00000     0.00000     0.00000     0.00000     0.00000     0.00000     0.00000     0.00000     0.00000     0.00000
   -21.12704     0.00000     0.00000     0.00000     0.00000     0.00000     0.00000     0.00000     0.00000     0.00000     0.00000
   -21.09104     0.00000     0.00000     0.00000     0.00000     0.00000     0.00000     0.00000     0.00000     0.00000     0.00000
   -21.05604     0.00000     0.00000     0.00000     0.00000     0.00000     0.00000     0.00000     0.00000     0.00000     0.00000
   -21.02004     0.00000     0.00000     0.00000     0.00000     0.00000     0.00000     0.00000     0.00000     0.00000     0.00000
   -20.98504     0.00000     0.00000     0.00000     0.00000     0.00000     0.00000     0.00000     0.00000     0.00000     0.00000
   -20.94904     0.00000     0.00000     0.00000     0.00000     0.00000     0.00000     0.00000     0.00000     0.00000     0.00000
   -20.91404     0.00000     0.00000     0.00000     0.00000     0.00000     0.00000     0.00000     0.00000     0.00000     0.00000
   -20.87904     0.00000     0.00000     0.00000     0.00000     0.00000     0.00000     0.00000     0.00000     0.00000     0.00000
   -20.84304     0.00000     0.00000     0.00000     0.00000     0.00000     0.00000     0.00000     0.00000     0.00000     0.00000
   -20.80804     0.00000     0.00000     0.00000     0.00000     0.00000     0.00000     0.00000     0.00000     0.00000     0.00000
   -20.77204     0.00000     0.00000     0.00000     0.00000     0.00000     0.00000     0.00000     0.00000     0.00000     0.00000
   -20.73704     0.00000     0.00000     0.00000     0.00000     0.00000     0.00000     0.00000     0.00000     0.00000     0.00000
   -20.70104     0.00000     0.00000     0.00000     0.00000     0.00000     0.00000     0.00000     0.00000     0.00000     0.00000
   -20.66604     0.00000     0.00000     0.00000     0.00000     0.00000     0.00000     0.00000     0.00000     0.00000     0.00000
   -20.63004     0.00000     0.00000     0.00000     0.00000     0.00000     0.00000     0.00000     0.00000     0.00000     0.00000
   -20.59504     0.00000     0.00000     0.00000     0.00000     0.00000     0.00000     0.00000     0.00000     0.00000     0.00000
   -20.56004     0.00000     0.00000     0.00000     0.00000     0.00000     0.00000     0.00000     0.00000     0.00000     0.00000
   -20.52404     0.00000     0.00000     0.00000     0.00000     0.00000     0.00000     0.00000     0.00000     0.00000     0.00000
   -20.48904     0.00000     0.00000     0.00000     0.00000     0.00000     0.00000     0.00000     0.00000     0.00000     0.00000
   -20.45304     0.00000     0.00000     0.00000     0.00000     0.00000     0.00000     0.00000     0.00000     0.00000     0.00000
   -20.41804     0.00000     0.00000     0.00000     0.00000     0.00000     0.00000     0.00000     0.00000     0.00000     0.00000
   -20.38204     0.00000     0.00000     0.00000     0.00000     0.00000     0.00000     0.00000     0.00000     0.00000     0.00000
   -20.34704     0.00000     0.00000     0.00000     0.00000     0.00000     0.00000     0.00000     0.00000     0.00000     0.00000
   -20.31104     0.00000     0.00000     0.00000     0.00000     0.00000     0.00000     0.00000     0.00000     0.00000     0.00000
   -20.27604     0.00000     0.00000     0.00000     0.00000     0.00000     0.00000     0.00000     0.00000     0.00000     0.00000
   -20.24104     0.00000     0.00000     0.00000     0.00000     0.00000     0.00000     0.00000     0.00000     0.00000     0.00000
   -20.20504     0.00000     0.00000     0.00000     0.00000     0.00000     0.00000     0.00000     0.00000     0.00000     0.00000
   -20.17004     0.00000     0.00000     0.00000     0.00000     0.00000     0.00000     0.00000     0.00000     0.00000     0.00000
   -20.13404     0.00000     0.00000     0.00000     0.00000     0.00000     0.00000     0.00000     0.00000     0.00000     0.00000
   -20.09904     0.00000     0.00000     0.00000     0.00000     0.00000     0.00000     0.00000     0.00000     0.00000     0.00000
   -20.06304     0.00000     0.00000     0.00000     0.00000     0.00000     0.00000     0.00000     0.00000     0.00000     0.00000
   -20.02804     0.00000     0.00000     0.00000     0.00000     0.00000     0.00000     0.00000     0.00000     0.00000     0.00000
   -19.99204     0.00000     0.00000     0.00000     0.00000     0.00000     0.00000     0.00000     0.00000     0.00000     0.00000
   -19.95704     0.00000     0.00000     0.00000     0.00000     0.00000     0.00000     0.00000     0.00000     0.00000     0.00000
   -19.92204     0.00000     0.00000     0.00000     0.00000     0.00000     0.00000     0.00000     0.00000     0.00000     0.00000
   -19.88604     0.00000     0.00000     0.00000     0.00000     0.00000     0.00000     0.00000     0.00000     0.00000     0.00000
   -19.85104     0.00000     0.00000     0.00000     0.00000     0.00000     0.00000     0.00000     0.00000     0.00000     0.00000
   -19.81504     0.00000     0.00000     0.00000     0.00000     0.00000     0.00000     0.00000     0.00000     0.00000     0.00000
   -19.78004     0.00000     0.00000     0.00000     0.00000     0.00000     0.00000     0.00000     0.00000     0.00000     0.00000
   -19.74404     0.00000     0.00000     0.00000     0.00000     0.00000     0.00000     0.00000     0.00000     0.00000     0.00000
   -19.70904     0.00000     0.00000     0.00000     0.00000     0.00000     0.00000     0.00000     0.00000     0.00000     0.00000
   -19.67404     0.00000     0.00000     0.00000     0.00000     0.00000     0.00000     0.00000     0.00000     0.00000     0.00000
   -19.63804     0.00000     0.00000     0.00000     0.00000     0.00000     0.00000     0.00000     0.00000     0.00000     0.00000
   -19.60304     0.00000     0.00000     0.00000     0.00000     0.00000     0.00000     0.00000     0.00000     0.00000     0.00000
   -19.56704     0.00000     0.00000     0.00000     0.00000     0.00000     0.00000     0.00000     0.00000     0.00000     0.00000
   -19.53204     0.00000     0.00000     0.00000     0.00000     0.00000     0.00000     0.00000     0.00000     0.00000     0.00000
   -19.49604     0.00000     0.00000     0.00000     0.00000     0.00000     0.00000     0.00000     0.00000     0.00000     0.00000
   -19.46104     0.00000     0.00000     0.00000     0.00000     0.00000     0.00000     0.00000     0.00000     0.00000     0.00000
   -19.42504     0.00000     0.00000     0.00000     0.00000     0.00000     0.00000     0.00000     0.00000     0.00000     0.00000
   -19.39004     0.00000     0.00000     0.00000     0.00000     0.00000     0.00000     0.00000     0.00000     0.00000     0.00000
   -19.35504     0.00000     0.00000     0.00000     0.00000     0.00000     0.00000     0.00000     0.00000     0.00000     0.00000
   -19.31904     0.00000     0.00000     0.00000     0.00000     0.00000     0.00000     0.00000     0.00000     0.00000     0.00000
   -19.28404     0.00000     0.00000     0.00000     0.00000     0.00000     0.00000     0.00000     0.00000     0.00000     0.00000
   -19.24804     0.00000     0.00000     0.00000     0.00000     0.00000     0.00000     0.00000     0.00000     0.00000     0.00000
   -19.21304     0.00000     0.00000     0.00000     0.00000     0.00000     0.00000     0.00000     0.00000     0.00000     0.00000
   -19.17704     0.00000     0.00000     0.00000     0.00000     0.00000     0.00000     0.00000     0.00000     0.00000     0.00000
   -19.14204     0.00000     0.00000     0.00000     0.00000     0.00000     0.00000     0.00000     0.00000     0.00000     0.00000
   -19.10604     0.00000     0.00000     0.00000     0.00000     0.00000     0.00000     0.00000     0.00000     0.00000     0.00000
   -19.07104     0.00000     0.00000     0.00000     0.00000     0.00000     0.00000     0.00000     0.00000     0.00000     0.00000
   -19.03604     0.00000     0.00000     0.00000     0.00000     0.00000     0.00000     0.00000     0.00000     0.00000     0.00000
   -19.00004     0.00000     0.00000     0.00000     0.00000     0.00000     0.00000     0.00000     0.00000     0.00000     0.00000
   -18.96504     0.00000     0.00000     0.00000     0.00000     0.00000     0.00000     0.00000     0.00000     0.00000     0.00000
   -18.92904     0.00000     0.00000     0.00000     0.00000     0.00000     0.00000     0.00000     0.00000     0.00000     0.00000
   -18.89404     0.00000     0.00000     0.00000     0.00000     0.00000     0.00000     0.00000     0.00000     0.00000     0.00000
   -18.85804     0.00000     0.00000     0.00000     0.00000     0.00000     0.00000     0.00000     0.00000     0.00000     0.00000
   -18.82304     0.00000     0.00000     0.00000     0.00000     0.00000     0.00000     0.00000     0.00000     0.00000     0.00000
   -18.78704     0.00000     0.00000     0.00000     0.00000     0.00000     0.00000     0.00000     0.00000     0.00000     0.00000
   -18.75204     0.00000     0.00000     0.00000     0.00000     0.00000     0.00000     0.00000     0.00000     0.00000     0.00000
   -18.71704     0.00000     0.00000     0.00000     0.00000     0.00000     0.00000     0.00000     0.00000     0.00000     0.00000
   -18.68104     0.00000     0.00000     0.00000     0.00000     0.00000     0.00000     0.00000     0.00000     0.00000     0.00000
   -18.64604     0.00000     0.00000     0.00000     0.00000     0.00000     0.00000     0.00000     0.00000     0.00000     0.00000
   -18.61004     0.00000     0.00000     0.00000     0.00000     0.00000     0.00000     0.00000     0.00000     0.00000     0.00000
   -18.57504     0.00000     0.00000     0.00000     0.00000     0.00000     0.00000     0.00000     0.00000     0.00000     0.00000
   -18.53904     0.00000     0.00000     0.00000     0.00000     0.00000     0.00000     0.00000     0.00000     0.00000     0.00000
   -18.50404     0.00000     0.00000     0.00000     0.00000     0.00000     0.00000     0.00000     0.00000     0.00000     0.00000
   -18.46804     0.00000     0.00000     0.00000     0.00000     0.00000     0.00000     0.00000     0.00000     0.00000     0.00000
   -18.43304     0.00000     0.00000     0.00000     0.00000     0.00000     0.00000     0.00000     0.00000     0.00000     0.00000
   -18.39804     0.00000     0.00000     0.00000     0.00000     0.00000     0.00000     0.00000     0.00000     0.00000     0.00000
   -18.36204     0.00000     0.00000     0.00000     0.00000     0.00000     0.00000     0.00000     0.00000     0.00000     0.00000
   -18.32704     0.00000     0.00000     0.00000     0.00000     0.00000     0.00000     0.00000     0.00000     0.00000     0.00000
   -18.29104     0.00000     0.00000     0.00000     0.00000     0.00000     0.00000     0.00000     0.00000     0.00000     0.00000
   -18.25604     0.00000     0.00000     0.00000     0.00000     0.00000     0.00000     0.00000     0.00000     0.00000     0.00000
   -18.22004     0.00000     0.00000     0.00000     0.00000     0.00000     0.00000     0.00000     0.00000     0.00000     0.00000
   -18.18504     0.00000     0.00000     0.00000     0.00000     0.00000     0.00000     0.00000     0.00000     0.00000     0.00000
   -18.14904     0.00000     0.00000     0.00000     0.00000     0.00000     0.00000     0.00000     0.00000     0.00000     0.00000
   -18.11404     0.00000     0.00000     0.00000     0.00000     0.00000     0.00000     0.00000     0.00000     0.00000     0.00000
   -18.07904     0.00000     0.00000     0.00000     0.00000     0.00000     0.00000     0.00000     0.00000     0.00000     0.00000
   -18.04304     0.00000     0.00000     0.00000     0.00000     0.00000     0.00000     0.00000     0.00000     0.00000     0.00000
   -18.00804     0.00000     0.00000     0.00000     0.00000     0.00000     0.00000     0.00000     0.00000     0.00000     0.00000
   -17.97204     0.00000     0.00000     0.00000     0.00000     0.00000     0.00000     0.00000     0.00000     0.00000     0.00000
   -17.93704     0.00000     0.00000     0.00000     0.00000     0.00000     0.00000     0.00000     0.00000     0.00000     0.00000
   -17.90104     0.00000     0.00000     0.00000     0.00000     0.00000     0.00000     0.00000     0.00000     0.00000     0.00000
   -17.86604     0.00000     0.00000     0.00000     0.00000     0.00000     0.00000     0.00000     0.00000     0.00000     0.00000
   -17.83004     0.00000     0.00000     0.00000     0.00000     0.00000     0.00000     0.00000     0.00000     0.00000     0.00000
   -17.79504     0.00000     0.00000     0.00000     0.00000     0.00000     0.00000     0.00000     0.00000     0.00000     0.00000
   -17.76004     0.00000     0.00000     0.00000     0.00000     0.00000     0.00000     0.00000     0.00000     0.00000     0.00000
   -17.72404     0.00000     0.00000     0.00000     0.00000     0.00000     0.00000     0.00000     0.00000     0.00000     0.00000
   -17.68904     0.00000     0.00000     0.00000     0.00000     0.00000     0.00000     0.00000     0.00000     0.00000     0.00000
   -17.65304     0.00000     0.00000     0.00000     0.00000     0.00000     0.00000     0.00000     0.00000     0.00000     0.00000
   -17.61804     0.00000     0.00000     0.00000     0.00000     0.00000     0.00000     0.00000     0.00000     0.00000     0.00000
   -17.58204     0.00000     0.00000     0.00000     0.00000     0.00000     0.00000     0.00000     0.00000     0.00000     0.00000
   -17.54704     0.00000     0.00000     0.00000     0.00000     0.00000     0.00000     0.00000     0.00000     0.00000     0.00000
   -17.51104     0.00000     0.00000     0.00000     0.00000     0.00000     0.00000     0.00000     0.00000     0.00000     0.00000
   -17.47604     0.00000     0.00000     0.00000     0.00000     0.00000     0.00000     0.00000     0.00000     0.00000     0.00000
   -17.44104     0.00000     0.00000     0.00000     0.00000     0.00000     0.00000     0.00000     0.00000     0.00000     0.00000
   -17.40504     0.00000     0.00000     0.00000     0.00000     0.00000     0.00000     0.00000     0.00000     0.00000     0.00000
   -17.37004     0.00000     0.00000     0.00000     0.00000     0.00000     0.00000     0.00000     0.00000     0.00000     0.00000
   -17.33404     0.00000     0.00000     0.00000     0.00000     0.00000     0.00000     0.00000     0.00000     0.00000     0.00000
   -17.29904     0.00000     0.00000     0.00000     0.00000     0.00000     0.00000     0.00000     0.00000     0.00000     0.00000
   -17.26304     0.00000     0.00000     0.00000     0.00000     0.00000     0.00000     0.00000     0.00000     0.00000     0.00000
   -17.22804     0.00000     0.00000     0.00000     0.00000     0.00000     0.00000     0.00000     0.00000     0.00000     0.00000
   -17.19204     0.00000     0.00000     0.00000     0.00000     0.00000     0.00000     0.00000     0.00000     0.00000     0.00000
   -17.15704     0.00000     0.00000     0.00000     0.00000     0.00000     0.00000     0.00000     0.00000     0.00000     0.00000
   -17.12204     0.00000     0.00000     0.00000     0.00000     0.00000     0.00000     0.00000     0.00000     0.00000     0.00000
   -17.08604     0.00000     0.00000     0.00000     0.00000     0.00000     0.00000     0.00000     0.00000     0.00000     0.00000
   -17.05104     0.00000     0.00000     0.00000     0.00000     0.00000     0.00000     0.00000     0.00000     0.00000     0.00000
   -17.01504     0.00000     0.00000     0.00000     0.00000     0.00000     0.00000     0.00000     0.00000     0.00000     0.00000
   -16.98004     0.00000     0.00000     0.00000     0.00000     0.00000     0.00000     0.00000     0.00000     0.00000     0.00000
   -16.94404     0.00000     0.00000     0.00000     0.00000     0.00000     0.00000     0.00000     0.00000     0.00000     0.00000
   -16.90904     0.00000     0.00000     0.00000     0.00000     0.00000     0.00000     0.00000     0.00000     0.00000     0.00000
   -16.87304     0.00000     0.00000     0.00000     0.00000     0.00000     0.00000     0.00000     0.00000     0.00000     0.00000
   -16.83804     0.00000     0.00000     0.00000     0.00000     0.00000     0.00000     0.00000     0.00000     0.00000     0.00000
   -16.80304     0.00000     0.00000     0.00000     0.00000     0.00000     0.00000     0.00000     0.00000     0.00000     0.00000
   -16.76704     0.00000     0.00000     0.00000     0.00000     0.00000     0.00000     0.00000     0.00000     0.00000     0.00000
   -16.73204     0.00000     0.00000     0.00000     0.00000     0.00000     0.00000     0.00000     0.00000     0.00000     0.00000
   -16.69604     0.00000     0.00000     0.00000     0.00000     0.00000     0.00000     0.00000     0.00000     0.00000     0.00000
   -16.66104     0.00000     0.00000     0.00000     0.00000     0.00000     0.00000     0.00000     0.00000     0.00000     0.00000
   -16.62504     0.00000     0.00000     0.00000     0.00000     0.00000     0.00000     0.00000     0.00000     0.00000     0.00000
   -16.59004     0.00000     0.00000     0.00000     0.00000     0.00000     0.00000     0.00000     0.00000     0.00000     0.00000
   -16.55504     0.00000     0.00000     0.00000     0.00000     0.00000     0.00000     0.00000     0.00000     0.00000     0.00000
   -16.51904     0.00000     0.00000     0.00000     0.00000     0.00000     0.00000     0.00000     0.00000     0.00000     0.00000
   -16.48404     0.00000     0.00000     0.00000     0.00000     0.00000     0.00000     0.00000     0.00000     0.00000     0.00000
   -16.44804     0.00000     0.00000     0.00000     0.00000     0.00000     0.00000     0.00000     0.00000     0.00000     0.00000
   -16.41304     0.00000     0.00000     0.00000     0.00000     0.00000     0.00000     0.00000     0.00000     0.00000     0.00000
   -16.37704     0.00000     0.00000     0.00000     0.00000     0.00000     0.00000     0.00000     0.00000     0.00000     0.00000
   -16.34204     0.00000     0.00000     0.00000     0.00000     0.00000     0.00000     0.00000     0.00000     0.00000     0.00000
   -16.30604     0.00000     0.00000     0.00000     0.00000     0.00000     0.00000     0.00000     0.00000     0.00000     0.00000
   -16.27104     0.00000     0.00000     0.00000     0.00000     0.00000     0.00000     0.00000     0.00000     0.00000     0.00000
   -16.23604     0.00000     0.00000     0.00000     0.00000     0.00000     0.00000     0.00000     0.00000     0.00000     0.00000
   -16.20004     0.00000     0.00000     0.00000     0.00000     0.00000     0.00000     0.00000     0.00000     0.00000     0.00000
   -16.16504     0.00000     0.00000     0.00000     0.00000     0.00000     0.00000     0.00000     0.00000     0.00000     0.00000
   -16.12904     0.00000     0.00000     0.00000     0.00000     0.00000     0.00000     0.00000     0.00000     0.00000     0.00000
   -16.09404     0.00000     0.00000     0.00000     0.00000     0.00000     0.00000     0.00000     0.00000     0.00000     0.00000
   -16.05804     0.00000     0.00000     0.00000     0.00000     0.00000     0.00000     0.00000     0.00000     0.00000     0.00000
   -16.02304     0.00000     0.00000     0.00000     0.00000     0.00000     0.00000     0.00000     0.00000     0.00000     0.00000
   -15.98704     0.00000     0.00000     0.00000     0.00000     0.00000     0.00000     0.00000     0.00000     0.00000     0.00000
   -15.95204     0.00000     0.00000     0.00000     0.00000     0.00000     0.00000     0.00000     0.00000     0.00000     0.00000
   -15.91704     0.00000     0.00000     0.00000     0.00000     0.00000     0.00000     0.00000     0.00000     0.00000     0.00000
   -15.88104     0.00000     0.00000     0.00000     0.00000     0.00000     0.00000     0.00000     0.00000     0.00000     0.00000
   -15.84604     0.00000     0.00000     0.00000     0.00000     0.00000     0.00000     0.00000     0.00000     0.00000     0.00000
   -15.81004     0.00000     0.00000     0.00000     0.00000     0.00000     0.00000     0.00000     0.00000     0.00000     0.00000
   -15.77504     0.00000     0.00000     0.00000     0.00000     0.00000     0.00000     0.00000     0.00000     0.00000     0.00000
   -15.73904     0.00000     0.00000     0.00000     0.00000     0.00000     0.00000     0.00000     0.00000     0.00000     0.00000
   -15.70404     0.00000     0.00000     0.00000     0.00000     0.00000     0.00000     0.00000     0.00000     0.00000     0.00000
   -15.66804     0.00000     0.00000     0.00000     0.00000     0.00000     0.00000     0.00000     0.00000     0.00000     0.00000
   -15.63304     0.00000     0.00000     0.00000     0.00000     0.00000     0.00000     0.00000     0.00000     0.00000     0.00000
   -15.59804     0.00000     0.00000     0.00000     0.00000     0.00000     0.00000     0.00000     0.00000     0.00000     0.00000
   -15.56204     0.00000     0.00000     0.00000     0.00000     0.00000     0.00000     0.00000     0.00000     0.00000     0.00000
   -15.52704     0.00000     0.00000     0.00000     0.00000     0.00000     0.00000     0.00000     0.00000     0.00000     0.00000
   -15.49104     0.00000     0.00000     0.00000     0.00000     0.00000     0.00000     0.00000     0.00000     0.00000     0.00000
   -15.45604     0.00000     0.00000     0.00000     0.00000     0.00000     0.00000     0.00000     0.00000     0.00000     0.00000
   -15.42004     0.00000     0.00000     0.00000     0.00000     0.00000     0.00000     0.00000     0.00000     0.00000     0.00000
   -15.38504     0.00000     0.00000     0.00000     0.00000     0.00000     0.00000     0.00000     0.00000     0.00000     0.00000
   -15.34904     0.00000     0.00000     0.00000     0.00000     0.00000     0.00000     0.00000     0.00000     0.00000     0.00000
   -15.31404     0.00000     0.00000     0.00000     0.00000     0.00000     0.00000     0.00000     0.00000     0.00000     0.00000
   -15.27904     0.00000     0.00000     0.00000     0.00000     0.00000     0.00000     0.00000     0.00000     0.00000     0.00000
   -15.24304     0.00000     0.00000     0.00000     0.00000     0.00000     0.00000     0.00000     0.00000     0.00000     0.00000
   -15.20804     0.00000     0.00000     0.00000     0.00000     0.00000     0.00000     0.00000     0.00000     0.00000     0.00000
   -15.17204     0.00000     0.00000     0.00000     0.00000     0.00000     0.00000     0.00000     0.00000     0.00000     0.00000
   -15.13704     0.00000     0.00000     0.00000     0.00000     0.00000     0.00000     0.00000     0.00000     0.00000     0.00000
   -15.10104     0.00000     0.00000     0.00000     0.00000     0.00000     0.00000     0.00000     0.00000     0.00000     0.00000
   -15.06604     0.00000     0.00000     0.00000     0.00000     0.00000     0.00000     0.00000     0.00000     0.00000     0.00000
   -15.03004     0.00000     0.00000     0.00000     0.00000     0.00000     0.00000     0.00000     0.00000     0.00000     0.00000
   -14.99504     0.00000     0.00000     0.00000     0.00000     0.00000     0.00000     0.00000     0.00000     0.00000     0.00000
   -14.96004     0.00000     0.00000     0.00000     0.00000     0.00000     0.00000     0.00000     0.00000     0.00000     0.00000
   -14.92404     0.00000     0.00000     0.00000     0.00000     0.00000     0.00000     0.00000     0.00000     0.00000     0.00000
   -14.88904     0.00000     0.00000     0.00000     0.00000     0.00000     0.00000     0.00000     0.00000     0.00000     0.00000
   -14.85304     0.00000     0.00000     0.00000     0.00000     0.00000     0.00000     0.00000     0.00000     0.00000     0.00000
   -14.81804     0.00000     0.00000     0.00000     0.00000     0.00000     0.00000     0.00000     0.00000     0.00000     0.00000
   -14.78204     0.00000     0.00000     0.00000     0.00000     0.00000     0.00000     0.00000     0.00000     0.00000     0.00000
   -14.74704     0.00000     0.00000     0.00000     0.00000     0.00000     0.00000     0.00000     0.00000     0.00000     0.00000
   -14.71104     0.00000     0.00000     0.00000     0.00000     0.00000     0.00000     0.00000     0.00000     0.00000     0.00000
   -14.67604     0.00000     0.00000     0.00000     0.00000     0.00000     0.00000     0.00000     0.00000     0.00000     0.00000
   -14.64104     0.00000     0.00000     0.00000     0.00000     0.00000     0.00000     0.00000     0.00000     0.00000     0.00000
   -14.60504     0.00000     0.00000     0.00000     0.00000     0.00000     0.00000     0.00000     0.00000     0.00000     0.00000
   -14.57004     0.00000     0.00000     0.00000     0.00000     0.00000     0.00000     0.00000     0.00000     0.00000     0.00000
   -14.53404     0.00000     0.00000     0.00000     0.00000     0.00000     0.00000     0.00000     0.00000     0.00000     0.00000
   -14.49904     0.00000     0.00000     0.00000     0.00000     0.00000     0.00000     0.00000     0.00000     0.00000     0.00000
   -14.46304     0.00000     0.00000     0.00000     0.00000     0.00000     0.00000     0.00000     0.00000     0.00000     0.00000
   -14.42804     0.00000     0.00000     0.00000     0.00000     0.00000     0.00000     0.00000     0.00000     0.00000     0.00000
   -14.39204     0.00000     0.00000     0.00000     0.00000     0.00000     0.00000     0.00000     0.00000     0.00000     0.00000
   -14.35704     0.00000     0.00000     0.00000     0.00000     0.00000     0.00000     0.00000     0.00000     0.00000     0.00000
   -14.32204     0.00000     0.00000     0.00000     0.00000     0.00000     0.00000     0.00000     0.00000     0.00000     0.00000
   -14.28604     0.00000     0.00000     0.00000     0.00000     0.00000     0.00000     0.00000     0.00000     0.00000     0.00000
   -14.25104     0.00000     0.00000     0.00000     0.00000     0.00000     0.00000     0.00000     0.00000     0.00000     0.00000
   -14.21504     0.00000     0.00000     0.00000     0.00000     0.00000     0.00000     0.00000     0.00000     0.00000     0.00000
   -14.18004     0.00000     0.00000     0.00000     0.00000     0.00000     0.00000     0.00000     0.00000     0.00000     0.00000
   -14.14404     0.00000     0.00000     0.00000     0.00000     0.00000     0.00000     0.00000     0.00000     0.00000     0.00000
   -14.10904     0.00000     0.00000     0.00000     0.00000     0.00000     0.00000     0.00000     0.00000     0.00000     0.00000
   -14.07304     0.00000     0.00000     0.00000     0.00000     0.00000     0.00000     0.00000     0.00000     0.00000     0.00000
   -14.03804     0.00000     0.00000     0.00000     0.00000     0.00000     0.00000     0.00000     0.00000     0.00000     0.00000
   -14.00304     0.00000     0.00000     0.00000     0.00000     0.00000     0.00000     0.00000     0.00000     0.00000     0.00000
   -13.96704     0.00000     0.00000     0.00000     0.00000     0.00000     0.00000     0.00000     0.00000     0.00000     0.00000
   -13.93204     0.00000     0.00000     0.00000     0.00000     0.00000     0.00000     0.00000     0.00000     0.00000     0.00000
   -13.89604     0.00000     0.00000     0.00000     0.00000     0.00000     0.00000     0.00000     0.00000     0.00000     0.00000
   -13.86104     0.00000     0.00000     0.00000     0.00000     0.00000     0.00000     0.00000     0.00000     0.00000     0.00000
   -13.82504     0.00000     0.00000     0.00000     0.00000     0.00000     0.00000     0.00000     0.00000     0.00000     0.00000
   -13.79004     0.00000     0.00000     0.00000     0.00000     0.00000     0.00000     0.00000     0.00000     0.00000     0.00000
   -13.75504     0.00000     0.00000     0.00000     0.00000     0.00000     0.00000     0.00000     0.00000     0.00000     0.00000
   -13.71904     0.00000     0.00000     0.00000     0.00000     0.00000     0.00000     0.00000     0.00000     0.00000     0.00000
   -13.68404     0.00000     0.00000     0.00000     0.00000     0.00000     0.00000     0.00000     0.00000     0.00000     0.00000
   -13.64804     0.00000     0.00000     0.00000     0.00000     0.00000     0.00000     0.00000     0.00000     0.00000     0.00000
   -13.61304     0.00000     0.00000     0.00000     0.00000     0.00000     0.00000     0.00000     0.00000     0.00000     0.00000
   -13.57704     0.00018     0.00000     0.00000     0.00000     0.00000     0.00000     0.00000     0.00000     0.00000     0.00018
   -13.54204     0.01537     0.00002     0.00001     0.00002     0.00000     0.00000     0.00000     0.00000     0.00000     0.01540
   -13.50604     0.02352     0.00005     0.00002     0.00005     0.00000     0.00000     0.00000     0.00000     0.00000     0.02365
   -13.47104     0.02980     0.00010     0.00003     0.00010     0.00000     0.00000     0.00000     0.00000     0.00000     0.03002
   -13.43604     0.03772     0.00015     0.00004     0.00015     0.00000     0.00000     0.00000     0.00000     0.00000     0.03806
   -13.40004     0.04114     0.00021     0.00006     0.00021     0.00000     0.00000     0.00000     0.00000     0.00000     0.04162
   -13.36504     0.04468     0.00028     0.00008     0.00028     0.00000     0.00000     0.00000     0.00000     0.00000     0.04531
   -13.32904     0.04922     0.00035     0.00009     0.00035     0.00000     0.00000     0.00000     0.00000     0.00000     0.05001
   -13.29404     0.05380     0.00042     0.00011     0.00042     0.00000     0.00000     0.00000     0.00000     0.00000     0.05475
   -13.25804     0.05796     0.00051     0.00013     0.00051     0.00000     0.00000     0.00000     0.00000     0.00000     0.05911
   -13.22304     0.06092     0.00061     0.00016     0.00061     0.00000     0.00000     0.00000     0.00000     0.00000     0.06229
   -13.18704     0.06374     0.00070     0.00018     0.00070     0.00000     0.00000     0.00000     0.00000     0.00000     0.06532
   -13.15204     0.06678     0.00080     0.00020     0.00080     0.00000     0.00000     0.00000     0.00000     0.00000     0.06858
   -13.11704     0.07018     0.00091     0.00022     0.00091     0.00000     0.00000     0.00000     0.00000     0.00000     0.07222
   -13.08104     0.07392     0.00102     0.00025     0.00102     0.00000     0.00000     0.00000     0.00000     0.00000     0.07620
   -13.04604     0.07758     0.00113     0.00028     0.00113     0.00000     0.00000     0.00000     0.00000     0.00000     0.08012
   -13.01004     0.08024     0.00126     0.00030     0.00126     0.00000     0.00000     0.00000     0.00000     0.00000     0.08306
   -12.97504     0.08268     0.00139     0.00033     0.00139     0.00000     0.00000     0.00000     0.00000     0.00000     0.08578
   -12.93904     0.08546     0.00153     0.00035     0.00153     0.00000     0.00000     0.00000     0.00000     0.00000     0.08887
   -12.90404     0.08828     0.00167     0.00038     0.00167     0.00000     0.00000     0.00000     0.00000     0.00000     0.09200
   -12.86804     0.09128     0.00181     0.00041     0.00181     0.00000     0.00000     0.00000     0.00000     0.00000     0.09531
   -12.83304     0.09442     0.00195     0.00044     0.00195     0.00000     0.00000     0.00000     0.00000     0.00000     0.09876
   -12.79804     0.09760     0.00210     0.00046     0.00210     0.00000     0.00000     0.00000     0.00000     0.00000     0.10226
   -12.76204     0.10064     0.00225     0.00049     0.00225     0.00000     0.00000     0.00000     0.00000     0.00000     0.10563
   -12.72704     0.10342     0.00243     0.00052     0.00243     0.00000     0.00000     0.00000     0.00000     0.00000     0.10881
   -12.69104     0.10604     0.00262     0.00055     0.00262     0.00000     0.00000     0.00000     0.00000     0.00000     0.11182
   -12.65604     0.10874     0.00280     0.00058     0.00280     0.00000     0.00000     0.00000     0.00000     0.00000     0.11491
   -12.62004     0.11154     0.00298     0.00060     0.00298     0.00000     0.00000     0.00000     0.00000     0.00000     0.11810
   -12.58504     0.11440     0.00316     0.00063     0.00316     0.00000     0.00000     0.00000     0.00000     0.00000     0.12135
   -12.54904     0.11730     0.00335     0.00066     0.00335     0.00000     0.00000     0.00000     0.00000     0.00000     0.12465
   -12.51404     0.12044     0.00355     0.00069     0.00355     0.00000     0.00000     0.00000     0.00000     0.00000     0.12822
   -12.47904     0.12374     0.00375     0.00071     0.00375     0.00000     0.00000     0.00000     0.00000     0.00000     0.13196
   -12.44304     0.12710     0.00396     0.00074     0.00396     0.00000     0.00000     0.00000     0.00000     0.00000     0.13576
   -12.40804     0.13014     0.00419     0.00077     0.00419     0.00000     0.00000     0.00000     0.00000     0.00000     0.13928
   -12.37204     0.13306     0.00442     0.00079     0.00442     0.00000     0.00000     0.00000     0.00000     0.00000     0.14269
   -12.33704     0.13606     0.00465     0.00082     0.00465     0.00000     0.00000     0.00000     0.00000     0.00000     0.14617
   -12.30104     0.13910     0.00489     0.00084     0.00489     0.00000     0.00000     0.00000     0.00000     0.00000     0.14971
   -12.26604     0.14254     0.00515     0.00087     0.00515     0.00000     0.00000     0.00000     0.00000     0.00000     0.15370
   -12.23004     0.14604     0.00540     0.00089     0.00540     0.00000     0.00000     0.00000     0.00000     0.00000     0.15773
   -12.19504     0.14962     0.00566     0.00091     0.00566     0.00000     0.00000     0.00000     0.00000     0.00000     0.16186
   -12.16004     0.15322     0.00593     0.00093     0.00593     0.00000     0.00000     0.00000     0.00000     0.00000     0.16601
   -12.12404     0.15686     0.00619     0.00095     0.00619     0.00000     0.00000     0.00000     0.00000     0.00000     0.17020
   -12.08904     0.16074     0.00646     0.00097     0.00646     0.00000     0.00000     0.00000     0.00000     0.00000     0.17464
   -12.05304     0.16528     0.00674     0.00099     0.00674     0.00000     0.00000     0.00000     0.00000     0.00000     0.17976
   -12.01804     0.16990     0.00707     0.00101     0.00707     0.00000     0.00000     0.00000     0.00000     0.00000     0.18504
   -11.98204     0.17454     0.00740     0.00102     0.00740     0.00000     0.00000     0.00000     0.00000     0.00000     0.19036
   -11.94704     0.17912     0.00774     0.00103     0.00774     0.00000     0.00000     0.00000     0.00000     0.00000     0.19563
   -11.91104     0.18386     0.00808     0.00104     0.00808     0.00000     0.00000     0.00000     0.00000     0.00000     0.20106
   -11.87604     0.18868     0.00842     0.00105     0.00842     0.00000     0.00000     0.00000     0.00000     0.00000     0.20658
   -11.84104     0.19352     0.00877     0.00106     0.00877     0.00000     0.00000     0.00000     0.00000     0.00000     0.21212
   -11.80504     0.20140     0.00914     0.00106     0.00914     0.00000     0.00000     0.00000     0.00000     0.00000     0.22074
   -11.77004     0.21080     0.00955     0.00107     0.00955     0.00000     0.00000     0.00000     0.00000     0.00000     0.23097
   -11.73404     0.22020     0.00997     0.00106     0.00997     0.00000     0.00000     0.00000     0.00000     0.00000     0.24121
   -11.69904     0.22980     0.01041     0.00105     0.01041     0.00000     0.00000     0.00000     0.00000     0.00000     0.25167
   -11.66304     0.26540     0.01089     0.00106     0.01089     0.00000     0.00000     0.00000     0.00000     0.00000     0.28823
   -11.62804     0.25960     0.01139     0.00101     0.01139     0.00000     0.00000     0.00000     0.00000     0.00000     0.28338
   -11.59204     0.25660     0.01189     0.00097     0.01189     0.00000     0.00000     0.00000     0.00000     0.00000     0.28134
   -11.55704     0.25820     0.01241     0.00094     0.01241     0.00000     0.00000     0.00000     0.00000     0.00000     0.28395
   -11.52204     0.25780     0.01297     0.00090     0.01297     0.00000     0.00000     0.00000     0.00000     0.00000     0.28464
   -11.48604     0.25720     0.01350     0.00086     0.01350     0.00000     0.00000     0.00000     0.00000     0.00000     0.28507
   -11.45104     0.25760     0.01401     0.00083     0.01401     0.00000     0.00000     0.00000     0.00000     0.00000     0.28645
   -11.41504     0.25700     0.01451     0.00080     0.01451     0.00000     0.00000     0.00000     0.00000     0.00000     0.28682
   -11.38004     0.25580     0.01503     0.00077     0.01503     0.00000     0.00000     0.00000     0.00000     0.00000     0.28662
   -11.34404     0.25620     0.01555     0.00074     0.01555     0.00000     0.00000     0.00000     0.00000     0.00000     0.28804
   -11.30904     0.25640     0.01607     0.00071     0.01607     0.00000     0.00000     0.00000     0.00000     0.00000     0.28924
   -11.27304     0.25640     0.01658     0.00068     0.01658     0.00000     0.00000     0.00000     0.00000     0.00000     0.29023
   -11.23804     0.25520     0.01709     0.00065     0.01709     0.00000     0.00000     0.00000     0.00000     0.00000     0.29004
   -11.20304     0.25520     0.01759     0.00063     0.01759     0.00000     0.00000     0.00000     0.00000     0.00000     0.29101
   -11.16704     0.25560     0.01809     0.00060     0.01809     0.00000     0.00000     0.00000     0.00000     0.00000     0.29238
   -11.13204     0.25560     0.01859     0.00058     0.01859     0.00000     0.00000     0.00000     0.00000     0.00000     0.29336
   -11.09604     0.25560     0.01911     0.00056     0.01911     0.00000     0.00000     0.00000     0.00000     0.00000     0.29438
   -11.06104     0.25420     0.01965     0.00053     0.01965     0.00000     0.00000     0.00000     0.00000     0.00000     0.29403
   -11.02504     0.25400     0.02018     0.00051     0.02018     0.00000     0.00000     0.00000     0.00000     0.00000     0.29487
   -10.99004     0.25400     0.02070     0.00049     0.02070     0.00000     0.00000     0.00000     0.00000     0.00000     0.29589
   -10.95404     0.25440     0.02120     0.00047     0.02120     0.00000     0.00000     0.00000     0.00000     0.00000     0.29727
   -10.91904     0.25420     0.02172     0.00045     0.02172     0.00000     0.00000     0.00000     0.00000     0.00000     0.29809
   -10.88404     0.25400     0.02224     0.00043     0.02224     0.00000     0.00000     0.00000     0.00000     0.00000     0.29891
   -10.84804     0.25320     0.02276     0.00042     0.02276     0.00000     0.00000     0.00000     0.00000     0.00000     0.29914
   -10.81304     0.25320     0.02328     0.00040     0.02328     0.00000     0.00000     0.00000     0.00000     0.00000     0.30016
   -10.77704     0.25340     0.02380     0.00038     0.02380     0.00000     0.00000     0.00000     0.00000     0.00000     0.30138
   -10.74204     0.25380     0.02430     0.00037     0.02430     0.00000     0.00000     0.00000     0.00000     0.00000     0.30277
   -10.70604     0.25420     0.02480     0.00035     0.02480     0.00000     0.00000     0.00000     0.00000     0.00000     0.30415
   -10.67104     0.25460     0.02532     0.00034     0.02532     0.00000     0.00000     0.00000     0.00000     0.00000     0.30558
   -10.63604     0.25460     0.02582     0.00032     0.02582     0.00000     0.00000     0.00000     0.00000     0.00000     0.30656
   -10.60004     0.25420     0.02634     0.00031     0.02634     0.00000     0.00000     0.00000     0.00000     0.00000     0.30719
   -10.56504     0.25440     0.02688     0.00030     0.02688     0.00000     0.00000     0.00000     0.00000     0.00000     0.30846
   -10.52904     0.25480     0.02742     0.00029     0.02742     0.00000     0.00000     0.00000     0.00000     0.00000     0.30993
   -10.49404     0.25540     0.02798     0.00028     0.02798     0.00000     0.00000     0.00000     0.00000     0.00000     0.31164
   -10.45804     0.25620     0.02852     0.00026     0.02852     0.00000     0.00000     0.00000     0.00000     0.00000     0.31350
   -10.42304     0.25700     0.02906     0.00025     0.02906     0.00000     0.00000     0.00000     0.00000     0.00000     0.31537
   -10.38704     0.25760     0.02962     0.00024     0.02962     0.00000     0.00000     0.00000     0.00000     0.00000     0.31708
   -10.35204     0.25800     0.03020     0.00023     0.03020     0.00000     0.00000     0.00000     0.00000     0.00000     0.31863
   -10.31704     0.25820     0.03078     0.00022     0.03078     0.00000     0.00000     0.00000     0.00000     0.00000     0.31998
   -10.28104     0.25960     0.03136     0.00021     0.03136     0.00000     0.00000     0.00000     0.00000     0.00000     0.32253
   -10.24604     0.26120     0.03196     0.00021     0.03196     0.00000     0.00000     0.00000     0.00000     0.00000     0.32533
   -10.21004     0.26300     0.03256     0.00020     0.03256     0.00000     0.00000     0.00000     0.00000     0.00000     0.32832
   -10.17504     0.26520     0.03318     0.00019     0.03318     0.00000     0.00000     0.00000     0.00000     0.00000     0.33175
   -10.13904     0.26800     0.03384     0.00018     0.03384     0.00000     0.00000     0.00000     0.00000     0.00000     0.33586
   -10.10404     0.27080     0.03452     0.00018     0.03452     0.00000     0.00000     0.00000     0.00000     0.00000     0.34002
   -10.06804     0.27380     0.03522     0.00017     0.03522     0.00000     0.00000     0.00000     0.00000     0.00000     0.34441
   -10.03304     0.27680     0.03604     0.00016     0.03604     0.00000     0.00000     0.00000     0.00000     0.00000     0.34904
    -9.99804     0.28140     0.03704     0.00016     0.03704     0.00000     0.00000     0.00000     0.00000     0.00000     0.35564
    -9.96204     0.28780     0.03814     0.00015     0.03814     0.00000     0.00000     0.00000     0.00000     0.00000     0.36423
    -9.92704     0.29700     0.03948     0.00014     0.03948     0.00000     0.00000     0.00000     0.00000     0.00000     0.37610
    -9.89104     0.31080     0.04128     0.00014     0.04128     0.00000     0.00000     0.00000     0.00000     0.00000     0.39350
    -9.85604     0.33580     0.04412     0.00014     0.04412     0.00000     0.00000     0.00000     0.00000     0.00000     0.42418
    -9.82004     0.36180     0.04706     0.00013     0.04706     0.00000     0.00000     0.00000     0.00000     0.00000     0.45605
    -9.78504     0.34520     0.04574     0.00013     0.04574     0.00000     0.00000     0.00000     0.00000     0.00000     0.43681
    -9.74904     0.33620     0.04528     0.00012     0.04528     0.00000     0.00000     0.00000     0.00000     0.00000     0.42688
    -9.71404     0.33160     0.04630     0.00011     0.04630     0.00000     0.00000     0.00000     0.00000     0.00000     0.42431
    -9.67904     0.32360     0.04616     0.00010     0.04616     0.00000     0.00000     0.00000     0.00000     0.00000     0.41602
    -9.64304     0.31560     0.04554     0.00010     0.04554     0.00000     0.00000     0.00000     0.00000     0.00000     0.40678
    -9.60804     0.29580     0.04428     0.00009     0.04428     0.00000     0.00000     0.00000     0.00000     0.00000     0.38445
    -9.57204     0.28460     0.04334     0.00009     0.04334     0.00000     0.00000     0.00000     0.00000     0.00000     0.37137
    -9.53704     0.26560     0.04082     0.00008     0.04082     0.00000     0.00000     0.00000     0.00000     0.00000     0.34732
    -9.50104     0.23380     0.03636     0.00006     0.03636     0.00000     0.00000     0.00000     0.00000     0.00000     0.30658
    -9.46604     0.20820     0.03266     0.00005     0.03266     0.00000     0.00000     0.00000     0.00000     0.00000     0.27357
    -9.43004     0.18784     0.02964     0.00005     0.02964     0.00000     0.00000     0.00000     0.00000     0.00000     0.24717
    -9.39504     0.17490     0.02766     0.00004     0.02766     0.00000     0.00000     0.00000     0.00000     0.00000     0.23026
    -9.36004     0.16892     0.02708     0.00003     0.02708     0.00000     0.00000     0.00000     0.00000     0.00000     0.22311
    -9.32404     0.16956     0.02762     0.00003     0.02762     0.00000     0.00000     0.00000     0.00000     0.00000     0.22483
    -9.28904     0.20380     0.03388     0.00003     0.03388     0.00000     0.00000     0.00000     0.00000     0.00000     0.27159
    -9.25304     0.15362     0.02620     0.00002     0.02620     0.00000     0.00000     0.00000     0.00000     0.00000     0.20604
    -9.21804     0.13262     0.02316     0.00002     0.02316     0.00000     0.00000     0.00000     0.00000     0.00000     0.17896
    -9.18204     0.12048     0.02162     0.00002     0.02162     0.00000     0.00000     0.00000     0.00000     0.00000     0.16374
    -9.14704     0.11506     0.02124     0.00003     0.02124     0.00000     0.00000     0.00000     0.00000     0.00000     0.15757
    -9.11104     0.11348     0.02174     0.00003     0.02174     0.00000     0.00000     0.00000     0.00000     0.00000     0.15699
    -9.07604     0.11402     0.02290     0.00004     0.02290     0.00000     0.00000     0.00000     0.00000     0.00000     0.15986
    -9.04104     0.11658     0.02470     0.00005     0.02470     0.00000     0.00000     0.00000     0.00000     0.00000     0.16603
    -9.00504     0.11008     0.02508     0.00006     0.02508     0.00000     0.00000     0.00000     0.00000     0.00000     0.16030
    -8.97004     0.10828     0.02618     0.00008     0.02618     0.00000     0.00000     0.00000     0.00000     0.00000     0.16072
    -8.93404     0.11052     0.02816     0.00009     0.02816     0.00000     0.00000     0.00000     0.00000     0.00000     0.16693
    -8.89904     0.10492     0.02732     0.00011     0.02732     0.00000     0.00000     0.00000     0.00000     0.00000     0.15967
    -8.86304     0.13842     0.03438     0.00013     0.03438     0.00000     0.00000     0.00000     0.00000     0.00000     0.20731
    -8.82804     0.08614     0.02562     0.00014     0.02562     0.00000     0.00000     0.00000     0.00000     0.00000     0.13752
    -8.79204     0.07726     0.02440     0.00016     0.02440     0.00000     0.00000     0.00000     0.00000     0.00000     0.12622
    -8.75704     0.07484     0.02464     0.00018     0.02464     0.00000     0.00000     0.00000     0.00000     0.00000     0.12430
    -8.72204     0.07270     0.02500     0.00020     0.02500     0.00000     0.00000     0.00000     0.00000     0.00000     0.12290
    -8.68604     0.07066     0.02538     0.00022     0.02538     0.00000     0.00000     0.00000     0.00000     0.00000     0.12164
    -8.65104     0.07224     0.02718     0.00024     0.02718     0.00000     0.00000     0.00000     0.00000     0.00000     0.12684
    -8.61504     0.08350     0.03258     0.00028     0.03258     0.00000     0.00000     0.00000     0.00000     0.00000     0.14894
    -8.58004     0.07802     0.03118     0.00031     0.03118     0.00000     0.00000     0.00000     0.00000     0.00000     0.14069
    -8.54404     0.08136     0.03296     0.00034     0.03296     0.00000     0.00000     0.00000     0.00000     0.00000     0.14762
    -8.50904     0.08522     0.03474     0.00037     0.03474     0.00000     0.00000     0.00000     0.00000     0.00000     0.15507
    -8.47304     0.09064     0.03690     0.00040     0.03690     0.00000     0.00000     0.00000     0.00000     0.00000     0.16484
    -8.43804     0.09858     0.03976     0.00044     0.03976     0.00000     0.00000     0.00000     0.00000     0.00000     0.17854
    -8.40304     0.11044     0.04374     0.00048     0.04374     0.00000     0.00000     0.00000     0.00000     0.00000     0.19840
    -8.36704     0.12610     0.04868     0.00052     0.04868     0.00000     0.00000     0.00000     0.00000     0.00000     0.22398
    -8.33204     0.14306     0.05412     0.00056     0.05412     0.00000     0.00000     0.00000     0.00000     0.00000     0.25186
    -8.29604     0.16104     0.05996     0.00061     0.05996     0.00000     0.00000     0.00000     0.00000     0.00000     0.28157
    -8.26104     0.18446     0.06766     0.00068     0.06766     0.00000     0.00000     0.00000     0.00000     0.00000     0.32046
    -8.22504     0.24400     0.08742     0.00079     0.08742     0.00000     0.00000     0.00000     0.00000     0.00000     0.41963
    -8.19004     0.16978     0.06726     0.00076     0.06726     0.00000     0.00000     0.00000     0.00000     0.00000     0.30506
    -8.15404     0.17104     0.06840     0.00079     0.06840     0.00000     0.00000     0.00000     0.00000     0.00000     0.30863
    -8.11904     0.17314     0.06976     0.00083     0.06976     0.00000     0.00000     0.00000     0.00000     0.00000     0.31349
    -8.08404     0.17556     0.07130     0.00086     0.07130     0.00000     0.00000     0.00000     0.00000     0.00000     0.31902
    -8.04804     0.17846     0.07322     0.00089     0.07322     0.00000     0.00000     0.00000     0.00000     0.00000     0.32579
    -8.01304     0.18056     0.07498     0.00092     0.07498     0.00000     0.00000     0.00000     0.00000     0.00000     0.33144
    -7.97704     0.18300     0.07722     0.00095     0.07722     0.00000     0.00000     0.00000     0.00000     0.00000     0.33839
    -7.94204     0.18300     0.07846     0.00097     0.07846     0.00000     0.00000     0.00000     0.00000     0.00000     0.34089
    -7.90604     0.18126     0.07902     0.00099     0.07902     0.00000     0.00000     0.00000     0.00000     0.00000     0.34029
    -7.87104     0.17740     0.07952     0.00101     0.07952     0.00000     0.00000     0.00000     0.00000     0.00000     0.33745
    -7.83604     0.17670     0.08106     0.00102     0.08106     0.00000     0.00000     0.00000     0.00000     0.00000     0.33984
    -7.80004     0.17308     0.08050     0.00104     0.08050     0.00000     0.00000     0.00000     0.00000     0.00000     0.33512
    -7.76504     0.17448     0.08246     0.00105     0.08246     0.00000     0.00000     0.00000     0.00000     0.00000     0.34045
    -7.72904     0.17752     0.08520     0.00106     0.08520     0.00000     0.00000     0.00000     0.00000     0.00000     0.34898
    -7.69404     0.17834     0.08664     0.00106     0.08664     0.00000     0.00000     0.00000     0.00000     0.00000     0.35268
    -7.65804     0.17748     0.08716     0.00107     0.08716     0.00000     0.00000     0.00000     0.00000     0.00000     0.35287
    -7.62304     0.18020     0.09046     0.00540     0.09046     0.00000     0.00000     0.00000     0.00000     0.00000     0.36652
    -7.58704     0.16350     0.08096     0.00653     0.08096     0.00000     0.00000     0.00000     0.00000     0.00000     0.33195
    -7.55204     0.15720     0.07802     0.00803     0.07802     0.00000     0.00000     0.00000     0.00000     0.00000     0.32127
    -7.51704     0.15146     0.07548     0.00965     0.07548     0.00000     0.00000     0.00000     0.00000     0.00000     0.31207
    -7.48104     0.14182     0.07210     0.01125     0.07210     0.00000     0.00000     0.00000     0.00000     0.00000     0.29727
    -7.44604     0.13590     0.07018     0.01218     0.07018     0.00000     0.00000     0.00000     0.00000     0.00000     0.28844
    -7.41004     0.13268     0.06906     0.01338     0.06906     0.00000     0.00000     0.00000     0.00000     0.00000     0.28418
    -7.37504     0.13042     0.06844     0.01452     0.06844     0.00000     0.00000     0.00000     0.00000     0.00000     0.28182
    -7.33904     0.12832     0.06812     0.01538     0.06812     0.00000     0.00000     0.00000     0.00000     0.00000     0.27994
    -7.30404     0.12644     0.06808     0.01639     0.06808     0.00000     0.00000     0.00000     0.00000     0.00000     0.27899
    -7.26804     0.12470     0.06824     0.01738     0.06824     0.00000     0.00000     0.00000     0.00000     0.00000     0.27856
    -7.23304     0.12284     0.06852     0.01792     0.06852     0.00000     0.00000     0.00000     0.00000     0.00000     0.27780
    -7.19804     0.12060     0.06878     0.01877     0.06878     0.00000     0.00000     0.00000     0.00000     0.00000     0.27693
    -7.16204     0.11822     0.06912     0.01962     0.06912     0.00000     0.00000     0.00000     0.00000     0.00000     0.27608
    -7.12704     0.11578     0.06958     0.02054     0.06958     0.00000     0.00000     0.00000     0.00000     0.00000     0.27548
    -7.09104     0.11328     0.07014     0.02148     0.07014     0.00000     0.00000     0.00000     0.00000     0.00000     0.27504
    -7.05604     0.11082     0.07024     0.02240     0.07024     0.00000     0.00000     0.00000     0.00000     0.00000     0.27370
    -7.02004     0.10820     0.07022     0.02346     0.07022     0.00000     0.00000     0.00000     0.00000     0.00000     0.27210
    -6.98504     0.10564     0.07030     0.02448     0.07030     0.00000     0.00000     0.00000     0.00000     0.00000     0.27072
    -6.94904     0.10352     0.07050     0.02530     0.07050     0.00000     0.00000     0.00000     0.00000     0.00000     0.26982
    -6.91404     0.10226     0.07090     0.02610     0.07090     0.00000     0.00000     0.00000     0.00000     0.00000     0.27016
    -6.87904     0.10118     0.07130     0.02692     0.07130     0.00000     0.00000     0.00000     0.00000     0.00000     0.27070
    -6.84304     0.10012     0.07202     0.02772     0.07202     0.00000     0.00000     0.00000     0.00000     0.00000     0.27188
    -6.80804     0.09902     0.07262     0.02852     0.07262     0.00000     0.00000     0.00000     0.00000     0.00000     0.27278
    -6.77204     0.09792     0.07318     0.02938     0.07318     0.00000     0.00000     0.00000     0.00000     0.00000     0.27366
    -6.73704     0.09682     0.07378     0.03036     0.07378     0.00000     0.00000     0.00000     0.00000     0.00000     0.27474
    -6.70104     0.09574     0.07442     0.03136     0.07442     0.00000     0.00000     0.00000     0.00000     0.00000     0.27594
    -6.66604     0.09466     0.07522     0.03240     0.07522     0.00000     0.00000     0.00000     0.00000     0.00000     0.27750
    -6.63004     0.09356     0.07630     0.03336     0.07630     0.00000     0.00000     0.00000     0.00000     0.00000     0.27952
    -6.59504     0.09086     0.07674     0.03434     0.07674     0.00000     0.00000     0.00000     0.00000     0.00000     0.27868
    -6.56004     0.08902     0.07750     0.03530     0.07750     0.00000     0.00000     0.00000     0.00000     0.00000     0.27932
    -6.52404     0.08750     0.07842     0.03628     0.07842     0.00000     0.00000     0.00000     0.00000     0.00000     0.28062
    -6.48904     0.08618     0.07944     0.03730     0.07944     0.00000     0.00000     0.00000     0.00000     0.00000     0.28236
    -6.45304     0.08500     0.08068     0.03838     0.08068     0.00000     0.00000     0.00000     0.00000     0.00000     0.28474
    -6.41804     0.08380     0.08196     0.03962     0.08196     0.00000     0.00000     0.00000     0.00000     0.00000     0.28734
    -6.38204     0.08330     0.08346     0.04086     0.08346     0.00000     0.00000     0.00000     0.00000     0.00000     0.29108
    -6.34704     0.08276     0.08496     0.04208     0.08496     0.00000     0.00000     0.00000     0.00000     0.00000     0.29476
    -6.31104     0.08224     0.08648     0.04338     0.08648     0.00000     0.00000     0.00000     0.00000     0.00000     0.29858
    -6.27604     0.08168     0.08806     0.04476     0.08806     0.00000     0.00000     0.00000     0.00000     0.00000     0.30256
    -6.24104     0.08094     0.08972     0.04618     0.08972     0.00000     0.00000     0.00000     0.00000     0.00000     0.30656
    -6.20504     0.08008     0.09146     0.04766     0.09146     0.00000     0.00000     0.00000     0.00000     0.00000     0.31066
    -6.17004     0.07932     0.09376     0.04938     0.09376     0.00000     0.00000     0.00000     0.00000     0.00000     0.31622
    -6.13404     0.07854     0.09614     0.05136     0.09614     0.00000     0.00000     0.00000     0.00000     0.00000     0.32218
    -6.09904     0.07780     0.09850     0.05380     0.09850     0.00000     0.00000     0.00000     0.00000     0.00000     0.32860
    -6.06304     0.07716     0.10118     0.05668     0.10118     0.00000     0.00000     0.00000     0.00000     0.00000     0.33620
    -6.02804     0.07720     0.10490     0.06070     0.10490     0.00000     0.00000     0.00000     0.00000     0.00000     0.34770
    -5.99204     0.07792     0.10964     0.06600     0.10964     0.00000     0.00000     0.00000     0.00000     0.00000     0.36320
    -5.95704     0.07940     0.11510     0.07282     0.11510     0.00000     0.00000     0.00000     0.00000     0.00000     0.38242
    -5.92204     0.08148     0.12096     0.08014     0.12096     0.00000     0.00000     0.00000     0.00000     0.00000     0.40354
    -5.88604     0.08230     0.12616     0.08388     0.12616     0.00000     0.00000     0.00000     0.00000     0.00000     0.41850
    -5.85104     0.08044     0.13116     0.08244     0.13116     0.00000     0.00000     0.00000     0.00000     0.00000     0.42520
    -5.81504     0.07646     0.13438     0.08336     0.13438     0.00000     0.00000     0.00000     0.00000     0.00000     0.42858
    -5.78004     0.06992     0.14108     0.07626     0.14108     0.00000     0.00000     0.00000     0.00000     0.00000     0.42834
    -5.74404     0.06228     0.13354     0.05984     0.13354     0.00000     0.00000     0.00000     0.00000     0.00000     0.38920
    -5.70904     0.05830     0.13298     0.05018     0.13298     0.00000     0.00000     0.00000     0.00000     0.00000     0.37444
    -5.67304     0.05646     0.13390     0.04700     0.13390     0.00000     0.00000     0.00000     0.00000     0.00000     0.37126
    -5.63804     0.05500     0.13406     0.04456     0.13406     0.00000     0.00000     0.00000     0.00000     0.00000     0.36768
    -5.60304     0.05358     0.13348     0.04234     0.13348     0.00000     0.00000     0.00000     0.00000     0.00000     0.36288
    -5.56704     0.05170     0.13408     0.04000     0.13408     0.00000     0.00000     0.00000     0.00000     0.00000     0.35986
    -5.53204     0.05006     0.13492     0.03794     0.13492     0.00000     0.00000     0.00000     0.00000     0.00000     0.35784
    -5.49604     0.04916     0.13636     0.03836     0.13636     0.00000     0.00000     0.00000     0.00000     0.00000     0.36024
    -5.46104     0.05000     0.13912     0.04216     0.13912     0.00000     0.00000     0.00000     0.00000     0.00000     0.37040
    -5.42504     0.04998     0.14094     0.04292     0.14094     0.00000     0.00000     0.00000     0.00000     0.00000     0.37478
    -5.39004     0.04994     0.14268     0.04560     0.14268     0.00000     0.00000     0.00000     0.00000     0.00000     0.38090
    -5.35404     0.05202     0.14678     0.05036     0.14678     0.00000     0.00000     0.00000     0.00000     0.00000     0.39594
    -5.31904     0.05584     0.15352     0.06184     0.15352     0.00000     0.00000     0.00000     0.00000     0.00000     0.42472
    -5.28404     0.06392     0.16616     0.08042     0.16616     0.00000     0.00000     0.00000     0.00000     0.00000     0.47666
    -5.24804     0.06954     0.17792     0.08710     0.17792     0.00000     0.00000     0.00000     0.00000     0.00000     0.51248
    -5.21304     0.05960     0.17692     0.08626     0.17692     0.00000     0.00000     0.00000     0.00000     0.00000     0.49970
    -5.17704     0.05950     0.17722     0.08648     0.17722     0.00000     0.00000     0.00000     0.00000     0.00000     0.50042
    -5.14204     0.05872     0.17830     0.08502     0.17830     0.00000     0.00000     0.00000     0.00000     0.00000     0.50034
    -5.10604     0.05740     0.17782     0.08320     0.17782     0.00000     0.00000     0.00000     0.00000     0.00000     0.49624
    -5.07104     0.05616     0.17764     0.08188     0.17764     0.00000     0.00000     0.00000     0.00000     0.00000     0.49332
    -5.03504     0.05562     0.17728     0.08172     0.17728     0.00000     0.00000     0.00000     0.00000     0.00000     0.49190
    -5.00004     0.05556     0.17606     0.08166     0.17606     0.00000     0.00000     0.00000     0.00000     0.00000     0.48934
    -4.96504     0.05368     0.17016     0.07830     0.17016     0.00000     0.00000     0.00000     0.00000     0.00000     0.47230
    -4.92904     0.05320     0.17046     0.07762     0.17046     0.00000     0.00000     0.00000     0.00000     0.00000     0.47174
    -4.89404     0.05292     0.17284     0.07694     0.17284     0.00000     0.00000     0.00000     0.00000     0.00000     0.47554
    -4.85804     0.05286     0.17612     0.07662     0.17612     0.00000     0.00000     0.00000     0.00000     0.00000     0.48172
    -4.82304     0.05270     0.17806     0.07624     0.17806     0.00000     0.00000     0.00000     0.00000     0.00000     0.48506
    -4.78704     0.05368     0.18302     0.08014     0.18302     0.00000     0.00000     0.00000     0.00000     0.00000     0.49986
    -4.75204     0.05238     0.19628     0.08250     0.19628     0.00000     0.00000     0.00000     0.00000     0.00000     0.52744
    -4.71704     0.04988     0.21140     0.08238     0.21140     0.00000     0.00000     0.00000     0.00000     0.00000     0.55506
    -4.68104     0.04836     0.20800     0.08396     0.20800     0.00000     0.00000     0.00000     0.00000     0.00000     0.54832
    -4.64604     0.04714     0.20680     0.08650     0.20680     0.00000     0.00000     0.00000     0.00000     0.00000     0.54724
    -4.61004     0.04598     0.19802     0.08828     0.19802     0.00000     0.00000     0.00000     0.00000     0.00000     0.53030
    -4.57504     0.04506     0.18870     0.08980     0.18870     0.00000     0.00000     0.00000     0.00000     0.00000     0.51226
    -4.53904     0.04390     0.18546     0.09242     0.18546     0.00000     0.00000     0.00000     0.00000     0.00000     0.50724
    -4.50404     0.04256     0.18512     0.09626     0.18512     0.00000     0.00000     0.00000     0.00000     0.00000     0.50906
    -4.46804     0.04148     0.19270     0.10426     0.19270     0.00000     0.00000     0.00000     0.00000     0.00000     0.53114
    -4.43304     0.04060     0.19962     0.10804     0.19962     0.00000     0.00000     0.00000     0.00000     0.00000     0.54788
    -4.39804     0.03970     0.20300     0.10982     0.20300     0.00000     0.00000     0.00000     0.00000     0.00000     0.55552
    -4.36204     0.03958     0.20440     0.11248     0.20440     0.00000     0.00000     0.00000     0.00000     0.00000     0.56086
    -4.32704     0.03894     0.20560     0.11608     0.20560     0.00000     0.00000     0.00000     0.00000     0.00000     0.56622
    -4.29104     0.03744     0.20580     0.11820     0.20580     0.00000     0.00000     0.00000     0.00000     0.00000     0.56724
    -4.25604     0.03568     0.20420     0.12014     0.20420     0.00000     0.00000     0.00000     0.00000     0.00000     0.56422
    -4.22004     0.03450     0.20400     0.12390     0.20400     0.00000     0.00000     0.00000     0.00000     0.00000     0.56640
    -4.18504     0.03386     0.20420     0.12918     0.20420     0.00000     0.00000     0.00000     0.00000     0.00000     0.57144
    -4.14904     0.03282     0.20320     0.13336     0.20320     0.00000     0.00000     0.00000     0.00000     0.00000     0.57258
    -4.11404     0.03166     0.20100     0.13724     0.20100     0.00000     0.00000     0.00000     0.00000     0.00000     0.57090
    -4.07904     0.03062     0.19944     0.14200     0.19944     0.00000     0.00000     0.00000     0.00000     0.00000     0.57150
    -4.04304     0.02958     0.19920     0.14790     0.19920     0.00000     0.00000     0.00000     0.00000     0.00000     0.57588
    -4.00804     0.02866     0.19776     0.15394     0.19776     0.00000     0.00000     0.00000     0.00000     0.00000     0.57812
    -3.97204     0.02782     0.19638     0.16062     0.19638     0.00000     0.00000     0.00000     0.00000     0.00000     0.58120
    -3.93704     0.02684     0.19522     0.17048     0.19522     0.00000     0.00000     0.00000     0.00000     0.00000     0.58776
    -3.90104     0.02586     0.19508     0.17556     0.19508     0.00000     0.00000     0.00000     0.00000     0.00000     0.59158
    -3.86604     0.02488     0.19456     0.17998     0.19456     0.00000     0.00000     0.00000     0.00000     0.00000     0.59398
    -3.83004     0.02402     0.19362     0.20020     0.19362     0.00000     0.00000     0.00000     0.00000     0.00000     0.61146
    -3.79504     0.02314     0.19158     0.19222     0.19158     0.00000     0.00000     0.00000     0.00000     0.00000     0.59852
    -3.76004     0.02232     0.18996     0.19746     0.18996     0.00000     0.00000     0.00000     0.00000     0.00000     0.59970
    -3.72404     0.02160     0.19048     0.20320     0.19048     0.00000     0.00000     0.00000     0.00000     0.00000     0.60576
    -3.68904     0.02104     0.19194     0.20920     0.19194     0.00000     0.00000     0.00000     0.00000     0.00000     0.61412
    -3.65304     0.02050     0.19228     0.21600     0.19228     0.00000     0.00000     0.00000     0.00000     0.00000     0.62106
    -3.61804     0.01985     0.19320     0.22500     0.19320     0.00000     0.00000     0.00000     0.00000     0.00000     0.63125
    -3.58204     0.01937     0.19262     0.23900     0.19262     0.00000     0.00000     0.00000     0.00000     0.00000     0.64361
    -3.54704     0.01882     0.19054     0.24980     0.19054     0.00000     0.00000     0.00000     0.00000     0.00000     0.64970
    -3.51104     0.01731     0.18622     0.26000     0.18622     0.00000     0.00000     0.00000     0.00000     0.00000     0.64975
    -3.47604     0.01620     0.18178     0.27380     0.18178     0.00000     0.00000     0.00000     0.00000     0.00000     0.65356
    -3.44104     0.01552     0.17904     0.29320     0.17904     0.00000     0.00000     0.00000     0.00000     0.00000     0.66680
    -3.40504     0.01474     0.17506     0.31280     0.17506     0.00000     0.00000     0.00000     0.00000     0.00000     0.67766
    -3.37004     0.01377     0.16572     0.33760     0.16572     0.00000     0.00000     0.00000     0.00000     0.00000     0.68281
    -3.33404     0.01302     0.15704     0.39880     0.15704     0.00000     0.00000     0.00000     0.00000     0.00000     0.72590
    -3.29904     0.01249     0.15072     0.47240     0.15072     0.00000     0.00000     0.00000     0.00000     0.00000     0.78633
    -3.26304     0.01202     0.14612     0.71640     0.14612     0.00000     0.00000     0.00000     0.00000     0.00000     1.02066
    -3.22804     0.01109     0.14536     0.62980     0.14536     0.00000     0.00000     0.00000     0.00000     0.00000     0.93161
    -3.19204     0.01045     0.14784     0.64180     0.14784     0.00000     0.00000     0.00000     0.00000     0.00000     0.94793
    -3.15704     0.00995     0.14576     0.55080     0.14576     0.00000     0.00000     0.00000     0.00000     0.00000     0.85227
    -3.12204     0.00948     0.14244     0.51960     0.14244     0.00000     0.00000     0.00000     0.00000     0.00000     0.81396
    -3.08604     0.00909     0.14070     0.51220     0.14070     0.00000     0.00000     0.00000     0.00000     0.00000     0.80269
    -3.05104     0.00869     0.13790     0.46920     0.13790     0.00000     0.00000     0.00000     0.00000     0.00000     0.75369
    -3.01504     0.00828     0.13806     0.39740     0.13806     0.00000     0.00000     0.00000     0.00000     0.00000     0.68180
    -2.98004     0.00790     0.13936     0.34740     0.13936     0.00000     0.00000     0.00000     0.00000     0.00000     0.63402
    -2.94404     0.00704     0.13464     0.30240     0.13464     0.00000     0.00000     0.00000     0.00000     0.00000     0.57872
    -2.90904     0.00652     0.13146     0.26760     0.13146     0.00000     0.00000     0.00000     0.00000     0.00000     0.53704
    -2.87304     0.00602     0.12954     0.24360     0.12954     0.00000     0.00000     0.00000     0.00000     0.00000     0.50870
    -2.83804     0.00550     0.12858     0.22120     0.12858     0.00000     0.00000     0.00000     0.00000     0.00000     0.48386
    -2.80304     0.00509     0.12086     0.20460     0.12086     0.00000     0.00000     0.00000     0.00000     0.00000     0.45141
    -2.76704     0.00475     0.11966     0.18976     0.11966     0.00000     0.00000     0.00000     0.00000     0.00000     0.43383
    -2.73204     0.00440     0.12334     0.18036     0.12334     0.00000     0.00000     0.00000     0.00000     0.00000     0.43144
    -2.69604     0.00396     0.11682     0.17082     0.11682     0.00000     0.00000     0.00000     0.00000     0.00000     0.40842
    -2.66104     0.00363     0.11210     0.16408     0.11210     0.00000     0.00000     0.00000     0.00000     0.00000     0.39191
    -2.62504     0.00336     0.09832     0.15468     0.09832     0.00000     0.00000     0.00000     0.00000     0.00000     0.35468
    -2.59004     0.00311     0.08740     0.14578     0.08740     0.00000     0.00000     0.00000     0.00000     0.00000     0.32369
    -2.55404     0.00288     0.07870     0.13824     0.07870     0.00000     0.00000     0.00000     0.00000     0.00000     0.29852
    -2.51904     0.00280     0.07254     0.13208     0.07254     0.00000     0.00000     0.00000     0.00000     0.00000     0.27996
    -2.48404     0.00273     0.06748     0.12570     0.06748     0.00000     0.00000     0.00000     0.00000     0.00000     0.26339
    -2.44804     0.00268     0.06250     0.11912     0.06250     0.00000     0.00000     0.00000     0.00000     0.00000     0.24680
    -2.41304     0.00269     0.05848     0.11308     0.05848     0.00000     0.00000     0.00000     0.00000     0.00000     0.23273
    -2.37704     0.00284     0.05566     0.10900     0.05566     0.00000     0.00000     0.00000     0.00000     0.00000     0.22316
    -2.34204     0.00329     0.05384     0.10526     0.05384     0.00000     0.00000     0.00000     0.00000     0.00000     0.21623
    -2.30604     0.00411     0.05250     0.10170     0.05250     0.00000     0.00000     0.00000     0.00000     0.00000     0.21081
    -2.27104     0.00446     0.05070     0.09912     0.05070     0.00000     0.00000     0.00000     0.00000     0.00000     0.20498
    -2.23504     0.00462     0.04884     0.09648     0.04884     0.00000     0.00000     0.00000     0.00000     0.00000     0.19878
    -2.20004     0.00476     0.04776     0.09388     0.04776     0.00000     0.00000     0.00000     0.00000     0.00000     0.19416
    -2.16504     0.00485     0.04674     0.09116     0.04674     0.00000     0.00000     0.00000     0.00000     0.00000     0.18949
    -2.12904     0.00483     0.04574     0.08874     0.04574     0.00000     0.00000     0.00000     0.00000     0.00000     0.18505
    -2.09404     0.00478     0.04466     0.08660     0.04466     0.00000     0.00000     0.00000     0.00000     0.00000     0.18070
    -2.05804     0.00471     0.04350     0.08496     0.04350     0.00000     0.00000     0.00000     0.00000     0.00000     0.17667
    -2.02304     0.00460     0.04232     0.08346     0.04232     0.00000     0.00000     0.00000     0.00000     0.00000     0.17270
    -1.98704     0.00437     0.04152     0.08214     0.04152     0.00000     0.00000     0.00000     0.00000     0.00000     0.16955
    -1.95204     0.00425     0.04084     0.08114     0.04084     0.00000     0.00000     0.00000     0.00000     0.00000     0.16707
    -1.91704     0.00413     0.04028     0.08028     0.04028     0.00000     0.00000     0.00000     0.00000     0.00000     0.16497
    -1.88104     0.00412     0.04000     0.07970     0.04000     0.00000     0.00000     0.00000     0.00000     0.00000     0.16382
    -1.84604     0.00407     0.03960     0.07898     0.03960     0.00000     0.00000     0.00000     0.00000     0.00000     0.16225
    -1.81004     0.00399     0.03902     0.07794     0.03902     0.00000     0.00000     0.00000     0.00000     0.00000     0.15997
    -1.77504     0.00385     0.03852     0.07744     0.03852     0.00000     0.00000     0.00000     0.00000     0.00000     0.15833
    -1.73904     0.00360     0.03778     0.07698     0.03778     0.00000     0.00000     0.00000     0.00000     0.00000     0.15614
    -1.70404     0.00334     0.03694     0.07630     0.03694     0.00000     0.00000     0.00000     0.00000     0.00000     0.15352
    -1.66804     0.00309     0.03610     0.07548     0.03610     0.00000     0.00000     0.00000     0.00000     0.00000     0.15077
    -1.63304     0.00289     0.03538     0.07440     0.03538     0.00000     0.00000     0.00000     0.00000     0.00000     0.14805
    -1.59804     0.00272     0.03466     0.07320     0.03466     0.00000     0.00000     0.00000     0.00000     0.00000     0.14524
    -1.56204     0.00259     0.03392     0.07190     0.03392     0.00000     0.00000     0.00000     0.00000     0.00000     0.14233
    -1.52704     0.00248     0.03330     0.07078     0.03330     0.00000     0.00000     0.00000     0.00000     0.00000     0.13986
    -1.49104     0.00236     0.03270     0.06962     0.03270     0.00000     0.00000     0.00000     0.00000     0.00000     0.13738
    -1.45604     0.00223     0.03212     0.06826     0.03212     0.00000     0.00000     0.00000     0.00000     0.00000     0.13473
    -1.42004     0.00208     0.03148     0.06676     0.03148     0.00000     0.00000     0.00000     0.00000     0.00000     0.13180
    -1.38504     0.00192     0.03062     0.06520     0.03062     0.00000     0.00000     0.00000     0.00000     0.00000     0.12836
    -1.34904     0.00178     0.02976     0.06366     0.02976     0.00000     0.00000     0.00000     0.00000     0.00000     0.12496
    -1.31404     0.00163     0.02878     0.06204     0.02878     0.00000     0.00000     0.00000     0.00000     0.00000     0.12123
    -1.27904     0.00153     0.02810     0.06046     0.02810     0.00000     0.00000     0.00000     0.00000     0.00000     0.11819
    -1.24304     0.00143     0.02736     0.05896     0.02736     0.00000     0.00000     0.00000     0.00000     0.00000     0.11511
    -1.20804     0.00136     0.02652     0.05738     0.02652     0.00000     0.00000     0.00000     0.00000     0.00000     0.11178
    -1.17204     0.00129     0.02546     0.05578     0.02546     0.00000     0.00000     0.00000     0.00000     0.00000     0.10799
    -1.13704     0.00123     0.02444     0.05428     0.02444     0.00000     0.00000     0.00000     0.00000     0.00000     0.10439
    -1.10104     0.00118     0.02348     0.05286     0.02348     0.00000     0.00000     0.00000     0.00000     0.00000     0.10100
    -1.06604     0.00113     0.02254     0.05128     0.02254     0.00000     0.00000     0.00000     0.00000     0.00000     0.09749
    -1.03004     0.00109     0.02172     0.04970     0.02172     0.00000     0.00000     0.00000     0.00000     0.00000     0.09423
    -0.99504     0.00104     0.02100     0.04810     0.02100     0.00000     0.00000     0.00000     0.00000     0.00000     0.09114
    -0.96004     0.00097     0.02024     0.04638     0.02024     0.00000     0.00000     0.00000     0.00000     0.00000     0.08783
    -0.92404     0.00091     0.01942     0.04474     0.01942     0.00000     0.00000     0.00000     0.00000     0.00000     0.08449
    -0.88904     0.00086     0.01849     0.04314     0.01849     0.00000     0.00000     0.00000     0.00000     0.00000     0.08097
    -0.85304     0.00081     0.01753     0.04156     0.01753     0.00000     0.00000     0.00000     0.00000     0.00000     0.07743
    -0.81804     0.00077     0.01655     0.03982     0.01655     0.00000     0.00000     0.00000     0.00000     0.00000     0.07369
    -0.78204     0.00074     0.01542     0.03786     0.01542     0.00000     0.00000     0.00000     0.00000     0.00000     0.06944
    -0.74704     0.00072     0.01455     0.03594     0.01455     0.00000     0.00000     0.00000     0.00000     0.00000     0.06575
    -0.71104     0.00069     0.01367     0.03394     0.01367     0.00000     0.00000     0.00000     0.00000     0.00000     0.06197
    -0.67604     0.00067     0.01281     0.03176     0.01281     0.00000     0.00000     0.00000     0.00000     0.00000     0.05804
    -0.64104     0.00065     0.01196     0.02942     0.01196     0.00000     0.00000     0.00000     0.00000     0.00000     0.05399
    -0.60504     0.00062     0.01062     0.02644     0.01062     0.00000     0.00000     0.00000     0.00000     0.00000     0.04830
    -0.57004     0.00060     0.00947     0.02376     0.00947     0.00000     0.00000     0.00000     0.00000     0.00000     0.04330
    -0.53404     0.00057     0.00866     0.02148     0.00866     0.00000     0.00000     0.00000     0.00000     0.00000     0.03936
    -0.49904     0.00053     0.00790     0.01934     0.00790     0.00000     0.00000     0.00000     0.00000     0.00000     0.03566
    -0.46304     0.00047     0.00650     0.01641     0.00650     0.00000     0.00000     0.00000     0.00000     0.00000     0.02989
    -0.42804     0.00044     0.00592     0.01520     0.00592     0.00000     0.00000     0.00000     0.00000     0.00000     0.02748
    -0.39204     0.00041     0.00435     0.01276     0.00435     0.00000     0.00000     0.00000     0.00000     0.00000     0.02186
    -0.35704     0.00039     0.00385     0.01133     0.00385     0.00000     0.00000     0.00000     0.00000     0.00000     0.01943
    -0.32204     0.00037     0.00341     0.00997     0.00341     0.00000     0.00000     0.00000     0.00000     0.00000     0.01716
    -0.28604     0.00036     0.00305     0.00865     0.00305     0.00000     0.00000     0.00000     0.00000     0.00000     0.01511
    -0.25104     0.00035     0.00293     0.00767     0.00293     0.00000     0.00000     0.00000     0.00000     0.00000     0.01388
    -0.21504     0.00035     0.00328     0.00727     0.00328     0.00000     0.00000     0.00000     0.00000     0.00000     0.01419
    -0.18004     0.00033     0.00374     0.00688     0.00374     0.00000     0.00000     0.00000     0.00000     0.00000     0.01470
    -0.14404     0.00029     0.00425     0.00657     0.00425     0.00000     0.00000     0.00000     0.00000     0.00000     0.01536
    -0.10904     0.00027     0.00530     0.00703     0.00530     0.00000     0.00000     0.00000     0.00000     0.00000     0.01790
    -0.07304     0.00029     0.00726     0.00840     0.00726     0.00000     0.00000     0.00000     0.00000     0.00000     0.02320
    -0.03804     0.00034     0.01044     0.01080     0.01044     0.00000     0.00000     0.00000     0.00000     0.00000     0.03201
    -0.00304     0.00039     0.01457     0.01305     0.01457     0.00000     0.00000     0.00000     0.00000     0.00000     0.04259
     0.03296     0.00034     0.01442     0.01574     0.01442     0.00000     0.00000     0.00000     0.00000     0.00000     0.04492
     0.06796     0.00035     0.01630     0.01834     0.01630     0.00000     0.00000     0.00000     0.00000     0.00000     0.05130
     0.10396     0.00033     0.01637     0.01923     0.01637     0.00000     0.00000     0.00000     0.00000     0.00000     0.05229
     0.13896     0.00031     0.01639     0.02058     0.01639     0.00000     0.00000     0.00000     0.00000     0.00000     0.05368
     0.17496     0.00034     0.01762     0.02162     0.01762     0.00000     0.00000     0.00000     0.00000     0.00000     0.05720
     0.20996     0.00038     0.01898     0.02244     0.01898     0.00000     0.00000     0.00000     0.00000     0.00000     0.06078
     0.24596     0.00043     0.02060     0.02330     0.02060     0.00000     0.00000     0.00000     0.00000     0.00000     0.06493
     0.28096     0.00047     0.02124     0.02392     0.02124     0.00000     0.00000     0.00000     0.00000     0.00000     0.06687
     0.31596     0.00051     0.02158     0.02446     0.02158     0.00000     0.00000     0.00000     0.00000     0.00000     0.06813
     0.35196     0.00054     0.02190     0.02510     0.02190     0.00000     0.00000     0.00000     0.00000     0.00000     0.06944
     0.38696     0.00059     0.02226     0.02572     0.02226     0.00000     0.00000     0.00000     0.00000     0.00000     0.07083
     0.42296     0.00071     0.02458     0.02620     0.02458     0.00000     0.00000     0.00000     0.00000     0.00000     0.07607
     0.45796     0.00074     0.02366     0.02670     0.02366     0.00000     0.00000     0.00000     0.00000     0.00000     0.07476
     0.49396     0.00081     0.02422     0.02726     0.02422     0.00000     0.00000     0.00000     0.00000     0.00000     0.07651
     0.52896     0.00090     0.02464     0.02786     0.02464     0.00000     0.00000     0.00000     0.00000     0.00000     0.07804
     0.56496     0.00098     0.02522     0.02840     0.02522     0.00000     0.00000     0.00000     0.00000     0.00000     0.07982
     0.59996     0.00107     0.02578     0.02890     0.02578     0.00000     0.00000     0.00000     0.00000     0.00000     0.08153
     0.63496     0.00117     0.02624     0.02924     0.02624     0.00000     0.00000     0.00000     0.00000     0.00000     0.08289
     0.67096     0.00127     0.02672     0.02956     0.02672     0.00000     0.00000     0.00000     0.00000     0.00000     0.08427
     0.70596     0.00138     0.02724     0.03008     0.02724     0.00000     0.00000     0.00000     0.00000     0.00000     0.08594
     0.74196     0.00150     0.02762     0.03036     0.02762     0.00000     0.00000     0.00000     0.00000     0.00000     0.08710
     0.77696     0.00161     0.02802     0.03048     0.02802     0.00000     0.00000     0.00000     0.00000     0.00000     0.08813
     0.81296     0.00179     0.02866     0.03094     0.02866     0.00000     0.00000     0.00000     0.00000     0.00000     0.09005
     0.84796     0.00200     0.02944     0.03146     0.02944     0.00000     0.00000     0.00000     0.00000     0.00000     0.09234
     0.88296     0.00222     0.03026     0.03196     0.03026     0.00000     0.00000     0.00000     0.00000     0.00000     0.09470
     0.91896     0.00243     0.03082     0.03246     0.03082     0.00000     0.00000     0.00000     0.00000     0.00000     0.09653
     0.95396     0.00263     0.03128     0.03296     0.03128     0.00000     0.00000     0.00000     0.00000     0.00000     0.09815
     0.98996     0.00285     0.03172     0.03366     0.03172     0.00000     0.00000     0.00000     0.00000     0.00000     0.09995
     1.02496     0.00309     0.03222     0.03466     0.03222     0.00000     0.00000     0.00000     0.00000     0.00000     0.10219
     1.06096     0.00337     0.03304     0.03576     0.03304     0.00000     0.00000     0.00000     0.00000     0.00000     0.10521
     1.09596     0.00381     0.03486     0.03740     0.03486     0.00000     0.00000     0.00000     0.00000     0.00000     0.11093
     1.13196     0.00450     0.03796     0.04012     0.03796     0.00000     0.00000     0.00000     0.00000     0.00000     0.12054
     1.16696     0.00530     0.04098     0.04320     0.04098     0.00000     0.00000     0.00000     0.00000     0.00000     0.13046
     1.20196     0.00624     0.04388     0.04560     0.04388     0.00000     0.00000     0.00000     0.00000     0.00000     0.13960
     1.23796     0.00720     0.04578     0.04682     0.04578     0.00000     0.00000     0.00000     0.00000     0.00000     0.14558
     1.27296     0.00822     0.04732     0.04758     0.04732     0.00000     0.00000     0.00000     0.00000     0.00000     0.15044
     1.30896     0.00948     0.04896     0.04834     0.04896     0.00000     0.00000     0.00000     0.00000     0.00000     0.15574
     1.34396     0.01086     0.05100     0.04870     0.05100     0.00000     0.00000     0.00000     0.00000     0.00000     0.16156
     1.37996     0.01238     0.05324     0.04920     0.05324     0.00000     0.00000     0.00000     0.00000     0.00000     0.16806
     1.41496     0.01354     0.05386     0.05004     0.05386     0.00000     0.00000     0.00000     0.00000     0.00000     0.17130
     1.45096     0.01454     0.05350     0.05100     0.05350     0.00000     0.00000     0.00000     0.00000     0.00000     0.17254
     1.48596     0.01582     0.05388     0.05230     0.05388     0.00000     0.00000     0.00000     0.00000     0.00000     0.17588
     1.52096     0.01738     0.05500     0.05446     0.05500     0.00000     0.00000     0.00000     0.00000     0.00000     0.18184
     1.55696     0.01904     0.05618     0.05710     0.05618     0.00000     0.00000     0.00000     0.00000     0.00000     0.18850
     1.59196     0.02058     0.05736     0.06184     0.05736     0.00000     0.00000     0.00000     0.00000     0.00000     0.19714
     1.62796     0.02262     0.05858     0.06162     0.05858     0.00000     0.00000     0.00000     0.00000     0.00000     0.20140
     1.66296     0.02634     0.06046     0.06552     0.06046     0.00000     0.00000     0.00000     0.00000     0.00000     0.21278
     1.69896     0.02970     0.06278     0.06888     0.06278     0.00000     0.00000     0.00000     0.00000     0.00000     0.22414
     1.73396     0.03924     0.06448     0.07956     0.06448     0.00000     0.00000     0.00000     0.00000     0.00000     0.24776
     1.76996     0.04088     0.06434     0.07868     0.06434     0.00000     0.00000     0.00000     0.00000     0.00000     0.24824
     1.80496     0.03186     0.06326     0.06260     0.06326     0.00000     0.00000     0.00000     0.00000     0.00000     0.22098
     1.83996     0.02924     0.06376     0.05764     0.06376     0.00000     0.00000     0.00000     0.00000     0.00000     0.21440
     1.87596     0.02764     0.06474     0.05510     0.06474     0.00000     0.00000     0.00000     0.00000     0.00000     0.21222
     1.91096     0.02772     0.06754     0.05374     0.06754     0.00000     0.00000     0.00000     0.00000     0.00000     0.21654
     1.94696     0.02852     0.07416     0.05322     0.07416     0.00000     0.00000     0.00000     0.00000     0.00000     0.23006
     1.98196     0.03002     0.08442     0.05370     0.08442     0.00000     0.00000     0.00000     0.00000     0.00000     0.25256
     2.01796     0.02968     0.08272     0.05244     0.08272     0.00000     0.00000     0.00000     0.00000     0.00000     0.24756
     2.05296     0.02874     0.07616     0.05100     0.07616     0.00000     0.00000     0.00000     0.00000     0.00000     0.23206
     2.08896     0.02904     0.07608     0.05044     0.07608     0.00000     0.00000     0.00000     0.00000     0.00000     0.23164
     2.12396     0.02946     0.07626     0.04900     0.07626     0.00000     0.00000     0.00000     0.00000     0.00000     0.23098
     2.15896     0.02998     0.07618     0.04828     0.07618     0.00000     0.00000     0.00000     0.00000     0.00000     0.23062
     2.19496     0.03072     0.07616     0.04838     0.07616     0.00000     0.00000     0.00000     0.00000     0.00000     0.23142
     2.22996     0.03088     0.07358     0.04658     0.07358     0.00000     0.00000     0.00000     0.00000     0.00000     0.22462
     2.26596     0.03058     0.07044     0.04416     0.07044     0.00000     0.00000     0.00000     0.00000     0.00000     0.21562
     2.30096     0.03042     0.06806     0.04166     0.06806     0.00000     0.00000     0.00000     0.00000     0.00000     0.20820
     2.33696     0.03030     0.06388     0.03804     0.06388     0.00000     0.00000     0.00000     0.00000     0.00000     0.19610
     2.37196     0.03078     0.06226     0.03592     0.06226     0.00000     0.00000     0.00000     0.00000     0.00000     0.19122
     2.40796     0.02994     0.06124     0.02932     0.06124     0.00000     0.00000     0.00000     0.00000     0.00000     0.18174
     2.44296     0.03056     0.06280     0.02360     0.06280     0.00000     0.00000     0.00000     0.00000     0.00000     0.17976
     2.47796     0.03096     0.06782     0.02220     0.06782     0.00000     0.00000     0.00000     0.00000     0.00000     0.18880
     2.51396     0.03240     0.08688     0.02270     0.08688     0.00000     0.00000     0.00000     0.00000     0.00000     0.22886
     2.54896     0.03256     0.09540     0.02004     0.09540     0.00000     0.00000     0.00000     0.00000     0.00000     0.24340
     2.58496     0.03250     0.09388     0.01814     0.09388     0.00000     0.00000     0.00000     0.00000     0.00000     0.23840
     2.61996     0.03340     0.09556     0.01824     0.09556     0.00000     0.00000     0.00000     0.00000     0.00000     0.24276
     2.65596     0.04096     0.10702     0.03246     0.10702     0.00000     0.00000     0.00000     0.00000     0.00000     0.28746
     2.69096     0.04400     0.11198     0.03282     0.11198     0.00000     0.00000     0.00000     0.00000     0.00000     0.30078
     2.72696     0.04812     0.11894     0.03504     0.11894     0.00000     0.00000     0.00000     0.00000     0.00000     0.32104
     2.76196     0.05338     0.12870     0.03702     0.12870     0.00000     0.00000     0.00000     0.00000     0.00000     0.34780
     2.79696     0.05364     0.13488     0.03590     0.13488     0.00000     0.00000     0.00000     0.00000     0.00000     0.35930
     2.83296     0.05594     0.14482     0.03606     0.14482     0.00000     0.00000     0.00000     0.00000     0.00000     0.38164
     2.86796     0.05450     0.14366     0.03356     0.14366     0.00000     0.00000     0.00000     0.00000     0.00000     0.37538
     2.90396     0.05436     0.14374     0.03082     0.14374     0.00000     0.00000     0.00000     0.00000     0.00000     0.37266
     2.93896     0.05392     0.13936     0.02810     0.13936     0.00000     0.00000     0.00000     0.00000     0.00000     0.36074
     2.97496     0.05250     0.13390     0.02510     0.13390     0.00000     0.00000     0.00000     0.00000     0.00000     0.34540
     3.00996     0.04996     0.11602     0.02258     0.11602     0.00000     0.00000     0.00000     0.00000     0.00000     0.30458
     3.04596     0.04984     0.11148     0.02204     0.11148     0.00000     0.00000     0.00000     0.00000     0.00000     0.29484
     3.08096     0.05054     0.11832     0.02226     0.11832     0.00000     0.00000     0.00000     0.00000     0.00000     0.30944
     3.11596     0.05334     0.11598     0.02302     0.11598     0.00000     0.00000     0.00000     0.00000     0.00000     0.30832
     3.15196     0.05440     0.10156     0.02352     0.10156     0.00000     0.00000     0.00000     0.00000     0.00000     0.28104
     3.18696     0.05560     0.09336     0.02428     0.09336     0.00000     0.00000     0.00000     0.00000     0.00000     0.26660
     3.22296     0.05588     0.08704     0.02526     0.08704     0.00000     0.00000     0.00000     0.00000     0.00000     0.25522
     3.25796     0.05570     0.08116     0.02612     0.08116     0.00000     0.00000     0.00000     0.00000     0.00000     0.24414
     3.29396     0.05620     0.07758     0.02704     0.07758     0.00000     0.00000     0.00000     0.00000     0.00000     0.23840
     3.32896     0.05830     0.07438     0.02934     0.07438     0.00000     0.00000     0.00000     0.00000     0.00000     0.23640
     3.36496     0.06144     0.07178     0.03276     0.07178     0.00000     0.00000     0.00000     0.00000     0.00000     0.23776
     3.39996     0.06252     0.06980     0.03958     0.06980     0.00000     0.00000     0.00000     0.00000     0.00000     0.24170
     3.43496     0.06254     0.06630     0.04844     0.06630     0.00000     0.00000     0.00000     0.00000     0.00000     0.24358
     3.47096     0.06204     0.06232     0.06258     0.06232     0.00000     0.00000     0.00000     0.00000     0.00000     0.24926
     3.50596     0.06242     0.05946     0.07674     0.05946     0.00000     0.00000     0.00000     0.00000     0.00000     0.25808
     3.54196     0.06360     0.05742     0.08534     0.05742     0.00000     0.00000     0.00000     0.00000     0.00000     0.26378
     3.57696     0.06500     0.05626     0.09342     0.05626     0.00000     0.00000     0.00000     0.00000     0.00000     0.27094
     3.61296     0.06716     0.05534     0.09592     0.05534     0.00000     0.00000     0.00000     0.00000     0.00000     0.27376
     3.64796     0.06768     0.05446     0.09242     0.05446     0.00000     0.00000     0.00000     0.00000     0.00000     0.26902
     3.68396     0.06670     0.05308     0.08554     0.05308     0.00000     0.00000     0.00000     0.00000     0.00000     0.25840
     3.71896     0.06638     0.05206     0.08386     0.05206     0.00000     0.00000     0.00000     0.00000     0.00000     0.25436
     3.75396     0.06692     0.05170     0.08386     0.05170     0.00000     0.00000     0.00000     0.00000     0.00000     0.25418
     3.78996     0.06660     0.05128     0.08414     0.05128     0.00000     0.00000     0.00000     0.00000     0.00000     0.25330
     3.82496     0.06702     0.05120     0.08434     0.05120     0.00000     0.00000     0.00000     0.00000     0.00000     0.25376
     3.86096     0.06998     0.05142     0.08476     0.05142     0.00000     0.00000     0.00000     0.00000     0.00000     0.25758
     3.89596     0.06756     0.04938     0.08514     0.04938     0.00000     0.00000     0.00000     0.00000     0.00000     0.25146
     3.93196     0.06628     0.04810     0.08564     0.04810     0.00000     0.00000     0.00000     0.00000     0.00000     0.24812
     3.96696     0.06872     0.04784     0.08652     0.04784     0.00000     0.00000     0.00000     0.00000     0.00000     0.25092
     4.00196     0.05476     0.04438     0.08700     0.04438     0.00000     0.00000     0.00000     0.00000     0.00000     0.23052
     4.03796     0.04550     0.04218     0.08750     0.04218     0.00000     0.00000     0.00000     0.00000     0.00000     0.21736
     4.07296     0.04234     0.04190     0.08760     0.04190     0.00000     0.00000     0.00000     0.00000     0.00000     0.21374
     4.10896     0.04148     0.04328     0.08794     0.04328     0.00000     0.00000     0.00000     0.00000     0.00000     0.21598
     4.14396     0.04240     0.04344     0.08732     0.04344     0.00000     0.00000     0.00000     0.00000     0.00000     0.21660
     4.17996     0.04354     0.04224     0.08660     0.04224     0.00000     0.00000     0.00000     0.00000     0.00000     0.21462
     4.21496     0.04368     0.04152     0.08622     0.04152     0.00000     0.00000     0.00000     0.00000     0.00000     0.21294
     4.25096     0.04422     0.04072     0.08610     0.04072     0.00000     0.00000     0.00000     0.00000     0.00000     0.21176
     4.28596     0.04656     0.04044     0.08600     0.04044     0.00000     0.00000     0.00000     0.00000     0.00000     0.21344
     4.32096     0.07294     0.04972     0.08868     0.04972     0.00000     0.00000     0.00000     0.00000     0.00000     0.26106
     4.35696     0.08764     0.05058     0.09016     0.05058     0.00000     0.00000     0.00000     0.00000     0.00000     0.27896
     4.39196     0.14372     0.06746     0.09252     0.06746     0.00000     0.00000     0.00000     0.00000     0.00000     0.37116
     4.42796     0.16076     0.07334     0.09632     0.07334     0.00000     0.00000     0.00000     0.00000     0.00000     0.40376
     4.46296     0.08714     0.02360     0.09454     0.02360     0.00000     0.00000     0.00000     0.00000     0.00000     0.22888
     4.49896     0.07364     0.01798     0.09416     0.01798     0.00000     0.00000     0.00000     0.00000     0.00000     0.20376
     4.53396     0.06584     0.01457     0.09378     0.01457     0.00000     0.00000     0.00000     0.00000     0.00000     0.18876
     4.56996     0.05802     0.01155     0.09378     0.01155     0.00000     0.00000     0.00000     0.00000     0.00000     0.17489
     4.60496     0.05150     0.00962     0.09194     0.00962     0.00000     0.00000     0.00000     0.00000     0.00000     0.16268
     4.63996     0.04572     0.00804     0.08890     0.00804     0.00000     0.00000     0.00000     0.00000     0.00000     0.15071
     4.67596     0.03954     0.00647     0.08502     0.00647     0.00000     0.00000     0.00000     0.00000     0.00000     0.13750
     4.71096     0.03266     0.00484     0.08046     0.00484     0.00000     0.00000     0.00000     0.00000     0.00000     0.12281
     4.74696     0.02716     0.00358     0.07398     0.00358     0.00000     0.00000     0.00000     0.00000     0.00000     0.10831
     4.78196     0.02596     0.00328     0.07090     0.00328     0.00000     0.00000     0.00000     0.00000     0.00000     0.10341
     4.81796     0.02634     0.00335     0.07110     0.00335     0.00000     0.00000     0.00000     0.00000     0.00000     0.10414
     4.85296     0.02698     0.00351     0.07248     0.00351     0.00000     0.00000     0.00000     0.00000     0.00000     0.10648
     4.88896     0.02824     0.00380     0.07536     0.00380     0.00000     0.00000     0.00000     0.00000     0.00000     0.11121
     4.92396     0.02980     0.00425     0.07930     0.00425     0.00000     0.00000     0.00000     0.00000     0.00000     0.11760
     4.95896     0.03116     0.00467     0.08278     0.00467     0.00000     0.00000     0.00000     0.00000     0.00000     0.12328
     4.99496     0.03240     0.00505     0.08628     0.00505     0.00000     0.00000     0.00000     0.00000     0.00000     0.12878
     5.02996     0.03338     0.00538     0.08976     0.00538     0.00000     0.00000     0.00000     0.00000     0.00000     0.13391
     5.06596     0.03430     0.00571     0.09314     0.00571     0.00000     0.00000     0.00000     0.00000     0.00000     0.13885
     5.10096     0.03566     0.00610     0.09722     0.00610     0.00000     0.00000     0.00000     0.00000     0.00000     0.14509
     5.13696     0.03814     0.00678     0.10486     0.00678     0.00000     0.00000     0.00000     0.00000     0.00000     0.15655
     5.17196     0.04274     0.00762     0.12274     0.00762     0.00000     0.00000     0.00000     0.00000     0.00000     0.18073
     5.20796     0.04380     0.00788     0.12884     0.00788     0.00000     0.00000     0.00000     0.00000     0.00000     0.18839
     5.24296     0.04410     0.00811     0.13174     0.00811     0.00000     0.00000     0.00000     0.00000     0.00000     0.19206
     5.27796     0.04652     0.00865     0.13512     0.00865     0.00000     0.00000     0.00000     0.00000     0.00000     0.19893
     5.31396     0.04628     0.00895     0.13680     0.00895     0.00000     0.00000     0.00000     0.00000     0.00000     0.20098
     5.34896     0.04630     0.00923     0.13930     0.00923     0.00000     0.00000     0.00000     0.00000     0.00000     0.20406
     5.38496     0.04642     0.00951     0.14344     0.00951     0.00000     0.00000     0.00000     0.00000     0.00000     0.20888
     5.41996     0.04642     0.00977     0.14568     0.00977     0.00000     0.00000     0.00000     0.00000     0.00000     0.21164
     5.45596     0.04664     0.01007     0.14854     0.01007     0.00000     0.00000     0.00000     0.00000     0.00000     0.21532
     5.49096     0.04582     0.01017     0.15122     0.01017     0.00000     0.00000     0.00000     0.00000     0.00000     0.21737
     5.52696     0.04550     0.01039     0.15522     0.01039     0.00000     0.00000     0.00000     0.00000     0.00000     0.22149
     5.56196     0.04320     0.01009     0.15576     0.01009     0.00000     0.00000     0.00000     0.00000     0.00000     0.21915
     5.59696     0.04270     0.01024     0.15724     0.01024     0.00000     0.00000     0.00000     0.00000     0.00000     0.22041
     5.63296     0.04246     0.01041     0.15998     0.01041     0.00000     0.00000     0.00000     0.00000     0.00000     0.22327
     5.66796     0.04192     0.01057     0.16128     0.01057     0.00000     0.00000     0.00000     0.00000     0.00000     0.22433
     5.70396     0.04176     0.01081     0.16438     0.01081     0.00000     0.00000     0.00000     0.00000     0.00000     0.22776
     5.73896     0.04164     0.01124     0.16796     0.01124     0.00000     0.00000     0.00000     0.00000     0.00000     0.23207
     5.77496     0.04168     0.01187     0.17242     0.01187     0.00000     0.00000     0.00000     0.00000     0.00000     0.23785
     5.80996     0.04226     0.01276     0.18102     0.01276     0.00000     0.00000     0.00000     0.00000     0.00000     0.24880
     5.84596     0.04180     0.01357     0.18586     0.01357     0.00000     0.00000     0.00000     0.00000     0.00000     0.25480
     5.88096     0.04110     0.01425     0.18886     0.01425     0.00000     0.00000     0.00000     0.00000     0.00000     0.25847
     5.91596     0.04024     0.01461     0.19084     0.01461     0.00000     0.00000     0.00000     0.00000     0.00000     0.26030
     5.95196     0.03994     0.01501     0.19626     0.01501     0.00000     0.00000     0.00000     0.00000     0.00000     0.26622
     5.98696     0.03954     0.01534     0.20040     0.01534     0.00000     0.00000     0.00000     0.00000     0.00000     0.27061
     6.02296     0.03946     0.01596     0.20620     0.01596     0.00000     0.00000     0.00000     0.00000     0.00000     0.27759
     6.05796     0.03956     0.01665     0.21320     0.01665     0.00000     0.00000     0.00000     0.00000     0.00000     0.28606
     6.09396     0.03920     0.01721     0.21740     0.01721     0.00000     0.00000     0.00000     0.00000     0.00000     0.29102
     6.12896     0.03862     0.01772     0.22020     0.01772     0.00000     0.00000     0.00000     0.00000     0.00000     0.29427
     6.16496     0.03840     0.01839     0.22700     0.01839     0.00000     0.00000     0.00000     0.00000     0.00000     0.30218
     6.19996     0.03782     0.01904     0.23360     0.01904     0.00000     0.00000     0.00000     0.00000     0.00000     0.30950
     6.23496     0.03732     0.01961     0.23860     0.01961     0.00000     0.00000     0.00000     0.00000     0.00000     0.31514
     6.27096     0.03696     0.01999     0.24260     0.01999     0.00000     0.00000     0.00000     0.00000     0.00000     0.31955
     6.30596     0.03674     0.02048     0.24600     0.02048     0.00000     0.00000     0.00000     0.00000     0.00000     0.32370
     6.34196     0.03646     0.02106     0.24900     0.02106     0.00000     0.00000     0.00000     0.00000     0.00000     0.32758
     6.37696     0.03624     0.02160     0.25580     0.02160     0.00000     0.00000     0.00000     0.00000     0.00000     0.33524
     6.41296     0.03586     0.02210     0.26820     0.02210     0.00000     0.00000     0.00000     0.00000     0.00000     0.34826
     6.44796     0.03558     0.02262     0.27840     0.02262     0.00000     0.00000     0.00000     0.00000     0.00000     0.35922
     6.48396     0.03582     0.02322     0.29720     0.02322     0.00000     0.00000     0.00000     0.00000     0.00000     0.37946
     6.51896     0.03678     0.02388     0.33240     0.02388     0.00000     0.00000     0.00000     0.00000     0.00000     0.41694
     6.55396     0.03814     0.02468     0.35960     0.02468     0.00000     0.00000     0.00000     0.00000     0.00000     0.44710
     6.58996     0.04008     0.02566     0.36840     0.02566     0.00000     0.00000     0.00000     0.00000     0.00000     0.45980
     6.62496     0.04358     0.02670     0.37040     0.02670     0.00000     0.00000     0.00000     0.00000     0.00000     0.46738
     6.66096     0.04714     0.02770     0.36320     0.02770     0.00000     0.00000     0.00000     0.00000     0.00000     0.46574
     6.69596     0.05120     0.02886     0.36360     0.02886     0.00000     0.00000     0.00000     0.00000     0.00000     0.47252
     6.73196     0.05716     0.03128     0.36800     0.03128     0.00000     0.00000     0.00000     0.00000     0.00000     0.48772
     6.76696     0.06198     0.03452     0.37120     0.03452     0.00000     0.00000     0.00000     0.00000     0.00000     0.50222
     6.80196     0.06396     0.03748     0.38420     0.03748     0.00000     0.00000     0.00000     0.00000     0.00000     0.52312
     6.83796     0.06618     0.03916     0.39680     0.03916     0.00000     0.00000     0.00000     0.00000     0.00000     0.54130
     6.87296     0.06838     0.03968     0.39320     0.03968     0.00000     0.00000     0.00000     0.00000     0.00000     0.54094
     6.90896     0.06488     0.03732     0.37800     0.03732     0.00000     0.00000     0.00000     0.00000     0.00000     0.51752
     6.94396     0.06114     0.03548     0.36260     0.03548     0.00000     0.00000     0.00000     0.00000     0.00000     0.49470
     6.97996     0.05864     0.03378     0.34140     0.03378     0.00000     0.00000     0.00000     0.00000     0.00000     0.46760
     7.01496     0.05516     0.03166     0.33340     0.03166     0.00000     0.00000     0.00000     0.00000     0.00000     0.45188
     7.05096     0.05034     0.02964     0.33200     0.02964     0.00000     0.00000     0.00000     0.00000     0.00000     0.44162
     7.08596     0.04526     0.02836     0.33540     0.02836     0.00000     0.00000     0.00000     0.00000     0.00000     0.43738
     7.12096     0.04316     0.02878     0.36720     0.02878     0.00000     0.00000     0.00000     0.00000     0.00000     0.46792
     7.15696     0.03804     0.02674     0.37920     0.02674     0.00000     0.00000     0.00000     0.00000     0.00000     0.47072
     7.19196     0.02824     0.02142     0.34660     0.02142     0.00000     0.00000     0.00000     0.00000     0.00000     0.41768
     7.22796     0.02166     0.01700     0.34080     0.01700     0.00000     0.00000     0.00000     0.00000     0.00000     0.39646
     7.26296     0.01426     0.01103     0.24940     0.01103     0.00000     0.00000     0.00000     0.00000     0.00000     0.28572
     7.29896     0.00925     0.00687     0.17772     0.00687     0.00000     0.00000     0.00000     0.00000     0.00000     0.20072
     7.33396     0.00556     0.00366     0.06194     0.00366     0.00000     0.00000     0.00000     0.00000     0.00000     0.07482
     7.36996     0.00001     0.00001     0.00002     0.00001     0.00000     0.00000     0.00000     0.00000     0.00000     0.00004
     7.40496     0.00000     0.00000     0.00000     0.00000     0.00000     0.00000     0.00000     0.00000     0.00000     0.00000
     7.43996     0.00000     0.00000     0.00000     0.00000     0.00000     0.00000     0.00000     0.00000     0.00000     0.00000
     7.47596     0.00000     0.00000     0.00000     0.00000     0.00000     0.00000     0.00000     0.00000     0.00000     0.00000
     7.51096     0.00000     0.00000     0.00000     0.00000     0.00000     0.00000     0.00000     0.00000     0.00000     0.00000
     7.54696     0.00000     0.00000     0.00000     0.00000     0.00000     0.00000     0.00000     0.00000     0.00000     0.00000
     7.58196     0.00000     0.00000     0.00000     0.00000     0.00000     0.00000     0.00000     0.00000     0.00000     0.00000
     7.61796     0.00000     0.00000     0.00000     0.00000     0.00000     0.00000     0.00000     0.00000     0.00000     0.00000
     7.65296     0.00000     0.00000     0.00000     0.00000     0.00000     0.00000     0.00000     0.00000     0.00000     0.00000
     7.68896     0.00000     0.00000     0.00000     0.00000     0.00000     0.00000     0.00000     0.00000     0.00000     0.00000
     7.72396     0.00000     0.00000     0.00000     0.00000     0.00000     0.00000     0.00000     0.00000     0.00000     0.00000
     7.75896     0.00000     0.00000     0.00000     0.00000     0.00000     0.00000     0.00000     0.00000     0.00000     0.00000
     7.79496     0.00000     0.00000     0.00000     0.00000     0.00000     0.00000     0.00000     0.00000     0.00000     0.00000
     7.82996     0.00000     0.00000     0.00000     0.00000     0.00000     0.00000     0.00000     0.00000     0.00000     0.00000
     7.86596     0.00000     0.00000     0.00000     0.00000     0.00000     0.00000     0.00000     0.00000     0.00000     0.00000
     7.90096     0.00000     0.00000     0.00000     0.00000     0.00000     0.00000     0.00000     0.00000     0.00000     0.00000
     7.93696     0.00000     0.00000     0.00000     0.00000     0.00000     0.00000     0.00000     0.00000     0.00000     0.00000
     7.97196     0.00000     0.00000     0.00000     0.00000     0.00000     0.00000     0.00000     0.00000     0.00000     0.00000
     8.00796     0.00000     0.00000     0.00000     0.00000     0.00000     0.00000     0.00000     0.00000     0.00000     0.00000
     8.04296     0.00000     0.00000     0.00000     0.00000     0.00000     0.00000     0.00000     0.00000     0.00000     0.00000
     8.07796     0.00000     0.00000     0.00000     0.00000     0.00000     0.00000     0.00000     0.00000     0.00000     0.00000
     8.11396     0.00000     0.00000     0.00000     0.00000     0.00000     0.00000     0.00000     0.00000     0.00000     0.00000
     8.14896     0.00000     0.00000     0.00000     0.00000     0.00000     0.00000     0.00000     0.00000     0.00000     0.00000
     8.18496     0.00000     0.00000     0.00000     0.00000     0.00000     0.00000     0.00000     0.00000     0.00000     0.00000
     8.21996     0.00000     0.00000     0.00000     0.00000     0.00000     0.00000     0.00000     0.00000     0.00000     0.00000
     8.25596     0.00000     0.00000     0.00000     0.00000     0.00000     0.00000     0.00000     0.00000     0.00000     0.00000
     8.29096     0.00000     0.00000     0.00000     0.00000     0.00000     0.00000     0.00000     0.00000     0.00000     0.00000
     8.32696     0.00000     0.00000     0.00000     0.00000     0.00000     0.00000     0.00000     0.00000     0.00000     0.00000
     8.36196     0.00000     0.00000     0.00000     0.00000     0.00000     0.00000     0.00000     0.00000     0.00000     0.00000
     8.39696     0.00000     0.00000     0.00000     0.00000     0.00000     0.00000     0.00000     0.00000     0.00000     0.00000
     8.43296     0.00000     0.00000     0.00000     0.00000     0.00000     0.00000     0.00000     0.00000     0.00000     0.00000
     8.46796     0.00000     0.00000     0.00000     0.00000     0.00000     0.00000     0.00000     0.00000     0.00000     0.00000
     8.50396     0.00000     0.00000     0.00000     0.00000     0.00000     0.00000     0.00000     0.00000     0.00000     0.00000
     8.53896     0.00000     0.00000     0.00000     0.00000     0.00000     0.00000     0.00000     0.00000     0.00000     0.00000
     8.57496     0.00000     0.00000     0.00000     0.00000     0.00000     0.00000     0.00000     0.00000     0.00000     0.00000
     8.60996     0.00000     0.00000     0.00000     0.00000     0.00000     0.00000     0.00000     0.00000     0.00000     0.00000
     8.64596     0.00000     0.00000     0.00000     0.00000     0.00000     0.00000     0.00000     0.00000     0.00000     0.00000
     8.68096     0.00000     0.00000     0.00000     0.00000     0.00000     0.00000     0.00000     0.00000     0.00000     0.00000
     8.71596     0.00000     0.00000     0.00000     0.00000     0.00000     0.00000     0.00000     0.00000     0.00000     0.00000
     8.75196     0.00000     0.00000     0.00000     0.00000     0.00000     0.00000     0.00000     0.00000     0.00000     0.00000
     8.78696     0.00000     0.00000     0.00000     0.00000     0.00000     0.00000     0.00000     0.00000     0.00000     0.00000
     8.82296     0.00000     0.00000     0.00000     0.00000     0.00000     0.00000     0.00000     0.00000     0.00000     0.00000
     8.85796     0.00000     0.00000     0.00000     0.00000     0.00000     0.00000     0.00000     0.00000     0.00000     0.00000
     8.89396     0.00000     0.00000     0.00000     0.00000     0.00000     0.00000     0.00000     0.00000     0.00000     0.00000
     8.92896     0.00000     0.00000     0.00000     0.00000     0.00000     0.00000     0.00000     0.00000     0.00000     0.00000
     8.96496     0.00000     0.00000     0.00000     0.00000     0.00000     0.00000     0.00000     0.00000     0.00000     0.00000
     8.99996     0.00000     0.00000     0.00000     0.00000     0.00000     0.00000     0.00000     0.00000     0.00000     0.00000
     9.03496     0.00000     0.00000     0.00000     0.00000     0.00000     0.00000     0.00000     0.00000     0.00000     0.00000
     9.07096     0.00000     0.00000     0.00000     0.00000     0.00000     0.00000     0.00000     0.00000     0.00000     0.00000
     9.10596     0.00000     0.00000     0.00000     0.00000     0.00000     0.00000     0.00000     0.00000     0.00000     0.00000
     9.14196     0.00000     0.00000     0.00000     0.00000     0.00000     0.00000     0.00000     0.00000     0.00000     0.00000
     9.17696     0.00000     0.00000     0.00000     0.00000     0.00000     0.00000     0.00000     0.00000     0.00000     0.00000
     9.21296     0.00000     0.00000     0.00000     0.00000     0.00000     0.00000     0.00000     0.00000     0.00000     0.00000
     9.24796     0.00000     0.00000     0.00000     0.00000     0.00000     0.00000     0.00000     0.00000     0.00000     0.00000
     9.28396     0.00000     0.00000     0.00000     0.00000     0.00000     0.00000     0.00000     0.00000     0.00000     0.00000
     9.31896     0.00000     0.00000     0.00000     0.00000     0.00000     0.00000     0.00000     0.00000     0.00000     0.00000
     9.35396     0.00000     0.00000     0.00000     0.00000     0.00000     0.00000     0.00000     0.00000     0.00000     0.00000
     9.38996     0.00000     0.00000     0.00000     0.00000     0.00000     0.00000     0.00000     0.00000     0.00000     0.00000
     9.42496     0.00000     0.00000     0.00000     0.00000     0.00000     0.00000     0.00000     0.00000     0.00000     0.00000
     9.46096     0.00000     0.00000     0.00000     0.00000     0.00000     0.00000     0.00000     0.00000     0.00000     0.00000
     9.49596     0.00000     0.00000     0.00000     0.00000     0.00000     0.00000     0.00000     0.00000     0.00000     0.00000
     9.53196     0.00000     0.00000     0.00000     0.00000     0.00000     0.00000     0.00000     0.00000     0.00000     0.00000
     9.56696     0.00000     0.00000     0.00000     0.00000     0.00000     0.00000     0.00000     0.00000     0.00000     0.00000
     9.60296     0.00000     0.00000     0.00000     0.00000     0.00000     0.00000     0.00000     0.00000     0.00000     0.00000
     9.63796     0.00000     0.00000     0.00000     0.00000     0.00000     0.00000     0.00000     0.00000     0.00000     0.00000
     9.67296     0.00000     0.00000     0.00000     0.00000     0.00000     0.00000     0.00000     0.00000     0.00000     0.00000
     9.70896     0.00000     0.00000     0.00000     0.00000     0.00000     0.00000     0.00000     0.00000     0.00000     0.00000
     9.74396     0.00000     0.00000     0.00000     0.00000     0.00000     0.00000     0.00000     0.00000     0.00000     0.00000
     9.77996     0.00000     0.00000     0.00000     0.00000     0.00000     0.00000     0.00000     0.00000     0.00000     0.00000
     9.81496     0.00000     0.00000     0.00000     0.00000     0.00000     0.00000     0.00000     0.00000     0.00000     0.00000
     9.85096     0.00000     0.00000     0.00000     0.00000     0.00000     0.00000     0.00000     0.00000     0.00000     0.00000
     9.88596     0.00000     0.00000     0.00000     0.00000     0.00000     0.00000     0.00000     0.00000     0.00000     0.00000
     9.92096     0.00000     0.00000     0.00000     0.00000     0.00000     0.00000     0.00000     0.00000     0.00000     0.00000
     9.95696     0.00000     0.00000     0.00000     0.00000     0.00000     0.00000     0.00000     0.00000     0.00000     0.00000
     9.99196     0.00000     0.00000     0.00000     0.00000     0.00000     0.00000     0.00000     0.00000     0.00000     0.00000
    10.02796     0.00000     0.00000     0.00000     0.00000     0.00000     0.00000     0.00000     0.00000     0.00000     0.00000
    10.06296     0.00000     0.00000     0.00000     0.00000     0.00000     0.00000     0.00000     0.00000     0.00000     0.00000
    10.09896     0.00000     0.00000     0.00000     0.00000     0.00000     0.00000     0.00000     0.00000     0.00000     0.00000
    10.13396     0.00000     0.00000     0.00000     0.00000     0.00000     0.00000     0.00000     0.00000     0.00000     0.00000
    10.16996     0.00000     0.00000     0.00000     0.00000     0.00000     0.00000     0.00000     0.00000     0.00000     0.00000
    10.20496     0.00000     0.00000     0.00000     0.00000     0.00000     0.00000     0.00000     0.00000     0.00000     0.00000
    10.23996     0.00000     0.00000     0.00000     0.00000     0.00000     0.00000     0.00000     0.00000     0.00000     0.00000
    10.27596     0.00000     0.00000     0.00000     0.00000     0.00000     0.00000     0.00000     0.00000     0.00000     0.00000
    10.31096     0.00000     0.00000     0.00000     0.00000     0.00000     0.00000     0.00000     0.00000     0.00000     0.00000
    10.34696     0.00000     0.00000     0.00000     0.00000     0.00000     0.00000     0.00000     0.00000     0.00000     0.00000
    10.38196     0.00000     0.00000     0.00000     0.00000     0.00000     0.00000     0.00000     0.00000     0.00000     0.00000
    10.41796     0.00000     0.00000     0.00000     0.00000     0.00000     0.00000     0.00000     0.00000     0.00000     0.00000
    10.45296     0.00000     0.00000     0.00000     0.00000     0.00000     0.00000     0.00000     0.00000     0.00000     0.00000
    10.48896     0.00000     0.00000     0.00000     0.00000     0.00000     0.00000     0.00000     0.00000     0.00000     0.00000
    10.52396     0.00000     0.00000     0.00000     0.00000     0.00000     0.00000     0.00000     0.00000     0.00000     0.00000
    10.55896     0.00000     0.00000     0.00000     0.00000     0.00000     0.00000     0.00000     0.00000     0.00000     0.00000
    10.59496     0.00000     0.00000     0.00000     0.00000     0.00000     0.00000     0.00000     0.00000     0.00000     0.00000
